master_record_number,agency,agency_tracking_number,county,city,collision_date,vehicles_involved,number_injured,number_dead,latitude,longitude,roadway_name,roadway_suffix,roadway_number,roadway_local_id,distance_from_reference,miles-feet_indicator,direction_from_reference,intersection_road_name,intersection_road_name_suffix,intersection_road_number,intersection_local_id,mile_marker,intersection_indicator,intersect_type,interchange_related_indicator,relation_to_junction,work_zone_type,construction_maintenance_zone,construction_maintenance_zone_location,fatal_case_number,officer_first_name,officer_last_name,weather_condition(s),manner_of_crash,pedestrian,bicycle,scooter,parking,hitrun,mou
101156272,METROPOLITAN NASHVILLE POLICE DEPT,20160304525,Davidson,Nashville,4/2/2016 4:09:00 PM,1,0,0,36.056940,-86.700010,TUSCULUM RD,,,,0.00,Feet,West,COLEMONT DR,,,,0.00,N,Not at Intersection, ,,None,,,         ,Richard,Olive,,,no,no,no,no,no,False
101156274,METROPOLITAN NASHVILLE POLICE DEPT,20160302263,Davidson,Not in City Limit,4/1/2016 7:00:00 PM,2,0,0,36.260360,-86.712860,HICKORY ST,,,,0.00,,,US HWY 31E,,,,0.00,Y,T-Intersection,N,Non-Junction,None,,,         ,William,Crowe,Clear,Angle,no,no,no,no,no,False
101156275,BELLE MEADE POLICE DEPT,16-0073,Davidson,Belle Meade,4/2/2016 3:50:00 PM,2,0,0,36.114990,-86.861250,HARDING PKE,,,,0.00,,,DAVIDSON RD,,,,0.00,Y,T-Intersection, ,Intersection,None,,,         ,Keith,Samol,Clear,Front to Rear,no,no,no,no,no,False
101156278,METROPOLITAN NASHVILLE POLICE DEPT,20160304553,Davidson,Nashville,4/2/2016 3:30:00 PM,2,0,0,36.046970,-86.680070,BELL RD,,,,0.00,,,BRENTRIDGE CIR,,,,0.00,Y,T-Intersection, ,Intersection-Related,None,,,         ,Jarred,Ruhlman,Clear,"Sideswipe, Same Direction",no,no,no,no,no,False
101156281,METROPOLITAN NASHVILLE POLICE DEPT,20160304549,Davidson,Nashville,4/2/2016 3:42:00 PM,2,1,0,36.229380,-86.759280,BROADMOOR DR,,,,0.00,Feet,,DICKERSON PKE,,,,0.00,Y,Four-Way,Y,Intersection-Related,None,,,         ,Terence,Maahs,Clear,Angle,no,no,no,no,no,False
101156282,GOODLETTSVILLE POLICE DEPT,16-12054,Davidson,Goodlettsville,4/2/2016 4:00:00 PM,1,0,0,36.311566,-86.682944,VIETNAM VETERANS BLVD.,,SR386,,1500.00,Feet,East,,,SR,,1.08,N,Not at Intersection,N,Non-Junction,None,,,         ,John,Spencer,Clear,Not Collision with Motor Vehicle in Transport,no,no,no,no,no,False
101156291,METROPOLITAN NASHVILLE POLICE DEPT,20160304667,Davidson,Nashville,4/2/2016 4:15:00 PM,1,1,0,36.174120,-86.719720,BARCLAY DR,,,,177.00,Feet,South,LAZENBY DR,,,,0.00,N,Not at Intersection,N,Non-Junction,None,,,         ,Nicholas,Diamond,Clear,Not Collision with Motor Vehicle in Transport,no,no,no,no,no,False
101156297,METROPOLITAN NASHVILLE POLICE DEPT,20160304625,Davidson,Not in City Limit,4/2/2016 4:23:00 PM,2,0,0,36.261270,-86.712540,MAPLE ST,,,,0.00,,,US HWY 31E,,,,0.00,Y,OTHER, ,Non-Junction,None,,,         ,William,Crowe,Clear,Angle,no,no,no,no,no,False
101156299,METROPOLITAN NASHVILLE POLICE DEPT,20160304678,Davidson,Nashville,4/2/2016 4:19:00 PM,2,0,0,36.082410,-86.711290,HARDING PL,,,,253.00,Feet,West,RICHBRIAR CIR,,,,0.00,N,Not at Intersection, ,Non-Junction,None,,,         ,Jarret,Sonnenberg,Clear,"Sideswipe, Same Direction",no,no,no,no,no,False
101156301,METROPOLITAN NASHVILLE POLICE DEPT,20160304767,Davidson,Not in City Limit,4/2/2016 5:30:00 PM,1,0,0,35.989810,-86.631960,BURKITT RD,,,,1699.00,Feet,West,BATTLE RD,,,,0.00,N,Not at Intersection,N,Non-Junction,None,,,         ,Jeffrey,Livingston,Clear,Not Collision with Motor Vehicle in Transport,no,no,no,no,no,False
101156321,METROPOLITAN NASHVILLE POLICE DEPT,20160304763,Davidson,Nashville,4/2/2016 5:30:00 PM,3,0,0,36.185580,-86.775210,I 24,,,,0.00,,,,,,,47.20,N,Not at Intersection, ,Non-Junction,None,,,         ,Christopher,Valdez,Clear,Front to Rear,no,no,no,no,no,False
101156326,METROPOLITAN NASHVILLE POLICE DEPT,20160304547,Davidson,Nashville,4/2/2016 3:47:00 PM,2,0,0,36.068930,-86.680400,RICHARDS RD,,,,169.00,Feet,West,DELIA DR,,,,0.00,N,Not at Intersection, ,,None,,,         ,Matthew,Johnson,,,no,no,no,no,no,False
101156333,METROPOLITAN NASHVILLE POLICE DEPT,20160302626,Davidson,Nashville,4/1/2016 7:00:00 PM,2,0,0,36.155650,-86.789720,14TH AVN,,,,0.00,,,BROADWAY,,,,0.00,Y,Four-Way, ,Intersection,None,,,         ,Maria,Cortez,Clear,Angle,no,no,no,no,no,False
101156346,Metro Park Police,2016-304565,Davidson,Nashville,4/2/2016 3:17:00 PM,2,0,0,36.074570,-86.750490,BRIARWOOD DR,,,,0.00,,,BLACKMAN RD,,,,0.00,Y,Four-Way,N,Non-Junction,None,,,         ,Brian,Thompson,Clear,Other,no,no,no,no,no,False
101156353,METROPOLITAN NASHVILLE POLICE DEPT,20160304886,Davidson,Nashville,4/2/2016 6:44:00 PM,2,0,0,36.168480,-86.666200,LEBANON PKE,,,,220.00,Feet,East,J B ESTILLE DR,,,,0.00,N,Not at Intersection,N,Non-Junction,None,,,         ,Bryan,Byrnes,Clear,Angle,no,no,no,no,no,False
101156363,METROPOLITAN NASHVILLE POLICE DEPT,20160304974,Davidson,Nashville,4/2/2016 7:25:00 PM,2,0,0,36.158290,-86.771890,HERMITAGE AV,,,,0.00,,,KOREAN VETERANS BLVD,,,,0.00,Y,Four-Way, ,Intersection,None,,,         ,Michael,Baron,Clear,Angle,no,no,no,no,yes,False
101156368,METROPOLITAN NASHVILLE POLICE DEPT,20160304921,Davidson,Nashville,4/2/2016 7:00:00 PM,2,0,0,36.149790,-86.780130,DIVISION ST,,,,280.00,Feet,West,8TH AVS,,,,0.00,N,Not at Intersection,N,Non-Junction,None,,,         ,Derek,Betty,Clear,"Sideswipe, Same Direction",no,no,no,no,no,False
101156371,METROPOLITAN NASHVILLE POLICE DEPT,20160305013,Davidson,Nashville,4/2/2016 7:35:00 PM,2,0,0,36.167330,-86.779230,JAMES ROBERTSON PKWY,,,,130.00,Feet,East,3RD AVN,,,,0.00,N,Not at Intersection, ,Non-Junction,None,,,         ,Wesley,Feinstein,Clear,Front to Rear,no,no,no,no,no,False
101156385,METROPOLITAN NASHVILLE POLICE DEPT,20160304963,Davidson,Nashville,4/2/2016 7:20:00 PM,3,1,0,36.134840,-86.887710,CHARLOTTE PKE,,,,116.00,Feet,East,W HILLWOOD DR,,,,0.00,N,Not at Intersection,N,Non-Junction,None,,,         ,John,Thomas,Clear,Front to Rear,no,no,no,no,no,False
101156391,METROPOLITAN NASHVILLE POLICE DEPT,20160304533,Davidson,Nashville,4/2/2016 3:20:00 PM,2,0,0,36.098890,-86.871890,HEADY DR,,,,0.00,,,HIGHWAY 100,,,,0.00,Y,Four-Way, ,,None,,,         ,Barrett,Teague,,,no,no,no,no,no,False
101156410,METROPOLITAN NASHVILLE POLICE DEPT,20160305038,Davidson,Nashville,4/2/2016 7:45:00 PM,2,1,0,36.080800,-86.726720,NOLENSVILLE PKE,,,,450.00,Feet,North,HARDING PL,,,,0.00,N,Not at Intersection,N,Non-Junction,None,,,         ,Jacob,Masteller,Clear,Angle,no,no,no,no,no,False
101156418,METROPOLITAN NASHVILLE POLICE DEPT,20160304815,Davidson,Nashville,4/2/2016 5:50:00 PM,1,0,0,36.136410,-86.727160,I 24,,,,0.00,,,,,,,51.25,N,Not at Intersection,Y,Entrance/Exit Ramp Related,None,,,         ,Brent,Hedgcoth,Clear,Not Collision with Motor Vehicle in Transport,no,no,no,no,no,False
101156422,METROPOLITAN NASHVILLE POLICE DEPT,20160305204,Davidson,Nashville,4/2/2016 8:17:00 PM,1,0,0,36.206850,-86.605630,HIGHLAND VIEW DR,,,,0.00,,,ANDREW JACKSON PKWY,,,,0.00,Y,Four-Way,N,Intersection-Related,None,,,         ,Dontaveous,Eubanks,Clear,Not Collision with Motor Vehicle in Transport,no,no,no,no,yes,False
101156429,METROPOLITAN NASHVILLE POLICE DEPT,20160304955,Davidson,Old Hickory,4/2/2016 7:17:00 PM,2,0,0,36.259780,-86.632130,LAKE HARBOR DR,,,,500.00,Feet,East,ELLISTON ST,,,,0.00,N,Not at Intersection,N,Non-Junction,None,,,         ,Tyler,Conrads,Clear,Angle,no,no,no,no,no,False
101156441,METROPOLITAN NASHVILLE POLICE DEPT,20160304915,Davidson,Nashville,4/2/2016 6:49:00 PM,2,0,0,36.159490,-86.614800,BELL RD,,,,1479.00,Feet,South,DODSON CHAPEL RD,,,,0.00,N,Not at Intersection,N,Non-Junction,None,,,         ,Reuben,Hewit,Clear,Front to Rear,no,no,no,no,yes,False
101156457,METROPOLITAN NASHVILLE POLICE DEPT,2016-0305107,Davidson,Nashville,4/2/2016 8:12:00 PM,1,0,0,36.069570,-86.860690,CHICKERING LN,,,,0.00,,,ST JAMES PL,,,,0.00,Y,T-Intersection,N,Intersection,None,,,         ,Ryan,Allen,Clear,Not Collision with Motor Vehicle in Transport,no,no,no,no,yes,False
101156460,METROPOLITAN NASHVILLE POLICE DEPT,20160305352,Davidson,Nashville,4/2/2016 9:42:00 PM,2,1,0,36.151670,-86.793690,DIVISION ST,,,,224.00,Feet,West,17TH AVS,,,,0.00,N,Not at Intersection,N,Non-Junction,None,,,         ,Clyde,Stambaugh,Clear,Front to Rear,no,no,no,no,yes,False
101156465,METROPOLITAN NASHVILLE POLICE DEPT,20160305205,Davidson,Nashville,4/2/2016 8:46:00 PM,2,0,0,36.183000,-86.774980,I 24,,,,0.00,,,,,,,47.40,N,Not at Intersection,N,Non-Junction,None,,,         ,Christopher,Templin,Clear,"Sideswipe, Same Direction",no,no,no,no,yes,False
101156470,METROPOLITAN NASHVILLE POLICE DEPT,20160304764,Davidson,Nashville,4/2/2016 5:35:00 PM,2,0,0,36.111220,-86.724770,EAST THOMPSON LN,,,,469.00,Feet,West,I24 E EXT RAMP,,,,0.00,N,Not at Intersection, ,Non-Junction,None,,,         ,Rickie,Corman,Clear,Front to Rear,no,no,no,no,no,False
101156480,METROPOLITAN NASHVILLE POLICE DEPT,20160305162,Davidson,Nashville,4/2/2016 8:20:00 PM,1,0,0,36.081660,-86.713650,HARDING PL,,,,0.00,,,WHISPERING OAKS PL,,,,0.00,Y,T-Intersection,N,Unknown,None,,,         ,Darryl,Williams,Clear,Unknown,no,no,no,no,yes,False
101156497,METROPOLITAN NASHVILLE POLICE DEPT,20160305482,Davidson,Not in City Limit,4/2/2016 10:40:00 PM,2,0,0,36.261360,-86.712490,GALLATIN PKES,,,,45.00,Feet,North,MAPLE ST,,,,0.00,N,Not at Intersection, ,Non-Junction,None,,,         ,Michael,Reid,Clear,"Sideswipe, Same Direction",no,no,no,no,no,False
101156500,METROPOLITAN NASHVILLE POLICE DEPT,20160305465,Davidson,Nashville,4/2/2016 12:00:00 AM,2,0,0,36.119480,-86.912710,I 40,,,,0.00,,,,,,,200.00,N,Not at Intersection, ,Non-Junction,None,,,         ,Jeffrey,Barfield,Clear,"Sideswipe, Same Direction",no,no,no,no,yes,False
101156507,METROPOLITAN NASHVILLE POLICE DEPT,20160305646,Davidson,Not in City Limit,4/3/2016 12:05:00 AM,1,0,0,36.273550,-86.796850,I 24,,,,0.00,,,,,,,40.80,N,Not at Intersection,N,Non-Junction,None,,,         ,Geoffrey,Daugherty,Clear,Not Collision with Motor Vehicle in Transport,no,no,no,no,yes,False
101156508,METROPOLITAN NASHVILLE POLICE DEPT,20160305599,Davidson,Nashville,4/2/2016 11:10:00 PM,2,0,0,36.025470,-86.713050,NOLENSVILLE PKE,,,,0.00,,,LENOX VILLAGE DR,,,,0.00,Y,Four-Way, ,Intersection-Related,None,,,         ,Marc,Haugen,Clear,Angle,no,no,no,no,no,False
101156510,METROPOLITAN NASHVILLE POLICE DEPT,20160305519,Davidson,Nashville,4/2/2016 11:11:00 PM,2,0,0,36.135550,-86.726730,I 24,,,,0.00,,,,,,,52.20,N,Not at Intersection, ,Non-Junction,None,,,         ,Sean,Wuethrich,Clear,Front to Rear,no,no,no,no,no,False
101156520,METROPOLITAN NASHVILLE POLICE DEPT,20160305774,Davidson,Nashville,4/3/2016 12:00:00 AM,1,0,0,36.070390,-86.693830,EZELL RD,,,,292.00,Feet,North,HAYWOOD LN,,,,0.00,N,Not at Intersection,N,Non-Junction,None,,,         ,Erik,Dabbs,Clear,Not Collision with Motor Vehicle in Transport,no,no,no,no,yes,False
101156527,METROPOLITAN NASHVILLE POLICE DEPT,20160305508,Davidson,Nashville,4/2/2016 11:11:00 PM,2,0,0,36.146430,-86.742390,I 40,,,,0.00,,,,,,,212.10,N,Not at Intersection,N,Non-Junction,None,,,         ,Leonard,Spadavecchia,Clear,Angle,no,no,no,no,no,False
101156529,METROPOLITAN NASHVILLE POLICE DEPT,20160305808,Davidson,Nashville,4/3/2016 1:05:00 AM,2,1,0,36.033120,-86.674630,BLUE HOLE RD,,,,0.00,,,OAK CHASE DR,,,,0.00,Y,T-Intersection,N,Intersection,None,,,         ,William,Coy,Clear,Front to Rear,no,no,no,no,yes,False
101156530,METROPOLITAN NASHVILLE POLICE DEPT,20160305440,Davidson,Nashville,4/2/2016 10:45:00 PM,2,2,0,36.146830,-86.743030,I 40,,,,0.00,,,,,,,212.10,N,Not at Intersection,N,Non-Junction,None,,,         ,Austin,Childress,Clear,Angle,no,no,no,no,no,False
101156534,METROPOLITAN NASHVILLE POLICE DEPT,20160303677,Davidson,Nashville,4/2/2016 5:16:00 AM,2,1,0,36.238180,-86.782430,STATE HWY 155,,,,201.00,Feet,West,-- UNKNOWN RAMP/ROAD --,,,,0.00,N,Not at Intersection,Y,Entrance/Exit Ramp Related,None,,,         ,Christina,Buckner,Clear,"Sideswipe, Same Direction",no,no,no,no,yes,False
101156539,METROPOLITAN NASHVILLE POLICE DEPT,20160305848,Davidson,Nashville,4/3/2016 1:40:00 AM,1,0,0,36.067200,-86.638980,RICE RD,,,,200.00,Feet,North,RICE HILL CIR,,,,0.00,N,Not at Intersection,N,Non-Junction,None,,,         ,Kyle,Arndt,Clear,Not Collision with Motor Vehicle in Transport,no,no,no,no,no,False
101156545,METROPOLITAN NASHVILLE POLICE DEPT,20160305663,Davidson,Nashville,4/3/2016 12:06:00 AM,2,0,0,36.182110,-86.774800,I 24,,,,0.00,,,,,,,47.45,N,Not at Intersection,N,Non-Junction,None,,,         ,Joshua,Lefler,Clear,Front to Rear,no,no,no,no,yes,False
101156550,GOODLETTSVILLE POLICE DEPT,16-12091,Davidson,Goodlettsville,4/2/2016 8:43:00 PM,3,5,0,36.303140,-86.701970,RIVERGATE PKWY,,,,49.00,Feet,North,WREN RD,,,,0.00,N,Not at Intersection,N,Non-Junction,None,,,         ,Carey,Birdine,Clear,Front to Rear,no,no,no,no,no,False
101156555,METROPOLITAN NASHVILLE POLICE DEPT,20160305469,Davidson,Nashville,4/2/2016 10:30:00 PM,2,0,0,36.144210,-86.738720,I 40,,,,0.00,,,,,,,212.40,N,Not at Intersection,N,Non-Junction,None,,,         ,Bridget,Griepentrog,Clear,"Sideswipe, Same Direction",no,no,no,no,yes,False
101156563,METROPOLITAN NASHVILLE POLICE DEPT,2016-0305948,Davidson,Nashville,4/3/2016 2:30:00 AM,2,1,0,36.046230,-86.735140,HUNTERS RDG,,,,257.00,Feet,North,VILLAGE TRC,,,,0.00,N,Not at Intersection,N,Non-Junction,None,,,         ,David,Barras,Clear,HeadOn,no,no,no,no,no,False
101156571,METROPOLITAN NASHVILLE POLICE DEPT,20160306013,Davidson,Nashville,4/3/2016 12:00:00 AM,2,0,0,36.173590,-86.602150,CENTRAL PKE,,,,0.00,,,OLD HICKORY BLVD,,,,0.00,Y,Four-Way,N,Intersection,None,,,         ,Blake,Giles,Clear,"Sideswipe, Opposite Direction",no,no,no,no,no,False
101156573,METROPOLITAN NASHVILLE POLICE DEPT,20160306015,Davidson,Nashville,4/3/2016 12:00:00 AM,1,0,0,36.200610,-86.824440,BUENA VISTA PKE,,,,571.00,Feet,East,EAST LN,,,,0.00,N,Not at Intersection,N,Non-Junction,None,,,         ,Charles,Duke,Clear,Not Collision with Motor Vehicle in Transport,no,no,no,no,no,False
101156576,METROPOLITAN NASHVILLE POLICE DEPT,20160305941,Davidson,Nashville,4/3/2016 2:30:00 AM,3,0,0,36.161220,-86.782070,7TH AVN,,,,200.00,Feet,North,COMMERCE ST,,,,0.00,N,Not at Intersection,N,Non-Junction,None,,,         ,John,Anderson,Clear,Front to Rear,no,no,no,yes,no,False
101156579,VANDERBILT UNIVERSITY POLICE,16-0305640,Davidson,Nashville,4/2/2016 11:41:00 PM,2,0,0,36.142670,-86.806560,HIGHLAND AV,,,,0.00,,,25TH AVS,,,,0.00,Y,Four-Way,N,Intersection,None,,,         ,Michael,Knupp,Clear,"Sideswipe, Same Direction",no,no,no,no,yes,Campus
101156581,METROPOLITAN NASHVILLE POLICE DEPT,20160303594,Davidson,Nashville,4/2/2016 4:09:00 AM,1,0,0,36.150150,-86.769110,MCCANN ST,,,,0.00,,,,,,,0.00,,,N,Non-Junction,None,,,         ,William,Coy,Clear,Not Collision with Motor Vehicle in Transport,no,no,no,yes,no,False
101156585,METROPOLITAN NASHVILLE POLICE DEPT,20160303485,Davidson,Nashville,4/2/2016 3:00:00 AM,2,0,0,36.081480,-86.699620,LINBAR DR.,,,,0.00,Feet,,LINBAR DR.,,,,0.00,Y,T-Intersection,N,Intersection-Related,None,,,         ,Sandra,Fly,Clear,"Sideswipe, Same Direction",no,no,no,no,no,False
101156588,METROPOLITAN NASHVILLE POLICE DEPT,20160306226,Davidson,Nashville,4/3/2016 5:38:00 AM,1,0,0,36.230980,-86.833110,CLARKSVILLE PKE,,,,155.00,Feet,North,CLARKSVILLE PKE SB EXT RAMP,,,,0.00,N,Not at Intersection, ,Non-Junction,None,,,         ,Charles,Duke,Clear,Not Collision with Motor Vehicle in Transport,no,no,no,no,no,False
101156595,METROPOLITAN NASHVILLE POLICE DEPT,20160304130,Davidson,Nashville,4/2/2016 11:00:00 AM,2,0,0,36.137860,-86.820640,WEST END AV,,,,0.00,,,I440 W EXT RAMP,,,,0.00,Y,T-Intersection, ,Intersection-Related,None,,,         ,Michael,Phelps,Clear,Angle,no,no,no,no,no,False
101156603,METROPOLITAN NASHVILLE POLICE DEPT,20160304403,Davidson,Nashville,4/2/2016 1:59:00 PM,2,0,0,36.132650,-86.727160,I 24,,,,0.00,,,,,,,52.00,N,Not at Intersection, ,Non-Junction,None,,,         ,David,Simmonds,Clear,Front to Rear,no,no,no,no,no,False
101156619,METROPOLITAN NASHVILLE POLICE DEPT,20160304271,Davidson,Nashville,4/2/2016 12:20:00 PM,2,0,0,0.000000,0.000000,ANDREW JACKSON PARKWAY,PKWY,SR1,ANDREW JACKSON PARKWAY,0.00,,,OLD LEBANON DIRT ROAD,RD,SR2,OLD LEBANON DIRT ROAD,0.00,Y,T-Intersection, ,Intersection,None,,,         ,William,Walls,Clear,Other,no,no,no,no,no,False
101156634,METROPOLITAN NASHVILLE POLICE DEPT,20160304405,Davidson,Nashville,4/2/2016 12:00:00 AM,3,0,0,36.165390,-86.776000,GAY ST,,,,0.00,,,,,,,0.00,,, ,Non-Junction,None,,,         ,Christian,Martin,Clear,"Sideswipe, Opposite Direction",no,no,no,no,no,False
101156637,METROPOLITAN NASHVILLE POLICE DEPT,20160306390,Davidson,Nashville,4/2/2016 12:00:00 AM,1,0,0,36.122050,-86.810600,SHARONDALE CT,,,,176.00,Feet,North,SHARONDALE DR,,,,0.00,N,Not at Intersection, ,,None,,,         ,Michael,Pyle,,,no,no,no,no,no,False
101156646,METROPOLITAN NASHVILLE POLICE DEPT,20160306372,Davidson,Nashville,4/2/2016 11:35:00 PM,2,0,0,36.167720,-86.820730,28TH AVN,,,,27.00,Feet,South,JEFFERSON ST,,,,0.00,N,Not at Intersection, ,Non-Junction,None,,,         ,Steven,Rowlett,Unknown,"Sideswipe, Same Direction",no,no,no,no,no,False
101156648,METROPOLITAN NASHVILLE POLICE DEPT,20160304385,Davidson,Nashville,4/2/2016 1:46:00 PM,1,1,0,36.083820,-86.650140,UNA ANTIOCH PKE,,,,375.00,Feet,South,VANGUARD PL,,,,0.00,N,Not at Intersection,N,Non-Junction,None,,,         ,Steven,Rowlett,Clear,Not Collision with Motor Vehicle in Transport,no,no,no,no,no,False
101156661,METROPOLITAN NASHVILLE POLICE DEPT,20160306493,Davidson,Nashville,4/3/2016 9:00:00 AM,2,0,0,36.195310,-86.776150,I 65,,,,0.00,,,,,,,86.55,N,Not at Intersection, ,Non-Junction,None,,,         ,Brandon,Evans,Clear,"Sideswipe, Same Direction",no,no,no,no,yes,False
101156668,METROPOLITAN NASHVILLE POLICE DEPT,20160306519,Davidson,Old Hickory,4/3/2016 12:00:00 AM,1,0,0,36.245052,-86.636049,OLD HICKORY BLVD,BLVD,SR1,,200.00,Feet,East,,,,,320.90,N,Not at Intersection, ,"Driveway, Alley Access, etc",None,,,         ,William,Mckay,Unknown,Not Collision with Motor Vehicle in Transport,no,no,no,no,yes,False
101156670,METROPOLITAN NASHVILLE POLICE DEPT,20160306366,Davidson,Nashville,4/3/2016 7:57:00 AM,1,1,0,36.056450,-86.666340,MT VIEW RD,,,,1460.00,Feet,East,HICKORY HOLLOW PKWY,,,,0.00,N,Not at Intersection,N,Non-Junction,None,,,         ,Paul,Ellis,Clear,Not Collision with Motor Vehicle in Transport,no,no,no,no,no,False
101156675,METROPOLITAN NASHVILLE POLICE DEPT,2016-0306454,Davidson,Nashville,4/3/2016 8:55:00 AM,2,0,0,36.140740,-86.793640,HORTON AV,,,,0.00,,,16TH AVS,,,,0.00,Y,OTHER, ,Intersection,None,,,         ,Emily,Davies,Clear,Angle,no,no,no,no,no,False
101156677,METROPOLITAN NASHVILLE POLICE DEPT,20160306514,Davidson,Nashville,4/3/2016 9:40:00 AM,2,0,0,36.207040,-86.782600,W TRINITY LN,,,,500.00,Feet,East,MONTICELLO DR,,,,0.00,N,Not at Intersection,N,Non-Junction,None,,,         ,Garren,Hoskins,Clear,Front to Rear,no,no,no,no,yes,False
101156680,METROPOLITAN NASHVILLE POLICE DEPT,20160300418,Davidson,Nashville,4/1/2016 7:30:00 AM,2,0,0,36.135080,-86.724100,MURFREESBORO PKE,,,,381.00,Feet,East,I24 W EXT RAMP,,,,0.00,N,Not at Intersection,N,Non-Junction,None,,,         ,Terry,Denton,Clear,Front to Rear,no,no,no,no,yes,False
101156683,METROPOLITAN NASHVILLE POLICE DEPT,16-0306489,Davidson,Nashville,4/3/2016 9:00:00 AM,2,0,0,36.194800,-86.776160,I 65,,,,0.00,,,,,,,86.50,N,Not at Intersection,Y,Entrance/Exit Ramp Related,None,,,         ,Frank,Campbell,Clear,"Sideswipe, Same Direction",no,no,no,no,yes,False
101156685,METROPOLITAN NASHVILLE POLICE DEPT,20160306609,Davidson,Not in City Limit,4/3/2016 10:15:00 AM,1,0,0,36.217330,-86.963330,ASHLAND CITY HWY,,,,0.64,Miles,East,LIBBLE RD,,,,0.00,N,Not at Intersection, ,Non-Junction,None,,,         ,Brandon,Evans,Clear,Not Collision with Motor Vehicle in Transport,no,no,no,no,no,False
101156694,METROPOLITAN NASHVILLE POLICE DEPT,2016306581,Davidson,Nashville,4/3/2016 10:18:00 AM,2,0,0,36.150900,-86.770640,4TH AVS,,,,0.00,,,I40 W EXT RAMP,,,,0.00,Y,OTHER, ,Entrance/Exit Ramp Related,None,,,         ,Shedie,Herbert III,Clear,HeadOn,no,no,no,no,no,False
101156695,METROPOLITAN NASHVILLE POLICE DEPT,20160306621,Davidson,Nashville,4/3/2016 10:42:00 AM,2,0,0,36.152810,-86.861230,MAXON AV,,,,0.00,,,SNYDER AV,,,,0.00,Y,Four-Way,Y,Intersection,None,,,         ,Michael,Phelps,Clear,Angle,no,no,no,no,no,False
101156697,METROPOLITAN NASHVILLE POLICE DEPT,20160306682,Davidson,Nashville,4/3/2016 12:00:00 AM,2,0,0,36.087740,-86.607190,SMITH SPRINGS RD,,,,0.00,,,ANDERSON RD,,,,0.00,Y,Four-Way, ,Non-Junction,None,,,         ,Steven,Williams,Clear,Angle,no,no,no,no,yes,False
101156716,GOODLETTSVILLE POLICE DEPT,16-12130,Davidson,Goodlettsville,4/3/2016 6:50:00 AM,1,0,0,0.000000,0.000000,DICKERSON RD.,,US31/41,,400.00,Feet,East,LONG HOLLOW PK,,SR174,,0.00,N,Not at Intersection,N,"Driveway, Alley Access, etc",None,,,         ,John,Spencer,Clear,Not Collision with Motor Vehicle in Transport,no,no,no,yes,no,False
101156728,METROPOLITAN NASHVILLE POLICE DEPT,20160306629,Davidson,Nashville,4/3/2016 10:50:00 AM,2,1,0,36.040570,-86.782010,I65 N EXT RAMP,,,,0.00,Feet,East,I 65,,,,0.00,N,Not at Intersection,Y,Entrance/Exit Ramp Related,None,,,         ,Brent,Bauer,Clear,Front to Rear,no,no,no,no,no,False
101156732,METROPOLITAN NASHVILLE POLICE DEPT,20160306729,Davidson,Nashville,4/3/2016 11:50:00 AM,2,0,0,36.134440,-86.825640,WEST END AV,,,,115.00,Feet,West,BOWLING AV,,,,0.00,N,Not at Intersection, ,Non-Junction,None,,,         ,Michael,Pyle,Clear,Front to Rear,no,no,no,no,no,False
101156756,METROPOLITAN NASHVILLE POLICE DEPT,20160306553,Davidson,Not in City Limit,4/3/2016 9:43:00 AM,1,0,0,36.265690,-86.830890,OLD HICKORY BLVD,,,,0.00,,,WHITES CREEK PKE,,,,0.00,Y,OTHER,N,Non-Junction,None,,,         ,James,Wray,Clear,Not Collision with Motor Vehicle in Transport,no,no,no,no,no,False
101156759,METROPOLITAN NASHVILLE POLICE DEPT,20160305372,Davidson,Nashville,4/2/2016 9:47:00 PM,1,1,0,36.068320,-86.712540,HAYWOOD LN,,,,158.00,Feet,West,HOLLIS HILL DR,,,,0.00,N,Not at Intersection,N,Non-Junction,None,,,         ,Jeffrey,Livingston,Clear,Not Collision with Motor Vehicle in Transport,no,no,no,no,no,False
101156770,METROPOLITAN NASHVILLE POLICE DEPT,20160306453,Davidson,Nashville,4/3/2016 12:00:00 AM,2,0,0,36.176910,-86.774580,SPRING ST,,,,0.00,,,N 1ST ST,,,,0.00,Y,Four-Way, ,Intersection-Related,None,,,         ,Daniel,Russett,Clear,Front to Rear,no,no,no,no,no,False
101156772,METROPOLITAN NASHVILLE POLICE DEPT,20160304398,Davidson,Nashville,4/2/2016 2:00:00 PM,2,1,0,36.170670,-86.767320,I24 W ENT RAMP,,,,0.00,Feet,East,I 24,,,,0.00,N,Not at Intersection,N,Non-Junction,None,,,         ,Jeremy,Stricklin,Clear,Front to Rear,no,no,no,no,no,False
101156777,METROPOLITAN NASHVILLE POLICE DEPT,20160306593,Davidson,Nashville,4/3/2016 12:00:00 AM,1,0,0,36.163040,-86.782080,6TH AVN,,,,0.00,,,,,,,0.00,,Not at Intersection, ,Non-Junction,None,,,         ,Daniel,Russett,Unknown,Unknown,no,no,no,yes,no,False
101156778,METROPOLITAN NASHVILLE POLICE DEPT,20160306856,Davidson,Nashville,4/3/2016 1:30:00 PM,2,0,0,36.116530,-86.836800,WOODMONT BLVD,,,,90.00,Feet,West,ESTES RD,,,,0.00,N,Not at Intersection, ,Non-Junction,None,,,         ,Michael,Phelps,Clear,Front to Rear,no,no,no,no,no,False