master_record_number,agency,agency_tracking_number,county,city,collision_date,vehicles_involved,number_injured,number_dead,latitude,longitude,roadway_name,roadway_suffix,roadway_number,roadway_local_id,distance_from_reference,miles-feet_indicator,direction_from_reference,intersection_road_name,intersection_road_name_suffix,intersection_road_number,intersection_local_id,mile_marker,intersection_indicator,intersect_type,interchange_related_indicator,relation_to_junction,work_zone_type,construction_maintenance_zone,construction_maintenance_zone_location,fatal_case_number,officer_first_name,officer_last_name,weather_condition(s),manner_of_crash,pedestrian,bicycle,scooter,parking,hitrun,mou
101160579,METROPOLITAN NASHVILLE POLICE DEPT,20160325652,Davidson,Nashville,4/9/2016 2:00:00 AM,1,0,0,36.195370,-86.772560,FERN AV,,,,233.00,Feet,East,ELMHURST AV,,,,0.00,N,Not at Intersection,N,Unknown,None,,,         ,Harris,Smith,Clear,Not Collision with Motor Vehicle in Transport,no,no,no,yes,no,False
101160581,METROPOLITAN NASHVILLE POLICE DEPT,20160325820,Davidson,Nashville,4/9/2016 3:55:00 AM,2,0,0,36.093880,-86.624860,HARBOR LIGHTS DR,,,,0.00,,,BELL RD,,,,0.00,Y,T-Intersection,N,Intersection,None,,,         ,Bridget,Griepentrog,Clear,Front to Rear,no,no,no,no,no,False
101160584,METROPOLITAN NASHVILLE POLICE DEPT,2016-0325312,Davidson,Nashville,4/8/2016 11:16:00 PM,2,0,0,36.161000,-86.777250,BROADWAY,,,,0.00,,,4TH AVN,,,,0.00,Y,Four-Way, ,Intersection,None,,,         ,Andrew,Maholland,Clear,"Sideswipe, Same Direction",no,no,no,no,no,False
101160585,METROPOLITAN NASHVILLE POLICE DEPT,20160325650,Davidson,Nashville,4/9/2016 1:39:00 AM,1,0,0,36.038060,-86.644020,CROSSINGS BLVD,,,,277.00,Feet,West,CROSSINGS CIR,,,,0.00,N,Not at Intersection,N,Non-Junction,None,,,         ,David,Moser,Clear,Not Collision with Motor Vehicle in Transport,no,no,no,no,no,False
101160590,METROPOLITAN NASHVILLE POLICE DEPT,20160325253,Davidson,Nashville,4/8/2016 10:35:00 PM,1,0,0,36.142370,-86.765270,HOUSTON ST,,,,70.00,Feet,West,4TH AVS,,,,0.00,N,Not at Intersection,N,Non-Junction,None,,,         ,Marc,Haugen,Clear,Not Collision with Motor Vehicle in Transport,no,no,no,no,no,False
101160601,METROPOLITAN NASHVILLE POLICE DEPT,20160325538,Davidson,Nashville,4/9/2016 12:00:00 AM,1,0,0,36.172890,-86.698550,BARKER RD,,,,101.00,Feet,North,AMHERST DR,,,,0.00,N,Not at Intersection,N,Non-Junction,None,,,         ,Leonard,Spadavecchia,Clear,Not Collision with Motor Vehicle in Transport,no,no,no,yes,yes,False
101160608,METROPOLITAN NASHVILLE POLICE DEPT,2016-0316577,Davidson,Goodlettsville,4/6/2016 1:04:00 PM,2,0,0,36.296280,-86.698690,MYATT DR,,,,127.00,Feet,North,RIVERGATE STATION PVTDR,,,,0.00,N,Not at Intersection, ,Non-Junction,None,,,         ,Michael,Agee,Rain,Angle,no,no,no,no,no,False
101160622,METROPOLITAN NASHVILLE POLICE DEPT,20160325252,Davidson,Nashville,4/8/2016 10:35:00 PM,2,5,0,36.247220,-86.744020,I65 S EXT RAMP,,,,0.00,Feet,East,I 65,,,,0.00,N,Not at Intersection,N,Non-Junction,None,,,         ,Devon,Morgan,Clear,Front to Rear,no,no,no,no,no,False
101160633,METROPOLITAN NASHVILLE POLICE DEPT,2016-0323732,Davidson,Nashville,4/8/2016 2:10:00 PM,2,0,0,36.163860,-86.762710,I 24,,,,0.00,,,,,,,49.20,N,Not at Intersection,N,Non-Junction,None,,,         ,Daniel,Massey,Clear,Front to Rear,no,no,no,no,no,False
101160648,METROPOLITAN NASHVILLE POLICE DEPT,20160326144,Davidson,Nashville,4/9/2016 7:37:00 AM,2,0,0,36.061000,-86.624320,MURFREESBORO PKE,,,,1849.00,Feet,South,HAMILTON CHURCH RD,,,,0.00,N,Not at Intersection,N,Non-Junction,None,,,         ,Robert,Erickson,Clear,"Sideswipe, Same Direction",no,no,no,no,yes,False
101160650,METROPOLITAN NASHVILLE POLICE DEPT,16-0326190,Davidson,Nashville,4/9/2016 8:29:00 AM,2,0,0,36.161200,-86.792680,CHARLOTTE AV,,,,0.00,,,GEORGE L DAVIS BLVD,,,,0.00,Y,Four-Way, ,Intersection,None,,,         ,Frank,Campbell,Clear,Angle,no,no,no,no,no,False
101160655,METROPOLITAN NASHVILLE POLICE DEPT,20160326150,Davidson,Not in City Limit,4/9/2016 12:00:00 AM,1,0,0,36.284050,-86.701060,AURORA AV,,,,59.00,Feet,West,GLOBE PL,,,,0.00,N,Not at Intersection,N,Non-Junction,None,,,         ,Joshua,Borum,Clear,Not Collision with Motor Vehicle in Transport,no,no,no,no,yes,False
101160668,METROPOLITAN NASHVILLE POLICE DEPT,20160312061,Davidson,Nashville,4/5/2016 7:30:00 AM,3,0,0,36.187180,-86.756890,ELLINGTON PKWYS,,,,242.00,Feet,East,APEX ST,,,,0.00,N,Not at Intersection,N,Non-Junction,None,,,         ,Steven,Spillers,Clear,Front to Rear,no,no,no,no,no,False
101160687,METROPOLITAN NASHVILLE POLICE DEPT,20160326437,Davidson,Nashville,4/9/2016 10:15:00 AM,2,0,0,36.072849,-86.607055,NEW TOWN CT,CT,,,100.00,Feet,West,NEW TOWN RD,RD,SR,,0.00,N,Not at Intersection, ,Non-Junction,None,,,         ,Steven,Williams,Clear,Angle,no,no,no,no,yes,False
101160694,METROPOLITAN NASHVILLE POLICE DEPT,20160326308,Davidson,Nashville,4/9/2016 9:15:00 AM,1,2,0,36.135860,-86.727520,I24 E EXT RAMP,,,,0.00,Feet,East,I 24,,,,0.00,N,Not at Intersection,N,Entrance/Exit Ramp Related,None,,,         ,James,Thomas,Clear,Not Collision with Motor Vehicle in Transport,no,no,no,no,no,False
101160697,METROPOLITAN NASHVILLE POLICE DEPT,20160326451,Davidson,Nashville,4/9/2016 10:57:00 AM,2,1,0,36.153460,-86.850520,I 40,,,,0.00,,,,,,,204.40,N,Not at Intersection,N,Non-Junction,None,,,         ,Gregory,McDaniel,Clear,Front to Rear,no,no,no,no,yes,False
101160713,METROPOLITAN NASHVILLE POLICE DEPT,2016-0326540,Davidson,Not in City Limit,4/9/2016 11:36:00 AM,2,0,0,36.079920,-86.954110,HIGHWAY 70S,,,,217.00,Feet,West,COLEY DAVIS RD,,,,0.00,N,Not at Intersection, ,Non-Junction,None,,,         ,Douglas,Atwood,Clear,Angle,no,no,no,no,no,False
101160717,METROPOLITAN NASHVILLE POLICE DEPT,20160326507,Davidson,Nashville,4/9/2016 11:25:00 AM,2,0,0,36.153920,-86.857610,BRILEY PKWY S EXT RAMP,,,,0.00,,,ROBERTSON AV,,,,0.00,Y,Four-Way, ,,None,,,         ,Michael,Phelps,,,no,no,no,no,no,False
101160721,METROPOLITAN NASHVILLE POLICE DEPT,16-0326534,Davidson,Nashville,4/9/2016 12:00:00 AM,1,0,0,36.164650,-86.786600,ROSA L PARKS BLVD,,,,250.00,Feet,North,CHARLOTTE AV,,,,0.00,N,Not at Intersection,N,OtherLocation,None,,,         ,Frank,Campbell,Clear,Not Collision with Motor Vehicle in Transport,no,no,no,no,yes,False
101160733,METROPOLITAN NASHVILLE POLICE DEPT,20160326536,Davidson,Nashville,4/9/2016 11:50:00 AM,2,0,0,36.171360,-86.790170,LOCKLAYER ST,,,,0.00,,,ROSA L PARKS BLVD,,,,0.00,Y,Y-Intersection, ,Non-Junction,Work Zone,,,         ,Chase,Burnett,Clear,Front to Rear,no,no,no,no,no,False
101160743,METROPOLITAN NASHVILLE POLICE DEPT,20160326603,Davidson,Goodlettsville,4/9/2016 12:38:00 PM,3,0,0,36.302750,-86.691850,GALLATIN PKEN,,,,0.00,,,CONFERENCE DR,,,,0.00,Y,Four-Way, ,,None,,,         ,Joshua,Borum,,,no,no,no,no,no,False
101160744,METROPOLITAN NASHVILLE POLICE DEPT,20160326485,Davidson,Nashville,4/9/2016 11:23:00 AM,2,0,0,36.147300,-86.757920,LAFAYETTE ST,,,,0.00,,,,,,,0.00,,, ,OtherLocation,None,,,         ,Ralph,Harvey,Clear,Angle,no,no,no,yes,no,False
101160745,METROPOLITAN NASHVILLE POLICE DEPT,20160326567,Davidson,Nashville,4/9/2016 12:00:00 PM,3,2,0,0.000000,0.000000,ROBINSON,RD,SR1241,,0.00,,,MARTINGALE,DR,SR,,0.00,Y,Four-Way,N,Intersection-Related,None,,,         ,Gregory,Lindstrom,Clear,Front to Rear,no,no,no,no,no,False
101160752,METROPOLITAN NASHVILLE POLICE DEPT,20160326429,Davidson,Nashville,4/9/2016 12:30:00 AM,2,0,0,36.202320,-86.763960,EDITH AV,,,,676.00,Feet,East,MERIDIAN ST,,,,0.00,N,Not at Intersection,N,Non-Junction,None,,,         ,Jared,Eaves,Clear,Unknown,no,no,no,no,yes,False
101160762,METROPOLITAN NASHVILLE POLICE DEPT,2016-0326638,Davidson,Nashville,4/9/2016 1:00:00 PM,2,0,0,36.127330,-86.629590,BELL RD,,,,52.00,Feet,South,PRIEST WOODS DR,,,,0.00,N,Not at Intersection, ,Non-Junction,None,,,         ,Scott,Toney,Clear,Front to Rear,no,no,no,no,no,False
101160774,METROPOLITAN NASHVILLE POLICE DEPT,20160326625,Davidson,Nashville,4/9/2016 12:57:00 PM,2,0,0,36.045600,-86.658470,BELL RD,,,,0.00,,,I24 W ENT RAMP,,,,0.00,Y,Four-Way, ,Intersection-Related,None,,,         ,Stephen,Soule,Clear,Front to Rear,no,no,no,no,no,False
101160776,METROPOLITAN NASHVILLE POLICE DEPT,20160326653,Davidson,Not in City Limit,4/9/2016 1:45:00 PM,2,0,0,36.079880,-86.959040,I 40,,,,0.00,,,,,,,196.20,N,Not at Intersection,N,Non-Junction,None,,,         ,Wesley,Tilley,Clear,Not Collision with Motor Vehicle in Transport,no,no,no,no,yes,False
101160781,METROPOLITAN NASHVILLE POLICE DEPT,20160326675,Davidson,Nashville,4/9/2016 1:25:00 PM,1,0,0,0.000000,0.000000,MT. VIEW RD,RD,US1,,50.00,Feet,East,HUNTINGTON BORROW TRAIL,TRL,SR,,0.00,N,Not at Intersection, ,Non-Junction,None,,,         ,Steven,Williams,Clear,Not Collision with Motor Vehicle in Transport,no,no,no,no,no,False
101160796,VANDERBILT UNIVERSITY POLICE,16-0326610,Davidson,Nashville,4/9/2016 12:28:00 PM,2,0,0,36.108390,-86.764330,POWELL AV,,,,0.00,,,,,,,0.00,,,N,Non-Junction,None,,,         ,Fred,Oakley,Clear,Rear to Rear,no,no,no,yes,no,OHO
101160813,METROPOLITAN NASHVILLE POLICE DEPT,20160323897,Davidson,Nashville,4/8/2016 3:20:00 PM,2,0,0,36.143860,-86.738110,I 40,,,,0.00,,,,,,,212.60,N,Not at Intersection,N,Non-Junction,None,,,         ,Brent,Hedgcoth,Clear,Front to Rear,no,no,no,no,no,False
101160814,METROPOLITAN NASHVILLE POLICE DEPT,20160324920,Davidson,Nashville,4/8/2016 7:10:00 PM,2,0,0,36.156730,-86.707710,LEBANON PKE,,,,0.00,,,,,,,0.00,,,N,Non-Junction,None,,,         ,Brent,Hedgcoth,Clear,Angle,no,no,no,yes,yes,False
101160820,METROPOLITAN NASHVILLE POLICE DEPT,20160326766,Davidson,Nashville,4/9/2016 2:49:00 PM,2,0,0,36.126700,-86.711090,MURFREESBORO PKE,,,,0.00,,,THOMPSON PL,,,,0.00,Y,Four-Way,N,Intersection,None,,,         ,Jaby,Djabbarov,Clear,Front to Rear,no,no,no,no,yes,False
101160842,METROPOLITAN NASHVILLE POLICE DEPT,20160326776,Davidson,Nashville,4/9/2016 3:15:00 PM,2,0,0,36.251090,-86.718250,GALLATIN PKES,,,,10.00,Feet,South,BRINK HAVEN AV,,,,0.00,N,Not at Intersection, ,Non-Junction,None,,,         ,Lawrence,Lacy,Clear,Front to Rear,no,no,no,no,no,False
101160844,METROPOLITAN NASHVILLE POLICE DEPT,20160326837,Davidson,Nashville,4/9/2016 3:45:00 PM,2,0,0,36.178900,-86.741630,GARTLAND AV,,,,0.00,Feet,,N 16TH ST,,,,0.00,Y,Four-Way, ,Intersection,None,,,         ,Rachael,Sacco,Clear,Angle,no,no,no,no,no,False
101160845,METROPOLITAN NASHVILLE POLICE DEPT,20160326811,Davidson,Nashville,4/9/2016 2:44:00 PM,2,0,0,36.254300,-86.715910,GALLATIN PKES,,,,300.00,Feet,South,MADISON BLVD,,,,0.00,N,Not at Intersection, ,Non-Junction,None,,,         ,Christopher,Littles,Clear,Angle,no,no,no,no,no,False
101160849,METROPOLITAN NASHVILLE POLICE DEPT,20160326747,Davidson,Not in City Limit,4/9/2016 1:50:00 PM,2,0,0,36.062770,-86.944870,SAWYER BROWN RD,,,,265.00,Feet,West,HARPETH RIV MORTON MILL GRNWY,,,,0.00,N,Not at Intersection,N,"Driveway, Alley Access, etc",None,,,         ,John,Thomas,Clear,Angle,no,no,no,yes,yes,False
101160851,METROPOLITAN NASHVILLE POLICE DEPT,20160325020,Davidson,Nashville,4/8/2016 9:05:00 PM,2,0,0,36.086870,-86.730230,NOLENSVILLE PKE,,,,0.00,,,ELYSIAN FIELDS CT,,,,0.00,Y,Four-Way,N,Intersection,None,,,         ,Clyde,Stambaugh,Clear,Angle,no,no,no,no,yes,False
101160852,METROPOLITAN NASHVILLE POLICE DEPT,20160326767,Davidson,Nashville,4/9/2016 2:45:00 PM,2,0,0,36.102060,-86.819480,HILLSBORO CIR,,,,97.00,Feet,South,HILLSBORO DR,,,,0.00,N,Not at Intersection,N,Non-Junction,None,,,         ,Benjamin,Spees,Clear,Rear to Rear,no,no,no,yes,yes,False
101160861,METROPOLITAN NASHVILLE POLICE DEPT,20160326753,Davidson,Nashville,4/9/2016 2:50:00 PM,2,0,0,36.137760,-86.882210,CHARLOTTE PKE,,,,531.00,Feet,East,SUMMERLY DR,,,,0.00,N,Not at Intersection,N,Non-Junction,None,,,         ,Brandon,Pedigo,Clear,Angle,no,no,no,no,no,False
101160874,GOODLETTSVILLE POLICE DEPT,16-12991,Davidson,Goodlettsville,4/9/2016 4:47:00 PM,2,0,0,36.309440,-86.695590,STATE HWY 386,,,,0.00,,,CONFERENCE DR,,,,0.00,Y,T-Intersection, ,Entrance/Exit Ramp Related,None,,,         ,Benny,Alexander,Clear,Angle,no,no,no,no,no,False
101160880,METROPOLITAN NASHVILLE POLICE DEPT,2016-0317259,Davidson,Nashville,4/6/2016 5:21:00 PM,3,3,0,36.221000,-86.597570,ANDREW JACKSON PKWY,,,,324.00,Feet,South,DONELSON TRC,,,,0.00,N,Not at Intersection,N,Non-Junction,None,,,         ,Sandra,Talavera,Rain,"Sideswipe, Same Direction",no,no,no,no,no,False
101160881,METROPOLITAN NASHVILLE POLICE DEPT,20160326960,Davidson,Nashville,4/9/2016 4:45:00 PM,2,0,0,36.185580,-86.775210,I 24,,,,0.00,,,,,,,47.20,N,Not at Intersection, ,Non-Junction,None,,,         ,Christopher,Valdez,Clear,Front to Rear,no,no,no,no,no,False
101160883,METROPOLITAN NASHVILLE POLICE DEPT,20160327028,Davidson,Nashville,4/9/2016 5:12:00 PM,2,0,0,36.141950,-86.816230,32ND AVS,,,,0.00,,,WEST END AV,,,,0.00,Y,T-Intersection,N,Intersection-Related,None,,,         ,Eric,Burford,Clear,Angle,no,no,no,no,no,Campus
101160886,METROPOLITAN NASHVILLE POLICE DEPT,20160326983,Davidson,Nashville,4/9/2016 4:05:00 PM,2,0,0,36.110790,-86.742960,THOMPSON LN,,,,0.00,,,FOSTER AV,,,,0.00,Y,T-Intersection, ,Intersection,None,,,         ,Rickie,Corman,Clear,Front to Rear,no,no,no,no,no,False
101160895,METROPOLITAN NASHVILLE POLICE DEPT,20160326984,Davidson,Nashville,4/9/2016 4:50:00 PM,3,1,0,36.032890,-86.712860,NOLENSVILLE PKE,,,,234.00,Feet,South,BARNES RD,,,,0.00,N,Not at Intersection,N,Non-Junction,None,,,         ,Jarred,Ruhlman,Clear,Front to Rear,no,no,no,no,no,False
101160896,METROPOLITAN NASHVILLE POLICE DEPT,20160326877,Davidson,Nashville,4/9/2016 4:04:00 PM,2,2,0,36.235110,-86.745150,ELLINGTON PKWYN,,,,408.00,Feet,East,I65 N ENT RAMP,,,,0.00,N,Not at Intersection,Y,Entrance/Exit Ramp Related,None,,,         ,Joshua,Lippert,Clear,Front to Rear,no,no,no,no,no,False
101160925,METROPOLITAN NASHVILLE POLICE DEPT,20160327095,Davidson,Nashville,4/9/2016 5:52:00 PM,2,0,0,36.135540,-86.797170,MAGNOLIA BLVD,,,,0.00,,,18TH AVS,,,,0.00,Y,T-Intersection, ,Intersection-Related,None,,,         ,Candice,Soper,Clear,Angle,no,no,no,no,no,False
101160928,METROPOLITAN NASHVILLE POLICE DEPT,20160327101,Davidson,Nashville,4/9/2016 5:35:00 PM,2,0,0,36.134600,-86.840610,CHEROKEE RD,,,,623.00,Feet,South,ABERDEEN RD,,,,0.00,N,Not at Intersection, ,,None,,,         ,Barrett,Teague,,,no,no,no,no,no,False
101160936,METROPOLITAN NASHVILLE POLICE DEPT,20160327016,Davidson,Nashville,4/9/2016 4:59:00 PM,2,1,0,36.059960,-86.672110,ANTIOCH PKE,,,,0.00,,,BLUE HOLE RD,,,,0.00,Y,T-Intersection,N,Intersection-Related,None,,,         ,Matthew,Johnson,Clear,"Sideswipe, Same Direction",no,no,no,no,no,False
101160949,METROPOLITAN NASHVILLE POLICE DEPT,20160326962,Davidson,Nashville,4/9/2016 4:43:00 PM,2,0,0,36.183440,-86.744890,EASTLAND AV,,,,0.00,,,N 14TH ST,,,,0.00,Y,Four-Way,N,Non-Junction,None,,,         ,James,Smith,Clear,Front to Rear,no,no,no,no,no,False
101160950,METROPOLITAN NASHVILLE POLICE DEPT,20160327169,Davidson,Nashville,4/9/2016 6:23:00 PM,2,2,0,36.165380,-86.763930,I 24,,,,0.00,,,,,,,49.05,N,Not at Intersection,N,Non-Junction,None,,,         ,James,Smith,Clear,"Sideswipe, Same Direction",no,no,no,no,no,False
101160952,METROPOLITAN NASHVILLE POLICE DEPT,2016-0327257,Davidson,Nashville,4/9/2016 6:58:00 PM,1,0,0,36.154680,-86.832000,I 40,,,,0.00,,,,,,,205.40,N,Not at Intersection, ,Non-Junction,None,,,         ,Christopher,Clark,Clear,Not Collision with Motor Vehicle in Transport,no,no,no,no,no,False
101160958,METROPOLITAN NASHVILLE POLICE DEPT,20160326724,Davidson,Nashville,4/9/2016 2:46:00 PM,2,0,0,36.163860,-86.794180,JO JOHNSTON AV,,,,0.00,,,12TH AVN,,,,0.00,Y,Four-Way, ,Intersection,None,,,         ,Charles,Holmes,Clear,"Sideswipe, Same Direction",no,no,no,no,no,False
101160967,METROPOLITAN NASHVILLE POLICE DEPT,20160327185,Davidson,Nashville,4/9/2016 6:30:00 PM,2,0,0,36.141140,-86.731380,I 24,,,,0.00,,,,,,,51.60,N,Not at Intersection, ,Non-Junction,None,,,         ,Blake,Lutz,Clear,Front to Rear,no,no,no,no,no,False
101160969,METROPOLITAN NASHVILLE POLICE DEPT,20160327327,Davidson,Antioch,4/9/2016 5:26:00 PM,2,1,0,0.000000,0.000000,NOLENSVILLE,RD,,,0.10,Feet,North,,,,,0.10,N,Not at Intersection,N,Non-Junction,None,,,         ,Tyler,McDaniel,Clear,Front to Rear,no,no,no,no,no,False
101160973,METROPOLITAN NASHVILLE POLICE DEPT,20160327460,Davidson,Nashville,4/9/2016 7:57:00 PM,2,0,0,36.182700,-86.748840,STRATTON AV,,,,0.00,,,GALLATIN AV,,,,0.00,Y,T-Intersection, ,Intersection,None,,,         ,Cressie,Prill,Clear,Angle,no,no,no,no,yes,False
101160981,METROPOLITAN NASHVILLE POLICE DEPT,20160327326,Davidson,Nashville,4/9/2016 6:34:00 PM,2,0,0,36.176580,-86.770320,SPRING ST,,,,0.00,,,DICKERSON PKE,,,,0.00,Y,OTHER,N,Intersection,None,,,         ,Jacob,Partin,Clear,Front to Rear,no,no,no,no,yes,False
101160995,METROPOLITAN NASHVILLE POLICE DEPT,20160327440,Davidson,Nashville,4/9/2016 8:19:00 PM,2,0,0,36.074480,-86.920940,OLD HICKORY BLVD,,,,0.00,,,HIGHWAY 70S,,,,0.00,Y,Four-Way, ,Non-Junction,None,,,         ,Brandon,Pedigo,Clear,Angle,no,no,no,no,no,False
101160996,Nashville Airport Police,2016-00856,Davidson,Nashville,4/8/2016 8:35:00 PM,2,0,0,36.136160,-86.667550,TERMINAL DR,,,,0.00,,,I40 E EXT RAMP,,,,0.00,Y,Y-Intersection, ,Intersection-Related,None,,,         ,Isaac,Hulan,Clear,Front to Rear,no,no,no,no,no,False
101161002,METROPOLITAN NASHVILLE POLICE DEPT,20160327119,Davidson,Nashville,4/9/2016 4:20:00 PM,2,0,0,36.045360,-86.702630,OLD HICKORY BLVD,,,,281.00,Feet,West,BENZING RD,,,,0.00,N,Not at Intersection, ,Non-Junction,None,,,         ,Tamara,Zurawski,Clear,Front to Rear,no,no,no,no,no,False
101161003,METROPOLITAN NASHVILLE POLICE DEPT,2016-0327022,Davidson,Nashville,4/9/2016 5:14:00 PM,2,0,0,36.131760,-86.778970,8TH AVS,,,,0.00,,,SOUTH DOUGLAS AV,,,,0.00,Y,T-Intersection,Y,Intersection-Related,None,,,         ,Austin,Kendrick,Clear,Front to Rear,no,no,no,no,no,False
101161009,METROPOLITAN NASHVILLE POLICE DEPT,20160327078,Davidson,Nashville,4/9/2016 5:43:00 PM,2,0,0,36.172480,-86.759680,S 7TH ST,,,,26.00,Feet,South,RUSSELL ST,,,,0.00,N,Not at Intersection, ,Non-Junction,None,,,         ,Michael,Moss,Clear,Angle,no,no,no,no,no,False
101161014,METROPOLITAN NASHVILLE POLICE DEPT,20160326830,Davidson,Nashville,4/9/2016 3:41:00 PM,2,1,0,36.087010,-86.627870,BELL RD,,,,387.00,Feet,West,NASHBORO BLVD,,,,0.00,N,Not at Intersection,N,Non-Junction,None,,,         ,Brian,Smith,Clear,Front to Rear,no,no,no,no,no,False
101161015,METROPOLITAN NASHVILLE POLICE DEPT,20160327074,Davidson,Nashville,4/9/2016 5:40:00 PM,2,0,0,36.143480,-86.702590,I 40,,,,0.00,,,,,,,214.60,N,Not at Intersection,N,Non-Junction,None,,,         ,Jaby,Djabbarov,Clear,Front to Rear,no,no,no,no,no,False
101161018,METROPOLITAN NASHVILLE POLICE DEPT,2016-0327429,Davidson,Nashville,4/9/2016 7:59:00 PM,1,1,0,36.136070,-86.727280,I24 E EXT RAMP,,,,0.00,Feet,East,I 24,,,,0.00,N,Not at Intersection,N,Non-Junction,None,,,         ,Benjamin,Froehlich,Clear,Not Collision with Motor Vehicle in Transport,no,no,no,no,no,False
101161019,METROPOLITAN NASHVILLE POLICE DEPT,2016-0327501,Davidson,Nashville,4/9/2016 8:20:00 PM,2,0,0,36.149440,-86.872770,I 40,,,,0.00,,,,,,,203.10,N,Not at Intersection,N,Non-Junction,None,,,         ,Christopher,Clark,Clear,Not Collision with Motor Vehicle in Transport,no,no,no,no,no,False
101161022,METROPOLITAN NASHVILLE POLICE DEPT,20160327249,Davidson,Nashville,4/9/2016 6:55:00 PM,1,1,0,36.130960,-86.754600,WOODYCREST AV,,,,90.00,Feet,West,INTERSTATE BLVDS,,,,0.00,N,Not at Intersection,N,Non-Junction,None,,,         ,Jarret,Sonnenberg,Clear,Not Collision with Motor Vehicle in Transport,no,no,no,no,yes,False
101161043,METROPOLITAN NASHVILLE POLICE DEPT,20160324906,Davidson,Nashville,4/8/2016 8:36:00 PM,2,0,0,36.193760,-86.776560,I 65,,,,0.00,,,,,,,86.55,N,Not at Intersection, ,,None,,,         ,Khalid,Abbady,,,no,no,no,no,no,False
101161048,METROPOLITAN NASHVILLE POLICE DEPT,20160327692,Davidson,Nashville,4/9/2016 9:00:00 PM,2,0,0,36.177170,-86.808800,17TH AVN,,,,289.00,Feet,North,WHELESS ST,,,,0.00,N,Not at Intersection, ,Non-Junction,None,,,         ,Keiara,Ward,Clear,"Sideswipe, Opposite Direction",no,no,no,no,no,False
101161052,METROPOLITAN NASHVILLE POLICE DEPT,20160327651,Davidson,Nashville,4/9/2016 9:31:00 PM,2,3,0,36.037400,-86.786570,FRANKLIN PKE,,,,0.00,,,OLD HICKORY BLVD,,,,0.00,Y,Four-Way,N,Intersection-Related,None,,,         ,David,Collins,Clear,HeadOn,no,no,no,no,no,False
101161056,METROPOLITAN NASHVILLE POLICE DEPT,20160327144,Davidson,Nashville,4/9/2016 6:05:00 PM,1,0,0,36.115140,-86.724650,I 24,,,,0.00,,,,,,,53.30,N,Not at Intersection,N,Non-Junction,None,,,         ,Michael,Russell,Clear,Not Collision with Motor Vehicle in Transport,no,no,no,no,no,False
101161068,METROPOLITAN NASHVILLE POLICE DEPT,20160327722,Davidson,Nashville,4/9/2016 10:06:00 PM,2,0,0,36.040010,-86.743490,STATE HWY 254,,,,0.00,,,EDMONDSON PIKE,,,,0.00,Y,Four-Way, ,Intersection,None,,,         ,John,Riddle,Clear,Front to Rear,no,no,no,no,no,False
101161074,METROPOLITAN NASHVILLE POLICE DEPT,20160325795,Davidson,Nashville,4/9/2016 3:30:00 AM,1,0,0,36.127780,-86.701980,CONNELLY DR,,,,169.00,Feet,North,THOMPSON PL,,,,0.00,N,Not at Intersection,N,Non-Junction,None,,,         ,Robert,Fondren,Clear,Not Collision with Motor Vehicle in Transport,no,no,no,yes,yes,False
101161087,METROPOLITAN NASHVILLE POLICE DEPT,20160327797,Davidson,Nashville,4/9/2016 10:30:00 PM,2,0,0,36.163450,-86.783530,UNION ST,,,,0.00,,,7TH AVN,,,,0.00,Y,Four-Way, ,Non-Junction,None,,,         ,John,Anderson,Clear,Angle,no,no,no,no,no,False
101161088,METROPOLITAN NASHVILLE POLICE DEPT,2016-0325796,Davidson,Nashville,4/9/2016 12:00:00 AM,1,0,0,36.132470,-86.719310,MURFREESBORO PKE,,,,0.00,,,WILHAGAN RD,,,,0.00,Y,T-Intersection,N,Non-Junction,None,,,         ,Brian,Mclarty,Clear,Not Collision with Motor Vehicle in Transport,no,no,no,no,yes,False
101161124,METROPOLITAN NASHVILLE POLICE DEPT,20160327958,Davidson,Nashville,4/10/2016 12:18:00 AM,1,1,0,36.185110,-86.626020,CENTRAL PKE,,,,215.00,Feet,West,HERMITAGE INDUSTRIAL DR,,,,0.00,N,Not at Intersection,N,Non-Junction,None,,,         ,Sean,Wuethrich,Clear,Not Collision with Motor Vehicle in Transport,no,no,no,no,no,False
101161127,METROPOLITAN NASHVILLE POLICE DEPT,20160327796,Davidson,Not in City Limit,4/9/2016 9:05:00 PM,3,0,0,36.089880,-86.939050,COLT DR,,,,182.00,Feet,East,COLT CT,,,,0.00,N,Not at Intersection,N,Non-Junction,None,,,         ,Jeffrey,Barfield,Clear,Front to Rear,no,no,no,no,no,False
101161140,METROPOLITAN NASHVILLE POLICE DEPT,20160328022,Davidson,Nashville,4/10/2016 1:00:00 AM,1,0,0,36.247430,-86.681600,NEELYS BEND RD,,,,0.00,,,SIOUX TER,,,,0.00,Y,T-Intersection,N,Intersection,None,,,         ,Ryan,Russell,Clear,Not Collision with Motor Vehicle in Transport,no,no,no,no,yes,False
101161142,METROPOLITAN NASHVILLE POLICE DEPT,20160327725,Davidson,Nashville,4/9/2016 10:06:00 PM,2,2,0,36.176640,-86.771010,SPRING ST,,,,0.00,Feet,,DICKERSON PKE,,,,0.00,Y,OTHER,Y,Intersection-Related,None,,,         ,Jeremy,Kidd,Clear,Angle,no,no,no,no,no,False
101161143,METROPOLITAN NASHVILLE POLICE DEPT,20160327946,Davidson,Nashville,4/9/2016 9:00:00 PM,2,0,0,36.047400,-86.673570,BLUE HOLE RD,,,,654.00,Feet,North,BELL RD,,,,0.00,N,Not at Intersection,N,Non-Junction,None,,,         ,John,Anderson,Clear,Angle,no,no,no,yes,yes,False