master_record_number,agency,agency_tracking_number,county,city,collision_date,vehicles_involved,number_injured,number_dead,latitude,longitude,roadway_name,roadway_suffix,roadway_number,roadway_local_id,distance_from_reference,miles-feet_indicator,direction_from_reference,intersection_road_name,intersection_road_name_suffix,intersection_road_number,intersection_local_id,mile_marker,intersection_indicator,intersect_type,interchange_related_indicator,relation_to_junction,work_zone_type,construction_maintenance_zone,construction_maintenance_zone_location,fatal_case_number,officer_first_name,officer_last_name,weather_condition(s),manner_of_crash,pedestrian,bicycle,scooter,parking,hitrun,mou
101161144,METROPOLITAN NASHVILLE POLICE DEPT,20160328037,Davidson,Nashville,4/10/2016 12:39:00 AM,2,1,0,36.124980,-86.847640,WOODMONT BLVD,,,,0.00,,,HARDING PKE,,,,0.00,Y,Four-Way,N,Intersection-Related,None,,,         ,John,Jean Baptiste,Clear,Front to Rear,no,no,no,no,yes,False
101161149,METROPOLITAN NASHVILLE POLICE DEPT,2016-0327815,Davidson,Nashville,4/9/2016 11:00:00 PM,2,0,0,36.153010,-86.857410,I40 W EXT RAMP,,,,0.00,,,I 40,,,,0.00,Y,Four-Way,Y,Entrance/Exit Ramp Related,None,,,         ,Kenneth,Bray,Clear,Front to Rear,no,no,no,no,yes,False
101161214,METROPOLITAN NASHVILLE POLICE DEPT,20160328050,Davidson,Nashville,4/10/2016 1:18:00 AM,1,0,0,36.024530,-86.632060,I 24,,,,0.00,,,,,,,61.60,N,Not at Intersection,N,Non-Junction,None,,,         ,Blaze,Williams,Clear,Not Collision with Motor Vehicle in Transport,no,no,no,no,no,False
101161230,METROPOLITAN NASHVILLE POLICE DEPT,20160328093,Davidson,Nashville,4/10/2016 12:15:00 AM,2,0,0,36.176620,-86.603050,OLD HICKORY BLVD,,,,0.00,,,,,,,0.00,,Not at Intersection,N,Non-Junction,None,,,         ,Blake,Giles,Clear,Rear to Rear,no,no,no,yes,yes,False
101161231,METROPOLITAN NASHVILLE POLICE DEPT,20160327962,Davidson,Nashville,4/10/2016 12:03:00 AM,2,0,0,36.133610,-86.791980,CALDWELL AV,,,,34.00,Feet,East,15TH AVS,,,,0.00,N,Not at Intersection, ,Non-Junction,None,,,         ,Tyler,Bryson,Clear,Front to Rear,no,no,no,no,no,False
101161252,METROPOLITAN NASHVILLE POLICE DEPT,2016-0323322,Davidson,Not in City Limit,4/8/2016 11:45:00 AM,1,1,0,36.267310,-86.737150,I 65,,,,0.00,,,,,,,92.45,N,Not at Intersection,N,Non-Junction,None,,,         ,Arthur,Hipp,Clear,Not Collision with Motor Vehicle in Transport,no,no,no,no,no,False
101161256,METROPOLITAN NASHVILLE POLICE DEPT,20160328263,Davidson,Nashville,4/10/2016 4:00:00 AM,2,0,0,36.044950,-86.659750,BELL RD,,,,0.00,,,I24 E EXT RAMP,,,,0.00,Y,T-Intersection,Y,Intersection,None,,,         ,Kevin,Breeding,Clear,HeadOn,no,no,no,no,no,False
101161267,METROPOLITAN NASHVILLE POLICE DEPT,20160325718,Davidson,Nashville,4/9/2016 12:40:00 AM,2,0,0,36.107110,-86.719770,I 24,,,,0.00,,,,,,,53.90,N,Not at Intersection,N,Non-Junction,None,,,         ,Erik,Dabbs,Clear,"Sideswipe, Same Direction",no,no,no,no,yes,False
101161268,METROPOLITAN NASHVILLE POLICE DEPT,20160328203,Davidson,Nashville,4/10/2016 12:00:00 AM,1,1,0,36.120960,-86.778300,KIRKWOOD AV,,,,292.00,Feet,East,VAULX LN,,,,0.00,N,Not at Intersection,N,Non-Junction,None,,,         ,Tyler,Bryson,Clear,Not Collision with Motor Vehicle in Transport,no,no,no,no,no,False
101161278,METROPOLITAN NASHVILLE POLICE DEPT,20160328326,Davidson,Nashville,4/10/2016 5:05:00 AM,2,1,0,36.043370,-86.650180,HICKORY HOLLOW PKWY,,,,0.00,,,,,,,0.00,,,Y,Entrance/Exit Ramp Related,None,,,         ,Benjamin,Smith,Clear,Front to Rear,no,no,no,no,no,False
101161285,METROPOLITAN NASHVILLE POLICE DEPT,2016-0326139,Davidson,Nashville,4/9/2016 7:30:00 AM,2,0,0,36.242210,-86.749650,I 65,,,,0.00,,,,,,,90.50,N,Not at Intersection, ,Non-Junction,Construction Zone,,,         ,Arthur,Hipp,Clear,"Sideswipe, Same Direction",no,no,no,no,no,False
101161290,METROPOLITAN NASHVILLE POLICE DEPT,20160326690,Davidson,Nashville,4/9/2016 2:00:00 PM,1,0,0,36.189980,-86.791160,I 65,,,,0.00,,,,,,,85.70,N,Not at Intersection,N,Non-Junction,None,,,         ,Garren,Hoskins,Clear,Not Collision with Motor Vehicle in Transport,no,no,no,no,no,False
101161292,METROPOLITAN NASHVILLE POLICE DEPT,20160319741,Davidson,Not in City Limit,4/7/2016 11:34:00 AM,1,0,0,36.272720,-86.697060,ANDERSON LN,,,,271.00,Feet,West,SINGER DR,,,,0.00,N,Not at Intersection,N,Non-Junction,None,,,         ,Michelle,Steidl,Clear,Not Collision with Motor Vehicle in Transport,no,no,no,no,no,False
101161300,METROPOLITAN NASHVILLE POLICE DEPT,2016-0328476,Davidson,Nashville,4/10/2016 7:20:00 AM,1,0,0,36.034700,-86.985680,OLD HARDING PKE,,,,0.00,,,LEWIS RD,,,,0.00,Y,T-Intersection,N,OtherLocation,None,,,         ,Douglas,Atwood,Cloudy,Not Collision with Motor Vehicle in Transport,no,no,no,no,no,False
101161304,BERRY HILL POLICE DEPT,16-1213,Davidson,Berry Hill,4/7/2016 5:55:00 PM,2,0,0,36.119090,-86.773540,BERRY RD,,,,168.00,Feet,West,I440 ENT RAMP,,,,0.00,N,Not at Intersection, ,Non-Junction,None,,,         ,John,Gleixner,Clear,Front to Rear,no,no,no,no,no,False
101161306,BERRY HILL POLICE DEPT,16-1212,Davidson,Berry Hill,4/7/2016 12:00:00 AM,2,0,0,36.125790,-86.765870,BRANSFORD AV,,,,0.00,,,CRAIGHEAD ST,,,,0.00,Y,Four-Way, ,Intersection-Related,None,,,         ,John,Gleixner,Clear,Angle,no,no,no,no,no,False
101161312,METROPOLITAN NASHVILLE POLICE DEPT,2016-0326703,Davidson,Nashville,4/9/2016 1:50:00 PM,2,0,0,36.131020,-86.897750,I40 E EXT RAMP,,,,278.00,Feet,West,CHARLOTTE PKE,,,,0.00,N,Not at Intersection, ,Entrance/Exit Ramp Related,None,,,         ,Douglas,Atwood,Clear,Front to Rear,no,no,no,no,no,False
101161318,GOODLETTSVILLE POLICE DEPT,16-12980,Davidson,Goodlettsville,4/9/2016 2:53:00 PM,2,0,0,36.302130,-86.720510,DICKERSON PKES,,,,0.00,,,MEADOWCREEK CIR,,,,0.00,Y,T-Intersection,N,Intersection,None,,,         ,Joseph,Waldron,Clear,Angle,no,no,no,no,no,False
101161337,METROPOLITAN NASHVILLE POLICE DEPT,20160322957,Davidson,Not in City Limit,4/8/2016 9:24:00 AM,2,0,0,36.282480,-86.718480,NELSON CTW,,,,149.00,Feet,West,NELSON DR,,,,0.00,N,Not at Intersection, ,Non-Junction,None,,,         ,Brandon,Wood,Clear,Rear to Side,no,no,no,no,no,False
101161360,METROPOLITAN NASHVILLE POLICE DEPT,20160328615,Davidson,Nashville,4/10/2016 8:45:00 AM,2,0,0,36.158890,-86.782110,8TH AVS,,,,0.00,,,BROADWAY,,,,0.00,Y,Four-Way, ,Intersection,None,,,         ,Darren,Key,Rain,"Sideswipe, Same Direction",no,no,no,no,no,False
101161364,METROPOLITAN NASHVILLE POLICE DEPT,20160328082,Davidson,Nashville,4/10/2016 2:56:00 AM,2,0,0,36.153150,-86.789330,DEMONBREUN ST,,,,311.00,Feet,West,14TH AVS,,,,0.00,N,Not at Intersection, ,Non-Junction,None,,,         ,Thomas,West,Clear,"Sideswipe, Same Direction",no,no,no,no,no,False
101161373,METROPOLITAN NASHVILLE POLICE DEPT,2016-0326924,Davidson,Nashville,4/9/2016 4:20:00 PM,2,0,0,36.191820,-86.781840,I 65,,,,0.00,,,,,,,86.20,N,Not at Intersection, ,Non-Junction,None,,,         ,David,Snowden,Clear,Front to Rear,no,no,no,no,no,False
101161390,METROPOLITAN NASHVILLE POLICE DEPT,20160316572,Davidson,Not in City Limit,4/6/2016 12:55:00 PM,2,0,0,36.263070,-86.711920,STATE RT 45,,,,0.00,,,GALLATIN PKEN,,,,0.00,Y,Five Point Or More, ,Intersection-Related,None,,,         ,Michelle,Steidl,Clear,"Sideswipe, Same Direction",no,no,no,no,no,False
101161399,METROPOLITAN NASHVILLE POLICE DEPT,2016-0328723,Davidson,Not in City Limit,4/10/2016 9:51:00 AM,2,1,0,36.261600,-86.677850,SANDHURST DR,,,,0.00,,,E OLD HICKORY BLVD,,,,0.00,Y,Roundabout,N,Non-Junction,None,,,         ,Michael,Agee,Rain,Angle,no,no,no,no,no,False
101161413,METROPOLITAN NASHVILLE POLICE DEPT,20160328771,Davidson,Nashville,4/10/2016 10:27:00 AM,2,2,0,36.221890,-86.603860,SHUTE LN,,,,786.00,Feet,North,MILL SPRINGS CT,,,,0.00,N,Not at Intersection,N,Non-Junction,None,,,         ,Cassandra,Del Bosco,Rain,Front to Rear,no,no,no,no,no,False
101161419,METROPOLITAN NASHVILLE POLICE DEPT,20160328751,Davidson,Nashville,4/10/2016 12:00:00 AM,2,0,0,36.045300,-86.701680,BELL RD,,,,0.00,,,OLD HICKORY BLVD,,,,0.00,Y,Four-Way,N,Intersection,None,,,         ,David,Simmonds,Rain,Front to Rear,no,no,no,no,yes,False
101161424,METROPOLITAN NASHVILLE POLICE DEPT,20160328799,Davidson,Nashville,4/10/2016 10:50:00 AM,2,1,0,36.040080,-86.782650,I 65,,,,0.00,,,,,,,74.70,N,Not at Intersection,N,Non-Junction,None,,,         ,Brent,Bauer,Rain,"Sideswipe, Same Direction",no,no,no,no,no,False
101161425,METROPOLITAN NASHVILLE POLICE DEPT,2016-0328710,Davidson,Nashville,4/10/2016 9:45:00 AM,2,1,0,36.140460,-86.791130,HORTON AV,,,,0.00,,,15TH AVS,,,,0.00,Y,Four-Way,N,Intersection,None,,,         ,Jonathan,Seidl,Cloudy,Angle,no,no,no,no,no,False
101161426,METROPOLITAN NASHVILLE POLICE DEPT,2016-0328726,Davidson,Nashville,4/10/2016 9:50:00 AM,2,0,0,36.154900,-86.627210,I40 E EXT RAMP,,,,0.00,Feet,East,I 40,,,,0.00,N,Not at Intersection, ,Entrance/Exit Ramp Related,None,,,         ,Scott,Toney,Rain,Front to Rear,no,no,no,no,no,False
101161428,METROPOLITAN NASHVILLE POLICE DEPT,20160328716,Davidson,Nashville,4/10/2016 9:42:00 AM,2,0,0,36.149470,-86.860800,CHARLOTTE,PIKE,,,0.00,,,NO NAME,,SR,,0.00,Y,Four-Way,N,Intersection-Related,None,,,         ,Christopher,Taylor,Rain,Angle,no,no,no,no,yes,False
101161430,METROPOLITAN NASHVILLE POLICE DEPT,20160328747,Davidson,Nashville,4/10/2016 10:24:00 AM,1,0,0,36.141820,-86.640600,TIMBER VALLEY DR,,,,0.00,,,ELM HILL PKE,,,,0.00,Y,T-Intersection,N,Intersection,None,,,         ,Andrew,Mullen,Rain,Not Collision with Motor Vehicle in Transport,no,no,no,no,no,False
101161453,METROPOLITAN NASHVILLE POLICE DEPT,2016-0328855,Davidson,Nashville,4/10/2016 11:15:00 AM,2,0,0,36.220800,-86.774050,I 24,,,,0.00,,,,,,,44.80,N,Not at Intersection, ,Non-Junction,None,,,         ,Julie,Nabors,Cloudy,Front to Rear,no,no,no,no,no,False
101161458,METROPOLITAN NASHVILLE POLICE DEPT,2016-0328832,Davidson,Nashville,4/10/2016 11:09:00 AM,2,0,0,36.177530,-86.794290,ROSA L PARKS BLVD,,,,271.00,Feet,North,TAYLOR ST,,,,0.00,N,Not at Intersection, ,,None,,,         ,Joshua,Baker,,,no,no,no,no,no,False
101161476,METROPOLITAN NASHVILLE POLICE DEPT,20160328806,Davidson,Nashville,4/10/2016 10:54:00 AM,1,0,0,36.183250,-86.798970,I 65,,,,0.00,,,,,,,85.25,N,Not at Intersection, ,Non-Junction,None,,,         ,Nathan,Mayo,Rain,Not Collision with Motor Vehicle in Transport,no,no,no,no,no,False
101161485,METROPOLITAN NASHVILLE POLICE DEPT,20160324481,Davidson,Nashville,4/8/2016 6:25:00 PM,2,0,0,36.077290,-86.641690,MURFREESBORO PKE,,,,0.00,,,,,,,0.00,,, ,Non-Junction,None,,,         ,Brian,Smith,Clear,Front to Rear,no,no,no,no,no,False
101161490,METROPOLITAN NASHVILLE POLICE DEPT,20160328901,Davidson,Nashville,4/10/2016 12:13:00 PM,2,0,0,36.141020,-86.857420,WHITE BRIDGE PKE,,,,131.00,Feet,South,OAKMONT CIR,,,,0.00,N,Not at Intersection, ,"Driveway, Alley Access, etc",None,,,         ,Gregory,McDaniel,Cloudy,Angle,no,no,no,no,no,False
101161493,METROPOLITAN NASHVILLE POLICE DEPT,20160328908,Davidson,Nashville,4/10/2016 12:15:00 PM,2,0,0,36.083660,-86.707450,HARDING PL,,,,500.00,Feet,West,LINBAR DR,,,,0.00,N,Not at Intersection, ,Non-Junction,Construction Zone,,,         ,Paul,Ellis,Cloudy,Front to Rear,no,no,no,no,no,False
101161509,METROPOLITAN NASHVILLE POLICE DEPT,20160326809,Davidson,Goodlettsville,4/9/2016 4:04:00 PM,2,0,0,36.298720,-86.697670,GALLATIN PKEN,,,,500.00,Feet,South,CUDE LN,,,,0.00,N,Not at Intersection, ,Non-Junction,None,,,         ,Bradley,Campbell,Clear,Front to Rear,no,no,no,no,no,False
101161513,METROPOLITAN NASHVILLE POLICE DEPT,16-0328914,Davidson,Nashville,4/10/2016 12:25:00 PM,2,0,0,36.166350,-86.780690,4TH AVN,,,,0.00,,,CHARLOTTE AV,,,,0.00,Y,Four-Way, ,Intersection,None,,,         ,Frank,Campbell,Cloudy,"Sideswipe, Same Direction",no,no,no,no,no,False
101161516,METROPOLITAN NASHVILLE POLICE DEPT,20160328965,Davidson,Nashville,4/10/2016 1:00:00 PM,2,3,0,36.183440,-86.744890,EASTLAND AV,,,,0.00,,,N 14TH ST,,,,0.00,Y,Four-Way,N,Intersection,None,,,         ,Casey,Tomes,Cloudy,Front to Rear,no,no,no,no,no,False
101161518,METROPOLITAN NASHVILLE POLICE DEPT,20160328954,Davidson,Nashville,4/10/2016 12:55:00 PM,2,0,0,36.126210,-86.711970,EAST THOMPSON LN,,,,316.00,Feet,West,THOMPSON PL,,,,0.00,N,Not at Intersection,N,"Driveway, Alley Access, etc",None,,,         ,Stephen,Soule,Cloudy,Angle,no,no,no,no,yes,False
101161536,METROPOLITAN NASHVILLE POLICE DEPT,20160328905,Davidson,Not in City Limit,4/10/2016 12:13:00 PM,2,0,0,35.974460,-86.632720,BATTLE RD,,,,1117.00,Feet,East,BATTLE RIDGE LN,,,,0.00,N,Not at Intersection, ,Non-Junction,None,,,         ,David,Simmonds,Cloudy,"Sideswipe, Opposite Direction",no,no,no,no,no,False
101161539,METROPOLITAN NASHVILLE POLICE DEPT,2016-0327541,Davidson,Nashville,4/9/2016 8:24:00 PM,2,0,0,36.149440,-86.872770,I 40,,,,0.00,,,,,,,203.10,N,Not at Intersection, ,Non-Junction,None,,,         ,Christopher,Clark,Clear,Not Collision with Motor Vehicle in Transport,no,no,no,no,no,False
101161550,METROPOLITAN NASHVILLE POLICE DEPT,20160329158,Davidson,Nashville,4/10/2016 3:10:00 PM,2,0,0,36.158150,-86.786990,11TH AVN,,,,0.00,,,PORTER ST,,,,0.00,Y,OTHER, ,Non-Junction,None,,,         ,Joshua,Hausman,Clear,Angle,no,no,no,no,yes,False
101161568,METROPOLITAN NASHVILLE POLICE DEPT,20160329094,Davidson,Nashville,4/10/2016 1:55:00 PM,2,1,0,36.069160,-86.691020,I24 E EXT RAMP,,,,0.00,Feet,East,I 24,,,,0.00,N,Not at Intersection,N,Entrance/Exit Ramp Related,None,,,         ,Nakia,Reid,Clear,Front to Rear,no,no,no,no,no,False
101161577,METROPOLITAN NASHVILLE POLICE DEPT,20160329050,Davidson,Not in City Limit,4/10/2016 2:00:00 PM,2,0,0,36.321010,-86.867680,EATONS CREEK RD,,,,81.00,Feet,West,GIFFORD PL,,,,0.00,N,Not at Intersection,N,Non-Junction,None,,,         ,Kevin,Reynolds,Clear,"Sideswipe, Opposite Direction",no,no,no,yes,yes,False
101161578,METROPOLITAN NASHVILLE POLICE DEPT,20160329191,Davidson,Nashville,4/10/2016 3:25:00 PM,2,0,0,36.191870,-86.613800,HERMITAGE MARKETPLACE PVTDR,,,,0.00,,East,WEBER RD,,,,0.00,N,Not at Intersection, ,Non-Junction,None,,,         ,David,Stanley,Clear,Rear to Rear,no,no,no,yes,yes,False
101161579,METROPOLITAN NASHVILLE POLICE DEPT,2016-0329242,Davidson,Not in City Limit,4/10/2016 3:52:00 PM,2,0,0,36.062970,-86.953910,BAY COVE TRL,,,,0.00,,,MORTON MILL RD,,,,0.00,Y,T-Intersection, ,,None,,,         ,Michael,Rogers,,,no,no,no,no,no,False
101161589,METROPOLITAN NASHVILLE POLICE DEPT,2016-0329229,Davidson,Nashville,4/10/2016 3:45:00 PM,2,0,0,36.134280,-86.779280,WEDGEWOOD AV,,,,57.00,Feet,West,8TH AVS,,,,0.00,N,Not at Intersection,N,Non-Junction,None,,,         ,Austin,Kendrick,Clear,Angle,no,no,no,no,no,False
101161591,VANDERBILT UNIVERSITY POLICE,16-0326175,Davidson,Nashville,4/10/2016 3:00:00 PM,2,0,0,36.105970,-86.762920,POWELL AV,,,,0.00,,,,,,,0.00,,Not at Intersection, ,,None,,,         ,Nancy,Douglas,,,no,no,no,yes,no,OHO
101161594,METROPOLITAN NASHVILLE POLICE DEPT,20160329103,Davidson,Not in City Limit,4/10/2016 2:49:00 PM,1,1,0,36.198830,-86.972900,RIVER ROAD PKE,,,,342.00,Feet,West,BIGGS RD,,,,0.00,N,Not at Intersection,N,Non-Junction,None,,,         ,Jeremy,Huffine,Cloudy,Not Collision with Motor Vehicle in Transport,no,no,no,no,no,False
101161611,METROPOLITAN NASHVILLE POLICE DEPT,2016-0327754,Davidson,Nashville,4/9/2016 10:18:00 PM,2,2,0,36.117920,-86.810020,GOLF CLUB LN,,,,0.00,,,HILLSBORO PKE,,,,0.00,Y,Four-Way,N,Intersection-Related,None,,,         ,Benjamin,Spees,Clear,HeadOn,no,no,no,no,no,False
101161615,VANDERBILT UNIVERSITY POLICE,16-0329261,Davidson,Nashville,4/10/2016 4:00:00 PM,2,0,0,36.141320,-86.800250,21ST AVS,,,,210.00,Feet,North,DIXIE PL,,,,0.00,N,Not at Intersection, ,Non-Junction,None,,,         ,Jonathan,McAllister,Cloudy,"Sideswipe, Same Direction",no,no,no,no,no,Campus
101161617,METROPOLITAN NASHVILLE POLICE DEPT,20160329162,Davidson,Nashville,4/10/2016 4:02:00 PM,2,0,0,36.126780,-86.710800,THOMPSON PL,,,,89.00,Feet,East,MURFREESBORO PKE,,,,0.00,N,Not at Intersection, ,,None,,,         ,Thomas,Barnes,,,no,no,no,no,no,False
101161618,METROPOLITAN NASHVILLE POLICE DEPT,20160329273,Davidson,Nashville,4/10/2016 4:09:00 PM,3,0,0,36.089360,-86.702510,I 24,,,,0.00,,,,,,,55.45,N,Not at Intersection,N,Non-Junction,None,,,         ,Matthew,Johnson,Cloudy,Front to Rear,no,no,no,no,no,False
101161620,METROPOLITAN NASHVILLE POLICE DEPT,20160327686,Davidson,Nashville,4/9/2016 9:49:00 PM,1,0,0,36.218500,-86.808160,CRAVATH DR,,,,0.00,,,VANDERHORST DR,,,,0.00,Y,Four-Way,N,Intersection,None,,,         ,Khalid,Abbady,Clear,Not Collision with Motor Vehicle in Transport,no,no,no,no,yes,False
101161629,METROPOLITAN NASHVILLE POLICE DEPT,20160329336,Davidson,Not in City Limit,4/10/2016 3:37:00 PM,2,0,0,36.262210,-86.712210,GALLATIN PKES,,,,0.00,,,E OLD HICKORY BLVD,,,,0.00,Y,T-Intersection,N,Intersection,None,,,         ,Peter,Knisley,Clear,Angle,no,no,no,no,no,False
101161645,METROPOLITAN NASHVILLE POLICE DEPT,20160329562,Davidson,Nashville,4/10/2016 6:40:00 PM,2,1,0,36.152890,-86.769330,2ND AVS,,,,154.00,Feet,South,ASH ST,,,,0.00,N,Not at Intersection,N,Non-Junction,None,,,         ,Wesley,Feinstein,Clear,"Sideswipe, Same Direction",no,no,no,no,no,False
101161650,METROPOLITAN NASHVILLE POLICE DEPT,2016-0329467,Davidson,Nashville,4/10/2016 5:52:00 PM,2,1,0,36.060970,-86.903850,OLD HICKORY BLVD,,,,541.00,Feet,South,HIGHWAY 100,,,,0.00,N,Not at Intersection,N,Non-Junction,None,,,         ,Michael,Rogers,Clear,Front to Rear,no,no,no,no,no,False
101161652,METROPOLITAN NASHVILLE POLICE DEPT,2016-0329567,Davidson,Nashville,4/10/2016 12:00:00 AM,2,0,0,36.099090,-86.769150,NORWOOD DR,,,,878.00,Feet,East,FRANKLIN PKE,,,,0.00,N,Not at Intersection,N,OtherLocation,None,,,         ,Austin,Kendrick,Clear,Unknown,no,no,no,yes,yes,False
101161682,METROPOLITAN NASHVILLE POLICE DEPT,2016-0329685,Davidson,Not in City Limit,4/10/2016 6:47:00 PM,1,1,0,36.202110,-86.979710,RIVER ROAD PKE,,,,738.00,Feet,West,RIVER ROAD PKE PVTDR,,,,0.00,N,Not at Intersection,N,Non-Junction,None,,,         ,Michael,Rogers,Clear,Not Collision with Motor Vehicle in Transport,no,no,no,no,no,False
101161688,METROPOLITAN NASHVILLE POLICE DEPT,2016-0322705,Davidson,Nashville,4/8/2016 7:46:00 AM,2,0,0,36.153710,-86.721560,LEBANON PKE,,,,0.00,,,SPENCE LN,,,,0.00,Y,Four-Way, ,Intersection,None,,,         ,Jeb,Johnston,Clear,HeadOn,no,no,no,no,no,False
101161692,METROPOLITAN NASHVILLE POLICE DEPT,20160327434,Davidson,Nashville,4/9/2016 7:00:00 PM,2,0,0,36.206270,-86.773480,W TRINITY LN,,,,0.00,,,I65 N ENT RAMP,,,,0.00,Y,T-Intersection, ,Intersection,None,,,         ,Christopher,Valdez,Clear,Angle,no,no,no,no,no,False
101161693,METROPOLITAN NASHVILLE POLICE DEPT,20160329362,Davidson,Nashville,4/10/2016 4:25:00 PM,2,0,0,36.233090,-86.758670,DICKERSON PKE,,,,0.00,,,MAPLEWOOD TRC,,,,0.00,Y,Four-Way, ,Intersection-Related,None,,,         ,Christopher,Valdez,Clear,Front to Rear,no,no,no,no,yes,False
101161709,METROPOLITAN NASHVILLE POLICE DEPT,20160329703,Davidson,Nashville,4/10/2016 7:02:00 PM,2,0,0,36.066350,-86.717790,NOLENSVILLE PKE,,,,123.00,Feet,South,NORTHCREST DR,,,,0.00,N,Not at Intersection,N,Non-Junction,None,,,         ,Jacob,Masteller,Clear,Front to Rear,no,no,no,no,no,False
101161710,METROPOLITAN NASHVILLE POLICE DEPT,2016-0323033,Davidson,Nashville,4/8/2016 9:58:00 AM,2,1,0,0.000000,0.000000,OLD HICKORY BLVD,,SR45,,0.00,,,BRIDGEWAY,,SR,,0.00,Y,Four-Way,N,Intersection,None,,,         ,Jeb,Johnston,Clear,HeadOn,no,no,no,no,no,False
101161711,METROPOLITAN NASHVILLE POLICE DEPT,20160329731,Davidson,Nashville,4/10/2016 8:00:00 PM,2,1,0,36.051320,-86.673240,BLUE HOLE RD,,,,203.00,Feet,North,TIMBERLAKE WAY,,,,0.00,N,Not at Intersection,N,Non-Junction,None,,,         ,Jeffrey,Livingston,Clear,Front to Rear,no,no,no,no,no,False
101161721,METROPOLITAN NASHVILLE POLICE DEPT,20160328370,Davidson,Nashville,4/10/2016 6:00:00 AM,2,0,0,36.118210,-86.725940,I 24,,,,0.00,,,,,,,53.05,N,Not at Intersection,N,Non-Junction,None,,,         ,Ethan,Luffman,Clear,Front to Rear,no,no,no,no,no,False
101161722,METROPOLITAN NASHVILLE POLICE DEPT,20160329845,Davidson,Not in City Limit,4/10/2016 8:45:00 PM,2,0,0,36.281190,-86.703870,FLORENCE AV,,,,218.00,Feet,East,MCKINLEY ST,,,,0.00,N,Not at Intersection,N,Non-Junction,None,,,         ,Jordan,Lowry,Clear,Angle,no,no,no,no,yes,False
101161723,METROPOLITAN NASHVILLE POLICE DEPT,20160329219,Davidson,Nashville,4/10/2016 3:35:00 PM,1,1,0,36.134240,-86.774280,WEDGEWOOD AV,,,,76.00,Feet,West,LINDELL AV,,,,0.00,N,Not at Intersection,N,Non-Junction,None,,,         ,Conner,Harris,Cloudy,Not Collision with Motor Vehicle in Transport,no,no,no,no,no,False
101161728,METROPOLITAN NASHVILLE POLICE DEPT,20160324761,Davidson,Nashville,4/8/2016 7:39:00 PM,2,0,0,36.190170,-86.810820,14TH AVN,,,,0.00,Feet,East,KELLOW ST,,,,0.00,N,Not at Intersection, ,Non-Junction,None,,,         ,Jessica,Johnson,Clear,Angle,no,no,no,no,yes,False
101161733,METROPOLITAN NASHVILLE POLICE DEPT,20160329100,Davidson,Nashville,4/10/2016 2:49:00 PM,1,1,0,36.057180,-86.773920,I 65,,,,0.00,,,,,,,75.00,N,Not at Intersection,N,Non-Junction,None,,,         ,Miguel,Garcia,Clear,Not Collision with Motor Vehicle in Transport,no,no,no,no,no,False
101161734,METROPOLITAN NASHVILLE POLICE DEPT,20160329876,Davidson,Nashville,4/10/2016 9:45:00 PM,1,0,0,36.026910,-86.743670,EDMONDSON PKE,,,,662.00,Feet,East,CLOVERLAND DR,,,,0.00,N,Not at Intersection,N,Non-Junction,None,,,         ,Miguel,Garcia,Clear,Not Collision with Motor Vehicle in Transport,no,no,no,no,yes,False
101161755,METROPOLITAN NASHVILLE POLICE DEPT,20160328102,Davidson,Nashville,4/10/2016 1:50:00 AM,2,0,0,36.144130,-86.692920,I 40,,,,0.00,,,,,,,215.10,N,Not at Intersection,N,Non-Junction,None,,,         ,Robert,Fondren,Cloudy,"Sideswipe, Same Direction",no,no,no,no,yes,False
101161761,METROPOLITAN NASHVILLE POLICE DEPT,20160328108,Davidson,Nashville,4/10/2016 2:03:00 AM,2,0,0,36.161020,-86.777200,BROADWAY,,,,0.00,,,4TH AVN,,,,0.00,Y,OTHER,N,Non-Junction,None,,,         ,Carlos,angulo,Clear,"Sideswipe, Same Direction",no,no,no,no,yes,False
101161769,Nashville Airport Police,2016-00873,Davidson,Nashville,4/10/2016 12:00:00 AM,2,0,0,36.135960,-86.663620,DONELSON PKES,,,,0.00,,,DONELSON PKE,,,,0.00,Y,T-Intersection,Y,Intersection-Related,None,,,         ,Nathan,Holt,Clear,Angle,no,no,no,no,no,False
101161780,METROPOLITAN NASHVILLE POLICE DEPT,20160329985,Davidson,Nashville,4/10/2016 11:00:00 PM,2,0,0,36.032750,-86.770820,CHURCH STE,,,,630.00,Feet,West,CLOVERLAND DR,,,,0.00,N,Not at Intersection,N,Non-Junction,None,,,         ,Marc,Haugen,Clear,Front to Rear,no,no,no,no,no,False
101161788,METROPOLITAN NASHVILLE POLICE DEPT,20160330087,Davidson,Nashville,4/11/2016 12:08:00 AM,2,0,0,36.187680,-86.775340,I 24,,,,0.00,,,,,,,47.10,N,Not at Intersection, ,Non-Junction,None,,,         ,Jeremy,Kidd,Clear,"Sideswipe, Same Direction",no,no,no,no,no,False
101161794,METROPOLITAN NASHVILLE POLICE DEPT,20160329965,Davidson,Nashville,4/10/2016 10:50:00 PM,2,0,0,36.092040,-86.922480,OLD HICKORY BLVD,,,,831.00,Feet,North,THE RESERVE PVTDR,,,,0.00,N,Not at Intersection, ,Non-Junction,None,,,         ,Aaron,Wigginton,Clear,Front to Rear,no,no,no,no,no,False