master_record_number,agency,agency_tracking_number,county,city,collision_date,vehicles_involved,number_injured,number_dead,latitude,longitude,roadway_name,roadway_suffix,roadway_number,roadway_local_id,distance_from_reference,miles-feet_indicator,direction_from_reference,intersection_road_name,intersection_road_name_suffix,intersection_road_number,intersection_local_id,mile_marker,intersection_indicator,intersect_type,interchange_related_indicator,relation_to_junction,work_zone_type,construction_maintenance_zone,construction_maintenance_zone_location,fatal_case_number,officer_first_name,officer_last_name,weather_condition(s),manner_of_crash,pedestrian,bicycle,scooter,parking,hitrun,mou
101163581,METROPOLITAN NASHVILLE POLICE DEPT,20160339927,Davidson,Nashville,4/13/2016 4:54:00 PM,2,0,0,36.162350,-86.759750,CRUTCHER ST,,,,135.00,Feet,West,S 5TH ST,,,,0.00,N,Not at Intersection, ,Non-Junction,None,,,         ,Brian,Theriac,Clear,Angle,no,no,no,no,no,False
101163583,METROPOLITAN NASHVILLE POLICE DEPT,20160339655,Davidson,Nashville,4/13/2016 3:36:00 PM,2,0,0,36.176840,-86.776520,SPRING ST,,,,100.00,Feet,West,COWAN ST,,,,0.00,N,Not at Intersection, ,Non-Junction,None,,,         ,Caleb,Rogan,Clear,Front to Rear,no,no,no,no,no,False
101163596,METROPOLITAN NASHVILLE POLICE DEPT,20160340220,Davidson,Nashville,4/13/2016 6:20:00 PM,2,0,0,36.164680,-86.802180,17TH AVN,,,,0.00,,,HERMAN ST,,,,0.00,Y,Four-Way,Y,Intersection,None,,,         ,Michael,Brooks,Clear,Angle,no,no,no,no,no,False
101163616,METROPOLITAN NASHVILLE POLICE DEPT,20160316921,Davidson,Nashville,4/6/2016 3:35:00 PM,2,0,0,36.037470,-86.786080,OLD HICKORY BLVD,,,,73.00,Feet,West,WILSON PIKE CIR,,,,0.00,N,Not at Intersection, ,Non-Junction,None,,,         ,Miguel,Garcia,Clear,"Sideswipe, Same Direction",no,no,no,no,no,False
101163617,METROPOLITAN NASHVILLE POLICE DEPT,20160337071,Davidson,Nashville,4/12/2016 9:58:00 PM,2,0,0,36.045480,-86.718830,OLD HICKORY BLVD,,,,142.00,Feet,West,HICKORY TRACE DR,,,,0.00,N,Not at Intersection, ,Non-Junction,None,,,         ,Miguel,Garcia,Clear,Front to Rear,no,no,no,no,no,False
101163618,METROPOLITAN NASHVILLE POLICE DEPT,20160339980,Davidson,Nashville,4/13/2016 5:05:00 PM,1,1,0,36.096260,-86.762910,I 65,,,,0.00,,,,,,,78.80,N,Not at Intersection,N,Non-Junction,None,,,         ,Miguel,Garcia,Clear,Not Collision with Motor Vehicle in Transport,no,no,no,no,no,False
101163623,METROPOLITAN NASHVILLE POLICE DEPT,20160340423,Davidson,Nashville,4/13/2016 6:38:00 PM,2,0,0,36.044940,-86.696360,BELL RD,,,,719.00,Feet,West,BENZING RD,,,,0.00,N,Not at Intersection,N,Non-Junction,None,,,         ,Joseph,Progar,Clear,Front to Rear,no,no,no,no,no,False
101163624,METROPOLITAN NASHVILLE POLICE DEPT,20160339852,Davidson,Nashville,4/13/2016 4:20:00 PM,5,0,0,36.148480,-86.822280,I 440,,,,0.00,,,,,,,1.35,N,Not at Intersection,N,Non-Junction,None,,,         ,Eric,Burford,Clear,Front to Rear,no,no,no,no,yes,False
101163629,METROPOLITAN NASHVILLE POLICE DEPT,20160340506,Davidson,Nashville,4/13/2016 8:00:00 PM,2,2,0,36.194520,-86.618710,OLD HICKORY BLVD,,,,168.00,Feet,West,HERMITAGE MARKETPLACE PVTDR,,,,0.00,N,Not at Intersection,N,OtherLocation,None,,,         ,Christopher,Mackey,Clear,Other,no,no,no,no,no,False
101163630,METROPOLITAN NASHVILLE POLICE DEPT,20160327125,Davidson,Goodlettsville,4/9/2016 4:58:00 PM,2,0,0,36.304160,-86.689740,RIVERGATE MARKETPLACE PVTDR,,,,9.00,Feet,South,GALLATIN PKEN,,,,0.00,N,Not at Intersection, ,Non-Junction,None,,,         ,Carlos,Urrutia,Clear,"Sideswipe, Opposite Direction",no,no,no,no,no,False
101163631,METROPOLITAN NASHVILLE POLICE DEPT,20160336193,Davidson,Not in City Limit,4/13/2016 4:55:00 PM,2,0,0,36.308530,-86.681820,GALLATIN PKEN,,,,88.00,Feet,West,RIVERCHASE BLVD,,,,0.00,N,Not at Intersection, ,Non-Junction,None,,,         ,Carlos,Urrutia,Clear,Front to Rear,no,no,no,no,no,False
101163637,METROPOLITAN NASHVILLE POLICE DEPT,20160340886,Davidson,Nashville,4/13/2016 10:36:00 PM,2,0,0,36.171820,-86.591000,CENTRAL PKE,,,,200.00,Feet,East,VALLEY GROVE DR,,,,0.00,N,Not at Intersection,N,Non-Junction,None,,,         ,Tyler,Conrads,Clear,Front to Rear,no,no,no,no,yes,False
101163640,METROPOLITAN NASHVILLE POLICE DEPT,20160340703,Davidson,Nashville,4/13/2016 9:24:00 PM,2,1,0,36.135990,-86.698810,ARBOR CREEK BLVD,,,,0.00,,,BRILEY PKWY,,,,0.00,Y,Four-Way,Y,Intersection,None,,,         ,Thomas,Barnes,Clear,Front to Rear,no,no,no,no,yes,False
101163642,METROPOLITAN NASHVILLE POLICE DEPT,20160338038,Davidson,Nashville,4/13/2016 6:00:00 AM,2,0,0,36.153010,-86.765380,I 40,,,,0.00,,,,,,,210.65,N,Not at Intersection,N,Non-Junction,None,,,         ,William,Thorowgood,Clear,Front to Rear,no,no,no,no,no,False
101163650,METROPOLITAN NASHVILLE POLICE DEPT,20160338031,Davidson,Nashville,4/13/2016 12:00:00 AM,2,0,0,36.142290,-86.734840,I 40,,,,0.00,,,,,,,212.80,N,Not at Intersection, ,Non-Junction,None,,,         ,Austin,Childress,Clear,"Sideswipe, Same Direction",no,no,no,no,no,False
101163651,METROPOLITAN NASHVILLE POLICE DEPT,20160326720,Davidson,Nashville,4/9/2016 2:36:00 PM,3,0,0,36.154440,-86.760360,I 40,,,,0.00,,,,,,,211.00,N,Not at Intersection,N,Non-Junction,None,,,         ,John,Daugherty,Clear,Front to Rear,no,no,no,no,no,False
101163655,METROPOLITAN NASHVILLE POLICE DEPT,20160339805,Davidson,Nashville,4/13/2016 4:14:00 PM,2,0,0,36.153260,-86.764290,I 40,,,,0.00,,,,,,,210.70,N,Not at Intersection, ,Non-Junction,None,,,         ,Bryan,Byrnes,Clear,"Sideswipe, Same Direction",no,no,no,no,no,False
101163658,METROPOLITAN NASHVILLE POLICE DEPT,20160340939,Davidson,Nashville,4/13/2016 10:15:00 PM,2,0,0,36.131190,-86.716870,MURFREESBORO PKE,,,,0.00,,,FOOTHILL DR,,,,0.00,Y,T-Intersection, ,Intersection,None,,,         ,Bridget,Griepentrog,Clear,Angle,no,no,no,no,no,False
101163665,METROPOLITAN NASHVILLE POLICE DEPT,20160341061,Davidson,Nashville,4/13/2016 11:25:00 PM,1,1,0,36.204370,-86.821270,BUENA VISTA PKE,,,,79.00,Feet,South,TUCKER RD,,,,0.00,N,Not at Intersection,N,Non-Junction,None,,,         ,Charles,Duke,Clear,Not Collision with Motor Vehicle in Transport,no,no,no,no,no,False
101163669,METROPOLITAN NASHVILLE POLICE DEPT,2016-0334263,Davidson,Nashville,4/12/2016 5:50:00 AM,2,0,0,36.156460,-86.787410,12TH AVS,,,,50.00,Feet,South,BROADWAY,,,,0.00,N,Not at Intersection, ,Non-Junction,None,,,         ,Travis,Baxter,Clear,"Sideswipe, Same Direction",no,no,no,no,no,False
101163670,METROPOLITAN NASHVILLE POLICE DEPT,20160341119,Davidson,Antioch,4/13/2016 11:37:00 PM,2,0,0,0.000000,0.000000,MT. VIEW,RD,,,0.00,,,MURFREESBORO,RD,US,,0.00,Y,Four-Way,Y,Intersection,None,,,         ,Ethan,Luffman,Cloudy,Rear to Side,no,no,no,no,no,False
101163673,METROPOLITAN NASHVILLE POLICE DEPT,20160341120,Davidson,Nashville,4/13/2016 11:45:00 PM,2,0,0,36.044810,-86.724890,AMALIE DR,,,,0.00,,,OLD HICKORY BLVD,,,,0.00,Y,Four-Way,N,Non-Junction,None,,,         ,Marc,Haugen,Clear,Front to Rear,no,no,no,no,yes,False
101163680,METROPOLITAN NASHVILLE POLICE DEPT,20160337450,Davidson,Nashville,4/13/2016 12:39:00 AM,2,0,0,36.108900,-86.724590,I24 E ENT RAMP,,,,0.00,,,BRILEY PKWYN,,,,0.00,Y,T-Intersection,N,Intersection-Related,None,,,         ,Benjamin,Winkler,Clear,Front to Rear,no,no,no,no,yes,False
101163695,METROPOLITAN NASHVILLE POLICE DEPT,20160341137,Davidson,Nashville,4/13/2016 11:56:00 PM,2,2,0,36.178420,-86.774460,N 1ST ST,,,,115.00,Feet,South,EXIT 47,,,,0.00,N,Not at Intersection,N,Entrance/Exit Ramp Related,None,,,         ,Kelcey,Bell,Clear,Angle,no,no,no,no,no,False
101163703,METROPOLITAN NASHVILLE POLICE DEPT,20160337484,Davidson,Nashville,4/13/2016 12:00:00 AM,1,0,0,36.110880,-86.713980,BRILEY PKWYS,,,,165.00,Feet,East,I24 W ENT RAMP,,,,0.00,N,Not at Intersection,N,Non-Junction,None,,,         ,Benjamin,Winkler,Clear,Not Collision with Motor Vehicle in Transport,no,no,no,no,no,False
101163727,METROPOLITAN NASHVILLE POLICE DEPT,20160339378,Davidson,Nashville,4/13/2016 1:30:00 PM,2,0,0,36.154410,-86.740280,LEBANON PKE,,,,205.00,Feet,West,OMOHUNDRO PL,,,,0.00,N,Not at Intersection, ,Non-Junction,None,,,         ,Ralph,Harvey,Clear,Front to Rear,no,no,no,no,no,False
101163728,METROPOLITAN NASHVILLE POLICE DEPT,2016-0331901,Davidson,Nashville,4/11/2016 1:09:00 PM,2,0,0,36.151690,-86.803720,ELLISTON PL,,,,0.00,,,22ND AVN,,,,0.00,Y,OTHER,N,Non-Junction,None,,,         ,Jonathan,Seidl,Cloudy,Angle,no,no,no,no,no,Campus
101163772,METROPOLITAN NASHVILLE POLICE DEPT,20160338014,Davidson,Nashville,4/13/2016 12:00:00 AM,2,1,0,36.162080,-86.619260,I 40,,,,0.00,,,,,,,219.70,N,Not at Intersection,N,Non-Junction,None,,,         ,Ashley,Arnold,Clear,"Sideswipe, Same Direction",no,no,no,no,yes,False
101163787,METROPOLITAN NASHVILLE POLICE DEPT,20160342152,Davidson,Nashville,4/14/2016 7:50:00 AM,2,0,0,36.156610,-86.760540,I40 W ENT RAMP,,,,0.00,,,I 24,,,,0.00,Y,Y-Intersection, ,Non-Junction,None,,,         ,Clint,Gilleland,Cloudy,Front to Rear,no,no,no,no,no,False
101163793,METROPOLITAN NASHVILLE POLICE DEPT,20160342108,Davidson,Nashville,4/14/2016 7:50:00 AM,2,2,0,36.169550,-86.600980,OLD HICKORY BLVD,,,,0.00,,,I40 E ENT RAMP,,,,0.00,Y,Four-Way,Y,Intersection-Related,None,,,         ,Evan,Hibschman,Cloudy,Angle,no,no,no,no,no,False
101163794,METROPOLITAN NASHVILLE POLICE DEPT,2016-0342242,Davidson,Nashville,4/14/2016 8:15:00 AM,2,0,0,36.154890,-86.779150,8TH AVS,,,,0.00,,,KOREAN VETERANS BLVD,,,,0.00,Y,Roundabout, ,Intersection-Related,None,,,         ,Daniel,Massey,Cloudy,"Sideswipe, Same Direction",no,no,no,no,no,False
101163795,METROPOLITAN NASHVILLE POLICE DEPT,20160335344,Davidson,Not in City Limit,4/12/2016 1:30:00 PM,2,0,0,36.272120,-86.689560,ANDERSON LN,,,,0.00,,,MYATT DR,,,,0.00,Y,Four-Way, ,Intersection-Related,None,,,         ,Jeffery,Burnette,Clear,Front to Rear,no,no,no,no,no,False
101163798,METROPOLITAN NASHVILLE POLICE DEPT,20160341979,Davidson,Nashville,4/14/2016 6:43:00 AM,2,0,0,36.143140,-86.705520,I 40,,,,0.00,,,,,,,214.45,N,Not at Intersection, ,Non-Junction,None,,,         ,James,Curtis,Cloudy,Front to Rear,no,no,no,no,no,False
101163799,METROPOLITAN NASHVILLE POLICE DEPT,20160342228,Davidson,Nashville,4/14/2016 8:20:00 AM,2,0,0,36.220490,-86.597580,ANDREW JACKSON PKWY,,,,83.00,Feet,North,WEMBLEY DR,,,,0.00,N,Not at Intersection, ,,None,,,         ,James,Curtis,,,no,no,no,no,no,False
101163800,METROPOLITAN NASHVILLE POLICE DEPT,20160342092,Davidson,Not in City Limit,4/14/2016 7:44:00 AM,2,0,0,36.045470,-86.950560,TEMPLE RD,,,,0.00,,,HIGHWAY 100,,,,0.00,Y,Four-Way, ,Intersection-Related,None,,,         ,Kristen,Morgan,Rain,Front to Rear,no,no,no,no,no,False
101163801,METROPOLITAN NASHVILLE POLICE DEPT,20160341973,Davidson,Nashville,4/14/2016 6:51:00 AM,2,0,0,36.196250,-86.752550,ELLINGTON PKWYS,,,,351.00,Feet,North,ELLINGTON PKWY S EXT RAMP,,,,0.00,N,Not at Intersection, ,Non-Junction,None,,,         ,Jared,Eaves,Clear,Front to Rear,no,no,no,no,no,False
101163802,METROPOLITAN NASHVILLE POLICE DEPT,20160342161,Davidson,Nashville,4/14/2016 12:00:00 AM,2,0,0,36.198080,-86.765430,PENNOCK AV,,,,417.00,Feet,East,MARIE ST,,,,0.00,N,Not at Intersection,N,Non-Junction,None,,,         ,Jared,Eaves,Unknown,"Sideswipe, Same Direction",no,no,no,no,yes,False
101163803,METROPOLITAN NASHVILLE POLICE DEPT,20160342180,Davidson,Nashville,4/14/2016 8:10:00 AM,2,0,0,36.176760,-86.772460,I 24,,,,0.00,,,,,,,47.90,N,Not at Intersection, ,Non-Junction,None,,,         ,Casey,Tomes,Cloudy,Front to Rear,no,no,no,no,no,False
101163813,METROPOLITAN NASHVILLE POLICE DEPT,20160342167,Davidson,Nashville,4/14/2016 8:10:00 AM,1,1,0,36.073840,-86.693190,LINBAR DR,,,,220.00,Feet,North,MELMACK DR,,,,0.00,N,Not at Intersection,N,Non-Junction,None,,,         ,Brian,Lamb,Rain,Not Collision with Motor Vehicle in Transport,no,no,no,no,no,False
101163815,METROPOLITAN NASHVILLE POLICE DEPT,20160342054,Davidson,Nashville,4/14/2016 7:55:00 AM,3,1,0,36.125880,-86.731980,I 440,,,,0.00,,,,,,,7.30,N,Not at Intersection,N,Non-Junction,None,,,         ,Brian,Penny,Clear,Front to Rear,no,no,no,no,yes,False
101163818,METROPOLITAN NASHVILLE POLICE DEPT,20160342250,Davidson,Nashville,4/14/2016 8:25:00 AM,1,0,0,36.211560,-86.916370,ASHLAND CITY HWY,,,,1375.00,Feet,East,OLD HICKORY BLVD,,,,0.00,N,Not at Intersection,N,Non-Junction,None,,,         ,Gordon,Stovall,Clear,Not Collision with Motor Vehicle in Transport,no,no,no,no,no,False
101163831,METROPOLITAN NASHVILLE POLICE DEPT,20160342318,Davidson,Nashville,4/14/2016 8:20:00 AM,2,0,0,36.099750,-86.763990,I 65,,,,0.00,,,,,,,79.00,N,Not at Intersection, ,,None,,,         ,Johnny,Crumby Jr.,,,no,no,no,no,no,False
101163832,METROPOLITAN NASHVILLE POLICE DEPT,20160342283,Davidson,Goodlettsville,4/14/2016 9:00:00 AM,2,0,0,36.292310,-86.720550,I 65,,,,0.00,,,,,,,94.40,N,Not at Intersection, ,Non-Junction,None,,,         ,Jeffery,Burnette,Cloudy,"Sideswipe, Same Direction",no,no,no,no,no,False
101163833,METROPOLITAN NASHVILLE POLICE DEPT,20160338410,Davidson,Nashville,4/13/2016 8:44:00 AM,1,1,0,36.230640,-86.828860,BRILEY PKWYE,,,,296.00,Feet,East,BRILEY PKWYW,,,,0.00,N,Not at Intersection,N,Non-Junction,None,,,         ,Earnest,Fields,Clear,Not Collision with Motor Vehicle in Transport,no,no,no,no,no,False
101163834,METROPOLITAN NASHVILLE POLICE DEPT,20160342112,Davidson,Nashville,4/14/2016 7:49:00 AM,3,2,0,36.191960,-86.781720,I 65,,,,0.00,,,,,,,86.20,N,Not at Intersection,Y,Non-Junction,None,,,         ,Michael,McCord,Cloudy,Front to Rear,no,no,no,no,no,False
101163838,METROPOLITAN NASHVILLE POLICE DEPT,20160342358,Davidson,Nashville,4/14/2016 9:49:00 AM,2,0,0,36.093420,-86.736270,NOLENSVILLE PKE,,,,0.00,Feet,East,NATCHEZ CT,,,,0.00,N,Not at Intersection, ,Non-Junction,None,,,         ,Micah,Wright,Cloudy,Front to Rear,no,no,no,no,no,False
101163844,METROPOLITAN NASHVILLE POLICE DEPT,2016-0342271,Davidson,Not in City Limit,4/14/2016 8:35:00 AM,2,0,0,36.078760,-87.022500,MCCRORY LN,,,,0.00,,,NEWSOM STATION RD,,,,0.00,Y,T-Intersection,N,Intersection-Related,None,,,         ,Benjamin,Cantrell,Clear,Front to Rear,no,no,no,no,yes,False
101163849,METROPOLITAN NASHVILLE POLICE DEPT,2016-0339950,Davidson,Nashville,4/13/2016 4:57:00 PM,2,0,0,36.049340,-86.870140,OLD HICKORY BLVD,,,,133.00,Feet,West,CHICKERING MEADOW PVTDR,,,,0.00,N,Not at Intersection,N,Non-Junction,None,,,         ,Walter,Gray II,Clear,Front to Rear,no,no,no,no,no,False
101163851,METROPOLITAN NASHVILLE POLICE DEPT,20160326609,Davidson,Nashville,4/9/2016 12:37:00 PM,2,0,0,36.058060,-86.677880,I 24,,,,0.00,,,,,,,58.00,N,Not at Intersection,N,Non-Junction,None,,,         ,Thomas,White,Clear,"Sideswipe, Same Direction",no,no,no,no,no,False
101163852,METROPOLITAN NASHVILLE POLICE DEPT,20160328700,Davidson,Nashville,4/10/2016 10:02:00 AM,2,0,0,36.070370,-86.690140,I 24,,,,0.00,,,,,,,56.90,N,Not at Intersection,N,Non-Junction,None,,,         ,Thomas,White,Rain,Angle,no,no,no,no,no,False
101163853,METROPOLITAN NASHVILLE POLICE DEPT,20160342023,Davidson,Nashville,4/14/2016 7:27:00 AM,2,0,0,36.053380,-86.672810,I 24,,,,0.00,,,,,,,58.45,N,Not at Intersection, ,Non-Junction,None,,,         ,Thomas,White,Rain,"Sideswipe, Same Direction",no,no,no,no,no,False
101163862,METROPOLITAN NASHVILLE POLICE DEPT,20160342234,Davidson,Nashville,4/14/2016 7:55:00 AM,1,0,0,36.028460,-86.648330,CANE RIDGE RD,,,,200.00,Feet,East,OLD FRANKLIN RD,,,,0.00,N,Not at Intersection,N,Non-Junction,None,,,         ,Randall,Combs,Rain,Not Collision with Motor Vehicle in Transport,no,no,no,no,no,False
101163876,METROPOLITAN NASHVILLE POLICE DEPT,2016-0342452,Davidson,Nashville,4/14/2016 9:33:00 AM,3,0,0,36.131250,-86.837130,LAUDERDALE RD,,,,244.00,Feet,North,WEST END AV,,,,0.00,N,Not at Intersection,N,Non-Junction,None,,,         ,Curtis,Rich,Cloudy,Front to Rear,no,no,no,no,no,False
101163879,METROPOLITAN NASHVILLE POLICE DEPT,2016-0338424,Davidson,Nashville,4/13/2016 8:20:00 AM,2,0,0,36.183650,-86.610660,OLD HICKORY BLVD,,,,0.00,,,ANDREW JACKSON PKWY,,,,0.00,Y,Four-Way, ,Intersection,None,,,         ,Michael,Baker,Clear,Front to Rear,no,no,no,no,no,False
101163882,METROPOLITAN NASHVILLE POLICE DEPT,20160342453,Davidson,Antioch,4/14/2016 9:56:00 AM,2,0,0,0.000000,0.000000,HOBSON PIKE,PIKE,SR171,,50.00,Feet,North,MURFREESBORO PIKE,PIKE,70 S,,0.00,N,Not at Intersection, ,,None,,,         ,William,Whitworth,,,no,no,no,no,no,False
101163883,METROPOLITAN NASHVILLE POLICE DEPT,2016-0342269,Davidson,Nashville,4/14/2016 8:41:00 AM,3,3,0,0.000000,0.000000,INTERSTATE 24,,,,200.00,Feet,West,SHELBY AVENUE OVERPASS,,,,0.00,N,Not at Intersection,N,Non-Junction,None,,,         ,William,Vincion,Cloudy,Front to Rear,no,no,no,no,no,False
101163887,METROPOLITAN NASHVILLE POLICE DEPT,20160342328,Davidson,Nashville,4/14/2016 9:03:00 AM,3,1,0,36.168150,-86.788080,ROSA L PARKS BLVD,,,,155.00,Feet,South,HARRISON ST,,,,0.00,N,Not at Intersection,N,Non-Junction,None,,,         ,Pedro,Rivera Chaparro,Clear,Front to Rear,no,no,no,no,no,False
101163895,METROPOLITAN NASHVILLE POLICE DEPT,20160342504,Davidson,Nashville,4/14/2016 10:45:00 AM,3,1,0,36.032640,-86.712820,NOLENSVILLE PKE,,,,325.00,Feet,South,BARNES RD,,,,0.00,N,Not at Intersection,N,Non-Junction,None,,,         ,Jessie,Meadows,Clear,Front to Rear,no,no,no,no,no,False
101163899,METROPOLITAN NASHVILLE POLICE DEPT,20160338193,Davidson,Nashville,4/13/2016 7:25:00 AM,2,0,0,36.177160,-86.800760,I 65,,,,0.00,,,,,,,84.80,N,Not at Intersection, ,,None,,,         ,Rodney,Clark,,,no,no,no,no,no,False
101163904,METROPOLITAN NASHVILLE POLICE DEPT,20160342673,Davidson,Nashville,4/14/2016 11:30:00 AM,2,2,0,36.149690,-86.779180,8TH AVS,,,,0.00,,,DIVISION ST,,,,0.00,Y,Four-Way,Y,Intersection,None,,,         ,Michael,Richardson,Cloudy,Angle,no,no,no,no,no,False
101163912,METROPOLITAN NASHVILLE POLICE DEPT,2016-0342798,Davidson,Nashville,4/14/2016 12:26:00 PM,2,0,0,36.151710,-86.824500,PARK AV,,,,247.00,Feet,West,33RD AVN,,,,0.00,N,Not at Intersection, ,Non-Junction,None,,,         ,Curtis,Rich,Cloudy,Angle,no,no,no,no,no,False
101163927,METROPOLITAN NASHVILLE POLICE DEPT,20160342892,Davidson,Nashville,4/14/2016 12:59:00 PM,2,1,0,36.142600,-86.744440,FESSLERS LN,,,,74.00,Feet,South,MURFREESBORO PKE,,,,0.00,N,Not at Intersection,N,Non-Junction,None,,,         ,Jessie,Meadows,Clear,Front to Rear,no,no,no,no,no,False
101163933,METROPOLITAN NASHVILLE POLICE DEPT,20160342280,Davidson,Nashville,4/14/2016 8:46:00 AM,2,0,0,36.121740,-86.750580,I440 E EXT RAMP,,,,0.00,,,NOLENSVILLE PKE,,,,0.00,Y,OTHER, ,Entrance/Exit Ramp Related,None,,,         ,Donald,Davidson,Cloudy,Front to Rear,no,no,no,no,no,False
101163934,METROPOLITAN NASHVILLE POLICE DEPT,2016-0335450,Davidson,Nashville,4/12/2016 1:00:00 PM,2,0,0,36.193650,-86.801890,LAKE FRONT OFFICE PARK PVTDR,,,,207.00,Feet,West,ATHENS WAY,,,,0.00,N,Not at Intersection, ,,None,,,         ,Darryl,Morton,,,no,no,no,no,no,False
101163935,VANDERBILT UNIVERSITY POLICE,16-0342953,Davidson,Nashville,4/14/2016 12:30:00 PM,2,0,0,36.141950,-86.806650,25TH AVS,,,,268.00,Feet,South,HIGHLAND AV,,,,0.00,N,Not at Intersection, ,Non-Junction,None,,,         ,Brent,Clark,Clear,HeadOn,no,no,no,yes,no,Campus
101163956,METROPOLITAN NASHVILLE POLICE DEPT,20160342714,Davidson,Goodlettsville,4/14/2016 11:43:00 AM,2,0,0,36.302150,-86.692730,RIVERGATE MALL PVTDR,,,,5.00,Feet,West,GALLATIN PKEN,,,,0.00,N,Not at Intersection, ,,None,,,         ,Joshua,Borum,,,no,no,no,no,no,False
101163957,METROPOLITAN NASHVILLE POLICE DEPT,20160343031,Davidson,Not in City Limit,4/14/2016 1:06:00 PM,2,1,0,36.282290,-86.707470,GALLATIN PKEN,,,,29.00,Feet,North,WELWORTH ST,,,,0.00,N,Not at Intersection,N,Non-Junction,None,,,         ,Joshua,Borum,Clear,Front to Rear,no,no,no,no,no,False
101163958,BERRY HILL POLICE DEPT,16-1305,Davidson,Berry Hill,4/14/2016 12:50:00 PM,2,0,0,36.125960,-86.776800,FRANKLIN PKE,,,,0.00,,,,,,,0.00,,, ,"Driveway, Alley Access, etc",None,,,         ,Ronnie,Hill,Clear,"Sideswipe, Same Direction",no,no,no,yes,no,False
101163959,METROPOLITAN NASHVILLE POLICE DEPT,2016-0338859,Davidson,Nashville,4/13/2016 11:00:00 AM,2,1,0,36.168820,-86.813940,I 40,,,,0.00,,,,,,,206.90,N,Not at Intersection,N,Non-Junction,None,,,         ,William,Caillouette,Cloudy,Front to Rear,no,no,no,no,no,False
101163964,GOODLETTSVILLE POLICE DEPT,16-13611,Davidson,Goodlettsville,4/14/2016 12:25:00 PM,2,1,0,36.324180,-86.703860,I 65,,,,0.00,,,STATE HWY 174,,,,0.00,Y,OTHER,Y,Intersection,None,,,         ,Timothy,Preston,Cloudy,Front to Rear,no,no,no,no,no,False
101163965,METROPOLITAN NASHVILLE POLICE DEPT,2016-0342398,Davidson,Nashville,4/14/2016 9:09:00 AM,2,0,0,36.154400,-86.792590,BROADWAY,,,,100.00,Feet,East,16TH AVN,,,,0.00,N,Not at Intersection, ,Non-Junction,None,,,         ,Allen,Bates,Cloudy,"Sideswipe, Same Direction",no,no,no,no,no,False
101163967,METROPOLITAN NASHVILLE POLICE DEPT,20160343033,Davidson,Nashville,4/14/2016 11:45:00 AM,2,0,0,36.137570,-86.800760,WEDGEWOOD AV,,,,0.00,Feet,,21ST AVS,,,,0.00,Y,Four-Way, ,Intersection,None,,,         ,Erik,Wagner,Cloudy,Front to Rear,no,no,no,no,no,Campus
101163972,METROPOLITAN NASHVILLE POLICE DEPT,20160342534,Davidson,Nashville,4/14/2016 10:15:00 AM,2,0,0,36.106610,-86.821650,ABBOTT MARTIN RD,,,,48.00,Feet,East,CROSS CREEK RD,,,,0.00,N,Not at Intersection,N,Non-Junction,None,,,         ,Michael,Hunnicutt,Cloudy,Front to Rear,no,no,no,no,no,False
101163974,METROPOLITAN NASHVILLE POLICE DEPT,20160338250,Davidson,Nashville,4/13/2016 7:49:00 AM,4,0,0,36.115810,-86.782980,I 440,,,,0.00,,,,,,,4.35,N,Not at Intersection,N,Non-Junction,None,,,         ,Phillip,Murphy,Clear,Front to Rear,no,no,no,no,no,False
101163979,METROPOLITAN NASHVILLE POLICE DEPT,20160342963,Davidson,Not in City Limit,4/14/2016 12:48:00 PM,2,0,0,36.263210,-86.757280,WESTCHESTER DR,,,,0.00,,,DICKERSON PKE,,,,0.00,Y,OTHER,N,OtherLocation,None,,,         ,Jeffery,Burnette,Cloudy,Front to Rear,no,no,no,yes,yes,False
101163984,Metro Park Police,20160343268,Davidson,Nashville,4/14/2016 2:16:00 PM,2,0,0,36.156880,-86.806550,21ST AVN,,,,148.00,Feet,North,CHARLOTTE AV,,,,0.00,N,Not at Intersection, ,Non-Junction,None,,,         ,Kevin,Hooper,Cloudy,"Sideswipe, Opposite Direction",no,no,no,no,no,False
101163994,METROPOLITAN NASHVILLE POLICE DEPT,20160343389,Davidson,Nashville,4/14/2016 2:32:00 PM,4,0,0,36.190170,-86.614870,OLD HICKORY BLVD,,,,280.00,Feet,South,OLD LEBANON DIRT RD,,,,0.00,N,Not at Intersection,N,Non-Junction,None,,,         ,Tyler,Conrads,Clear,Front to Rear,no,no,no,no,yes,False
101164003,METROPOLITAN NASHVILLE POLICE DEPT,2016-0343348,Davidson,Nashville,4/14/2016 2:18:00 PM,1,1,0,36.081110,-86.755390,HARDING PL,,,,0.00,,,TIMBERHILL DR,,,,0.00,Y,Four-Way,N,Intersection,None,,,         ,William,King,Cloudy,Not Collision with Motor Vehicle in Transport,no,no,no,no,no,False
101164005,METROPOLITAN NASHVILLE POLICE DEPT,20160339705,Davidson,Nashville,4/13/2016 1:50:00 PM,2,0,0,36.052160,-86.714550,NOLENSVILLE PKE,,,,241.00,Feet,North,OCALA DR,,,,0.00,N,Not at Intersection, ,Non-Junction,None,,,         ,Miguel,Garcia,Clear,"Sideswipe, Same Direction",no,no,no,no,no,False
101164006,METROPOLITAN NASHVILLE POLICE DEPT,20160340188,Davidson,Nashville,4/13/2016 5:39:00 PM,2,0,0,36.080420,-86.746720,BINKLEY DR,,,,370.00,Feet,South,LYNN DR,,,,0.00,N,Not at Intersection, ,Non-Junction,None,,,         ,Miguel,Garcia,Clear,Rear to Side,no,no,no,no,no,False