master_record_number,agency,agency_tracking_number,county,city,collision_date,vehicles_involved,number_injured,number_dead,latitude,longitude,roadway_name,roadway_suffix,roadway_number,roadway_local_id,distance_from_reference,miles-feet_indicator,direction_from_reference,intersection_road_name,intersection_road_name_suffix,intersection_road_number,intersection_local_id,mile_marker,intersection_indicator,intersect_type,interchange_related_indicator,relation_to_junction,work_zone_type,construction_maintenance_zone,construction_maintenance_zone_location,fatal_case_number,officer_first_name,officer_last_name,weather_condition(s),manner_of_crash,pedestrian,bicycle,scooter,parking,hitrun,mou
101165009,METROPOLITAN NASHVILLE POLICE DEPT,20160347444,Davidson,Nashville,4/15/2016 5:01:00 PM,2,0,0,36.154630,-86.779160,8TH AVS,,,,0.00,,,LAFAYETTE ST,,,,0.00,Y,Roundabout,N,Intersection,None,,,         ,Jason,Thomas,Clear,Angle,no,no,no,no,no,False
101165011,METROPOLITAN NASHVILLE POLICE DEPT,20160347741,Davidson,Nashville,4/15/2016 5:51:00 PM,2,0,0,36.125050,-86.733890,I 440,,,,0.00,,,,,,,7.20,N,Not at Intersection,N,Non-Junction,None,,,         ,David,Hughes,Clear,Front to Rear,no,no,no,no,no,False
101165013,METROPOLITAN NASHVILLE POLICE DEPT,20160347160,Davidson,Nashville,4/15/2016 3:15:00 PM,4,1,0,36.145870,-86.741500,I 40,,,,0.00,,,,,,,212.20,N,Not at Intersection,N,Non-Junction,None,,,         ,Brent,Hedgcoth,Clear,Front to Rear,no,no,no,no,no,False
101165014,METROPOLITAN NASHVILLE POLICE DEPT,20160347531,Davidson,Nashville,4/15/2016 6:47:00 PM,3,2,0,36.143420,-86.687120,I 40,,,,0.00,,,,,,,215.45,N,Not at Intersection,N,Non-Junction,None,,,         ,Brent,Hedgcoth,Clear,Front to Rear,no,no,no,no,no,False
101165017,METROPOLITAN NASHVILLE POLICE DEPT,20160348054,Davidson,Nashville,4/15/2016 8:50:00 PM,3,1,0,36.095600,-86.737370,NOLENSVILLE PKE,,,,85.00,Feet,South,WHEELER AV,,,,0.00,N,Not at Intersection,N,Unknown,None,,,         ,Rickie,Corman,Clear,Front to Rear,no,no,no,no,yes,False
101165024,METROPOLITAN NASHVILLE POLICE DEPT,20160347567,Davidson,Nashville,4/15/2016 5:50:00 PM,2,0,0,36.212330,-86.751890,ALLENWOOD DR,,,,0.00,,,,,,,0.00,,,N,Non-Junction,None,,,         ,Joshua,Lippert,Clear,Not Collision with Motor Vehicle in Transport,no,no,no,yes,no,False
101165034,METROPOLITAN NASHVILLE POLICE DEPT,20160347203,Davidson,Nashville,4/15/2016 3:16:00 PM,2,0,0,36.195360,-86.776150,I 65,,,,0.00,,,,,,,86.55,N,Not at Intersection, ,Non-Junction,None,,,         ,Michael,Brooks,Clear,"Sideswipe, Same Direction",no,no,no,no,no,False
101165035,METROPOLITAN NASHVILLE POLICE DEPT,20160347625,Davidson,Nashville,4/15/2016 6:11:00 PM,1,1,0,36.174930,-86.756630,S 9TH ST,,,,0.00,,,WOODLAND ST,,,,0.00,Y,Four-Way,Y,Intersection,None,,,         ,Michael,Brooks,Clear,Not Collision with Motor Vehicle in Transport,no,yes,no,no,yes,False
101165036,METROPOLITAN NASHVILLE POLICE DEPT,20160347691,Davidson,Nashville,4/15/2016 6:42:00 PM,2,0,0,36.183720,-86.807920,CLAY ST,,,,38.00,Feet,East,12TH AVN,,,,0.00,N,Not at Intersection,N,Non-Junction,None,,,         ,Michael,Brooks,Clear,Angle,no,no,no,no,yes,False
101165037,METROPOLITAN NASHVILLE POLICE DEPT,20160347911,Davidson,Not in City Limit,4/15/2016 7:53:00 PM,1,0,0,36.307310,-86.817830,CLAY LICK RD,,,,0.61,Miles,West,CLAY LICK CT,,,,0.00,N,Not at Intersection, ,Non-Junction,None,,,         ,Michael,Brooks,Clear,Not Collision with Motor Vehicle in Transport,no,no,no,no,no,False
101165038,METROPOLITAN NASHVILLE POLICE DEPT,20160348243,Davidson,Nashville,4/15/2016 9:54:00 PM,2,0,0,36.223700,-86.806290,WHITES CREEK PKE,,,,0.00,,,KNIGHT DR,,,,0.00,Y,T-Intersection,Y,Intersection,None,,,         ,Michael,Brooks,Clear,Angle,no,no,no,no,yes,False
101165040,METROPOLITAN NASHVILLE POLICE DEPT,20160348434,Davidson,Nashville,4/15/2016 12:00:00 AM,2,0,0,36.208360,-86.766200,QUEEN AV,,,,317.00,Feet,East,DICKERSON PKE,,,,0.00,N,Not at Intersection, ,Non-Junction,None,,,         ,Edward,Conrads,Clear,"Sideswipe, Same Direction",no,no,no,yes,yes,False
101165044,METROPOLITAN NASHVILLE POLICE DEPT,20160348289,Davidson,Nashville,4/15/2016 10:06:00 PM,2,1,0,36.150030,-86.748600,I 40,,,,0.00,,,,,,,211.70,N,Not at Intersection,N,Non-Junction,None,,,         ,Felipe,Pereira,Clear,"Sideswipe, Same Direction",no,no,no,no,no,False
101165049,METROPOLITAN NASHVILLE POLICE DEPT,20160348398,Davidson,Not in City Limit,4/15/2016 10:00:00 PM,2,0,0,36.101510,-86.934390,I 40,,,,0.00,,,,,,,198.30,N,Not at Intersection, ,Non-Junction,None,,,         ,Jeffrey,Barfield,Clear,"Sideswipe, Same Direction",no,no,no,no,no,False
101165070,METROPOLITAN NASHVILLE POLICE DEPT,20160348394,Davidson,Nashville,4/15/2016 10:59:00 PM,2,1,0,36.204950,-86.588700,LEESA ANN LN,,,,180.00,Feet,West,STONER MILL LN,,,,0.00,N,Not at Intersection,N,Non-Junction,None,,,         ,Bridget,Griepentrog,Clear,HeadOn,no,no,no,no,no,False
101165071,METROPOLITAN NASHVILLE POLICE DEPT,20160348505,Davidson,Nashville,4/15/2016 11:55:00 PM,2,0,0,36.160340,-86.776760,4TH AVS,,,,166.00,Feet,North,SYMPHONY PL,,,,0.00,N,Not at Intersection, ,Non-Junction,None,,,         ,John,Anderson,Clear,Angle,no,no,no,no,no,False
101165095,METROPOLITAN NASHVILLE POLICE DEPT,20160347304,Davidson,Nashville,4/15/2016 5:20:00 PM,2,0,0,36.131080,-86.726840,I 24,,,,0.00,,,,,,,52.10,N,Not at Intersection,N,Non-Junction,None,,,         ,Jessie,Meadows,Clear,Front to Rear,no,no,no,no,no,False
101165096,METROPOLITAN NASHVILLE POLICE DEPT,20160347023,Davidson,Nashville,4/15/2016 5:39:00 PM,2,0,0,36.130960,-86.750350,POLK AV,,,,114.00,Feet,South,HUTTON DR,,,,0.00,N,Not at Intersection, ,Non-Junction,None,,,         ,Jessie,Meadows,Clear,"Sideswipe, Same Direction",no,no,no,no,no,False
101165097,METROPOLITAN NASHVILLE POLICE DEPT,20160347568,Davidson,Nashville,4/15/2016 6:33:00 PM,3,2,0,36.130610,-86.726940,I 24,,,,0.00,,,,,,,52.15,N,Not at Intersection,N,Non-Junction,None,,,         ,Jessie,Meadows,Clear,Front to Rear,no,no,no,no,yes,False
101165105,METROPOLITAN NASHVILLE POLICE DEPT,2016-0348524,Davidson,Nashville,4/16/2016 12:03:00 AM,1,0,0,36.150360,-86.867070,I 40,,,,0.00,,,,,,,203.40,N,Not at Intersection,N,Non-Junction,None,,,         ,Timothy,Powell,Clear,Not Collision with Motor Vehicle in Transport,no,no,no,no,no,False
101165120,METROPOLITAN NASHVILLE POLICE DEPT,20160348449,Davidson,Nashville,4/15/2016 11:29:00 PM,2,0,0,36.045150,-86.659920,I24 E EXT RAMP,,,,0.00,Feet,East,I 24,,,,0.00,N,Not at Intersection, ,Entrance/Exit Ramp Related,None,,,         ,Autumn,Manning,Clear,Front to Rear,no,no,no,no,no,False
101165122,METROPOLITAN NASHVILLE POLICE DEPT,20160348440,Davidson,Nashville,4/15/2016 10:17:00 PM,2,0,0,36.092330,-86.735480,NOLENSVILLE PKE,,,,0.00,,,,,,,0.00,,, ,Non-Junction,None,,,         ,William,Coy,Clear,Angle,no,no,no,yes,yes,False
101165128,METROPOLITAN NASHVILLE POLICE DEPT,20160348363,Davidson,Nashville,4/15/2016 10:05:00 PM,2,0,0,36.183060,-86.790510,GARFIELD ST,,,,163.00,Feet,West,3RD AVN,,,,0.00,N,Not at Intersection,N,Non-Junction,None,,,         ,Joshua,Green,Clear,Front to Rear,no,no,no,no,no,False
101165143,METROPOLITAN NASHVILLE POLICE DEPT,20160348876,Davidson,Nashville,4/16/2016 3:05:00 AM,1,0,0,36.110010,-86.712120,DRUMMOND DR,,,,109.00,Feet,North,WILDVIEW DR,,,,0.00,N,Not at Intersection,N,Non-Junction,None,,,         ,Kurt,Lewton,Clear,Not Collision with Motor Vehicle in Transport,no,no,no,no,no,False
101165146,METROPOLITAN NASHVILLE POLICE DEPT,20160348724,Davidson,Nashville,4/16/2016 1:04:00 AM,2,2,0,36.229480,-86.759840,EWING DR,,,,170.00,Feet,West,BROADMOOR DR,,,,0.00,N,Not at Intersection,N,Non-Junction,None,,,         ,Jeremy,Kidd,Clear,"Sideswipe, Opposite Direction",yes,no,no,yes,no,False
101165147,METROPOLITAN NASHVILLE POLICE DEPT,20160348846,Davidson,Nashville,4/16/2016 2:51:00 AM,1,1,0,36.152370,-86.752890,I40 W EXT RAMP,,,,189.00,Feet,East,I 40,,,,0.00,N,Not at Intersection,N,Non-Junction,None,,,         ,Daniel,Caruth,Clear,Not Collision with Motor Vehicle in Transport,no,no,no,no,no,False
101165150,METROPOLITAN NASHVILLE POLICE DEPT,20160348885,Davidson,Nashville,4/16/2016 3:12:00 AM,2,1,0,36.066670,-86.717940,NORTHCREST DR,,,,0.00,Feet,,NOLENSVILLE PKE,,,,0.00,Y,Four-Way,N,Intersection,None,,,         ,Autumn,Manning,Clear,Angle,no,no,no,no,yes,False
101165153,METROPOLITAN NASHVILLE POLICE DEPT,20160348973,Davidson,Nashville,4/16/2016 2:02:00 AM,2,0,0,36.162020,-86.774220,1ST AVS,,,,99.00,Feet,South,1ST AVN,,,,0.00,N,Not at Intersection,N,Non-Junction,None,,,         ,Christopher,Hanor,Clear,Angle,no,no,no,yes,yes,False
101165157,METROPOLITAN NASHVILLE POLICE DEPT,20160345738,Davidson,Nashville,4/15/2016 6:05:00 AM,2,0,0,36.044770,-86.661530,CANE RIDGE RD,,,,0.00,,,BELL RD,,,,0.00,Y,Four-Way,N,Intersection,None,,,         ,David,Moser,Clear,Front to Rear,no,no,no,no,no,False
101165171,METROPOLITAN NASHVILLE POLICE DEPT,20160338245,Davidson,Nashville,4/13/2016 7:55:00 AM,2,0,0,36.245620,-86.745740,I 65,,,,0.00,,,,,,,90.80,N,Not at Intersection,N,Non-Junction,None,,,         ,Ethan,Usherwood,Clear,Front to Rear,no,no,no,no,yes,False
101165172,METROPOLITAN NASHVILLE POLICE DEPT,20160348670,Davidson,Nashville,4/16/2016 12:58:00 AM,1,0,0,36.044900,-86.664100,BELL RD,,,,941.00,Feet,East,CEDAR POINTE PKWY,,,,0.00,N,Not at Intersection,N,Non-Junction,None,,,         ,David,Moser,Clear,Not Collision with Motor Vehicle in Transport,no,no,no,yes,no,False
101165182,METROPOLITAN NASHVILLE POLICE DEPT,20160346524,Davidson,Nashville,4/15/2016 10:59:00 AM,2,0,0,36.175650,-86.789850,6TH AVN,,,,253.00,Feet,South,MONROE ST,,,,0.00,N,Not at Intersection, ,,None,,,         ,Earnest,Fields,,,no,no,no,no,no,False
101165183,GOODLETTSVILLE POLICE DEPT,16-13700,Davidson,Goodlettsville,4/15/2016 10:04:00 AM,2,0,0,36.298140,-86.723020,DRY CREEK LN,,,,0.00,Feet,,DICKERSON PKES,,,,0.00,Y,Four-Way, ,Intersection-Related,None,,,         ,John,Spencer,Clear,"Sideswipe, Same Direction",no,no,no,no,no,False
101165210,BERRY HILL POLICE DEPT,16-1321,Davidson,Berry Hill,4/15/2016 11:00:00 AM,2,0,0,36.128590,-86.777890,FRANKLIN PKE,,,,0.00,,,8TH AVS,,,,0.00,Y,Four-Way, ,Intersection,None,,,         ,John,Gleixner,Clear,Angle,no,no,no,no,no,False
101165213,METROPOLITAN NASHVILLE POLICE DEPT,20160346954,Davidson,Nashville,4/15/2016 1:51:00 PM,2,1,0,36.203250,-86.776840,I 65,,,,0.00,,,,,,,87.10,N,Not at Intersection,N,Non-Junction,None,,,         ,Gordon,Stovall,Clear,Front to Rear,no,no,no,no,no,False
101165220,METROPOLITAN NASHVILLE POLICE DEPT,2016-0323223,Davidson,Nashville,4/8/2016 11:05:00 AM,1,1,0,36.144350,-86.691680,I40 W EXT RAMP,,,,0.00,Feet,East,I 40,,,,0.00,N,Not at Intersection,N,Non-Junction,None,,,         ,Jeb,Johnston,Clear,Not Collision with Motor Vehicle in Transport,no,no,no,no,no,False
101165221,METROPOLITAN NASHVILLE POLICE DEPT,20160349196,Davidson,Not in City Limit,4/16/2016 7:15:00 AM,2,0,0,36.276560,-86.707080,SHANNON AV,,,,103.00,Feet,West,REDBIRD CT,,,,0.00,N,Not at Intersection, ,Non-Junction,None,,,         ,Jack,Crouch,Clear,Other,no,no,no,no,no,False
101165228,METROPOLITAN NASHVILLE POLICE DEPT,20160349261,Davidson,Nashville,4/16/2016 7:52:00 AM,1,0,0,36.154270,-86.759390,I 40,,,,0.00,,,,,,,211.00,N,Not at Intersection,N,Non-Junction,None,,,         ,John,Nicholson,Clear,Not Collision with Motor Vehicle in Transport,no,no,no,no,no,False
101165230,METROPOLITAN NASHVILLE POLICE DEPT,20160346598,Davidson,Nashville,4/15/2016 11:30:00 AM,1,1,0,36.159900,-86.773860,DEMONBREUN ST,,,,0.00,,,2ND AVS,,,,0.00,Y,Four-Way,Y,Intersection,Construction Zone,Other,Unknown,         ,Caesar,Harris,Clear,Not Collision with Motor Vehicle in Transport,yes,no,no,no,no,False
101165231,METROPOLITAN NASHVILLE POLICE DEPT,2016-0346271,Davidson,Nashville,4/15/2016 9:53:00 AM,1,1,0,36.185880,-86.676170,FERNBROOK LN,,,,0.00,Feet,East,MCGAVOCK PKE,,,,0.00,N,Not at Intersection,N,Non-Junction,None,,,         ,Jeb,Johnston,Clear,Not Collision with Motor Vehicle in Transport,no,no,no,no,no,False
101165242,METROPOLITAN NASHVILLE POLICE DEPT,2016-0346644,Davidson,Nashville,4/15/2016 12:05:00 PM,2,0,0,36.183500,-86.610760,OLD HICKORY BLVD,,,,0.00,Feet,,ANDREW JACKSON PKWY,,,,0.00,Y,Four-Way,N,Intersection,None,,,         ,Jeb,Johnston,Cloudy,Front to Rear,no,no,no,no,no,False
101165251,METROPOLITAN NASHVILLE POLICE DEPT,2016-0346888,Davidson,Nashville,4/15/2016 1:24:00 PM,2,2,0,36.200320,-86.618600,LEBANON PKE PVTDR,,,,0.00,,,LEBANON PKE,,,,0.00,Y,OTHER,N,Non-Junction,None,,,         ,Michael,Baker,Clear,Angle,no,no,no,no,no,False
101165258,METROPOLITAN NASHVILLE POLICE DEPT,20160349332,Davidson,Nashville,4/16/2016 8:13:00 AM,2,2,0,36.032290,-86.712760,NOLENSVILLE PKE,,,,453.00,Feet,West,BARNES RD,,,,0.00,N,Not at Intersection,N,Non-Junction,None,,,         ,Robert,Erickson,Clear,Front to Rear,no,no,no,no,no,False
101165276,GOODLETTSVILLE POLICE DEPT,16-13855,Davidson,Goodlettsville,4/16/2016 9:36:00 AM,2,0,0,36.301730,-86.710020,I 65,,,,0.00,,,,,,,95.30,N,Not at Intersection,N,Non-Junction,None,,,         ,Rico,Jones,Clear,Front to Rear,no,no,no,no,no,False
101165279,METROPOLITAN NASHVILLE POLICE DEPT,20160349252,Davidson,Madison,4/16/2016 7:50:00 AM,2,0,0,0.000000,0.000000,BRICK CHURCH PIKE,,US31,EWING PIKE,0.00,,,BRICK CHURCH PIKE,,US,EWING DRIVE,0.00,Y,Four-Way, ,Intersection,None,,,         ,Faye,Denson,Clear,Front to Rear,no,no,no,no,no,False
101165280,METROPOLITAN NASHVILLE POLICE DEPT,20160349443,Davidson,Nashville,4/16/2016 10:05:00 AM,1,0,0,36.135210,-86.821600,I440 W ENT RAMP,,,,0.00,,,I 440,,,,0.00,Y,Y-Intersection,N,Entrance/Exit Ramp Related,None,,,         ,George,Ward,Clear,Not Collision with Motor Vehicle in Transport,no,no,no,no,no,False
101165298,METROPOLITAN NASHVILLE POLICE DEPT,20160349471,Davidson,Nashville,4/16/2016 10:11:00 AM,2,0,0,36.152390,-86.682020,ELM HILL PKE,,,,328.00,Feet,West,AIRWAYS CIR,,,,0.00,N,Not at Intersection,N,Non-Junction,None,,,         ,Ralph,Harvey,Clear,Angle,no,no,no,no,no,False
101165302,METROPOLITAN NASHVILLE POLICE DEPT,20160349484,Davidson,Nashville,4/16/2016 10:38:00 AM,2,1,0,36.044770,-86.661530,CANE RIDGE RD,,,,0.00,,,BELL RD,,,,0.00,Y,Four-Way,N,Intersection,None,,,         ,Robert,Erickson,Clear,Angle,no,no,no,no,no,False
101165316,METROPOLITAN NASHVILLE POLICE DEPT,20160349606,Davidson,Nashville,4/16/2016 11:59:00 AM,2,0,0,36.081780,-86.727000,NOLENSVILLE PKE,,,,313.00,Feet,South,WELSHWOOD DR,,,,0.00,N,Not at Intersection, ,Non-Junction,None,,,         ,Paul,Ellis,Clear,"Sideswipe, Opposite Direction",no,no,no,no,yes,False
101165320,METROPOLITAN NASHVILLE POLICE DEPT,2016-0349586,Davidson,Nashville,4/16/2016 11:55:00 AM,2,0,0,36.125590,-86.630040,BELL RD,,,,6.00,Feet,South,HAMPTONS APT PVTDR,,,,0.00,N,Not at Intersection, ,Non-Junction,None,,,         ,Scott,Toney,Clear,Front to Rear,no,no,no,no,no,False
101165322,THP District 3 - Nashville,316022636,Davidson,Nashville,4/15/2016 12:35:00 PM,2,0,0,36.168350,-86.600770,MILLS RD,,,,146.00,Feet,West,OLD HICKORY BLVD,,,,0.00,N,Not at Intersection, ,OtherLocation,None,,,         ,Ed,Crouch,Clear,Angle,no,no,no,yes,no,False
101165329,METROPOLITAN NASHVILLE POLICE DEPT,20160349401,Davidson,Nashville,4/16/2016 9:30:00 AM,2,0,0,36.142620,-86.743810,MURFREESBORO PKE,,,,177.00,Feet,East,FESSLERS LN,,,,0.00,N,Not at Intersection, ,Non-Junction,None,,,         ,Richard,Hyatt,Clear,"Sideswipe, Same Direction",no,no,no,no,no,False
101165336,METROPOLITAN NASHVILLE POLICE DEPT,20160349542,Davidson,Nashville,4/16/2016 11:20:00 AM,2,1,0,36.129210,-86.802630,ASHWOOD AV,,,,0.00,,,21ST AVS,,,,0.00,Y,Four-Way,N,Intersection,None,,,         ,George,Ward,Clear,Angle,no,no,no,no,yes,False
101165345,METROPOLITAN NASHVILLE POLICE DEPT,2016-0349631,Davidson,Not in City Limit,4/16/2016 11:37:00 AM,2,0,0,36.266970,-86.737230,I 65,,,,0.00,,,,,,,92.40,N,Not at Intersection, ,Non-Junction,None,,,         ,Michael,Agee,Clear,Angle,no,no,no,no,yes,False
101165352,METROPOLITAN NASHVILLE POLICE DEPT,20160349635,Davidson,Nashville,4/16/2016 1:08:00 PM,2,0,0,36.154480,-86.779420,8TH AVS,,,,0.00,,,LAFAYETTE ST,,,,0.00,Y,Roundabout, ,Intersection-Related,None,,,         ,Darren,Key,Clear,Angle,no,no,no,no,no,False
101165354,METROPOLITAN NASHVILLE POLICE DEPT,2016-0349560,Davidson,Nashville,4/16/2016 11:23:00 AM,2,0,0,36.217720,-86.623830,OLD HICKORY BLVD,,,,354.00,Feet,North,2ND ST,,,,0.00,N,Not at Intersection, ,Non-Junction,None,,,         ,Michael,Baker,Clear,Angle,no,no,no,no,no,False
101165363,METROPOLITAN NASHVILLE POLICE DEPT,20160349661,Davidson,Nashville,4/16/2016 12:25:00 PM,2,0,0,36.102540,-86.760940,ARMORY DR,,,,175.00,Feet,East,ARMORY DR EXT RAMP,,,,0.00,N,Not at Intersection,Y,Entrance/Exit Ramp Related,None,,,         ,Earl,Davis,Clear,Angle,no,no,no,no,no,False
101165364,METROPOLITAN NASHVILLE POLICE DEPT,20160349694,Davidson,Nashville,4/16/2016 1:16:00 PM,2,1,0,0.000000,0.000000,HAMILTON CHURCH,RD,,,0.00,,,HOBSON,PIKE,,,0.00,Y,Four-Way,N,Intersection-Related,None,,,         ,Robert,Erickson,Clear,Front to Rear,no,no,no,no,no,False
101165367,METROPOLITAN NASHVILLE POLICE DEPT,2016-0349665,Davidson,Nashville,4/16/2016 12:55:00 PM,2,0,0,36.164860,-86.767910,KOREAN VETERANS BLVD,,,,0.00,,,S 2ND ST,,,,0.00,Y,OTHER, ,Unknown,None,,,         ,Daniel,Massey,Clear,Front to Rear,no,no,no,no,no,False
101165368,METROPOLITAN NASHVILLE POLICE DEPT,20160349654,Davidson,Not in City Limit,4/16/2016 12:47:00 PM,2,4,0,36.281220,-86.707960,GALLATIN PKEN,,,,496.00,Feet,North,ELMORE AV,,,,0.00,N,Not at Intersection,N,Non-Junction,None,,,         ,Jack,Crouch,Clear,Front to Rear,no,no,no,no,no,False
101165371,METROPOLITAN NASHVILLE POLICE DEPT,2016-0346637,Davidson,Nashville,4/16/2016 12:00:00 PM,2,0,0,36.136000,-86.791940,WEDGEWOOD AV,,,,0.00,,,15TH AVS,,,,0.00,Y,Four-Way, ,Intersection,None,,,         ,Jonathan,Seidl,Clear,"Sideswipe, Same Direction",no,no,no,no,no,False
101165373,METROPOLITAN NASHVILLE POLICE DEPT,20160349384,Davidson,Nashville,4/16/2016 9:15:00 AM,2,0,0,36.150900,-86.770640,4TH AVS,,,,0.00,,,I40 W EXT RAMP,,,,0.00,Y,Y-Intersection,Y,Entrance/Exit Ramp Related,None,,,         ,Harold,Willmore IV,Clear,Angle,no,no,no,no,yes,False
101165384,METROPOLITAN NASHVILLE POLICE DEPT,2016-0349656,Davidson,Nashville,4/16/2016 12:20:00 PM,2,0,0,36.124030,-86.814560,SHARONDALE DR,,,,52.00,Feet,East,23RD AVS,,,,0.00,N,Not at Intersection,N,Non-Junction,None,,,         ,Paul,Junkmann,Clear,Angle,no,no,no,no,no,False
101165389,METROPOLITAN NASHVILLE POLICE DEPT,20160346800,Davidson,Nashville,4/15/2016 11:15:00 AM,2,0,0,36.169250,-86.757870,S 7TH ST,,,,0.00,,,SHELBY AV,,,,0.00,Y,Four-Way,N,Intersection-Related,None,,,         ,Casey,Tomes,Clear,Front to Rear,no,no,no,no,no,False
101165390,METROPOLITAN NASHVILLE POLICE DEPT,20160349668,Davidson,Nashville,4/16/2016 12:53:00 PM,2,4,0,36.205350,-86.768730,DICKERSON PKE,,,,200.00,Feet,South,E TRINITY LN,,,,0.00,N,Not at Intersection,N,Non-Junction,None,,,         ,Casey,Tomes,Clear,Front to Rear,no,no,no,no,no,False
101165392,METROPOLITAN NASHVILLE POLICE DEPT,20160349719,Davidson,Nashville,4/9/2016 12:00:00 AM,2,0,0,36.108780,-86.742950,TANKSLEY AV,,,,334.00,Feet,East,NOLENSVILLE PKE,,,,0.00,N,Not at Intersection,N,Non-Junction,None,,,         ,Stephen,Soule,Clear,Front to Rear,no,no,no,no,yes,False
101165400,METROPOLITAN NASHVILLE POLICE DEPT,16-0349633,Davidson,Nashville,4/16/2016 12:34:00 PM,2,2,0,36.161890,-86.775170,2ND AVS,,,,0.00,,,BROADWAY,,,,0.00,Y,Four-Way,N,Intersection,None,,,         ,Frank,Campbell,Clear,Front to Rear,no,no,no,no,no,False
101165401,METROPOLITAN NASHVILLE POLICE DEPT,20160349698,Davidson,Nashville,4/16/2016 1:00:00 PM,2,0,0,36.143960,-86.722570,ELM HILL PKE,,,,0.00,Feet,,SPENCE LN,,,,0.00,Y,Four-Way, ,Intersection,None,,,         ,Richard,Hyatt,Clear,Angle,no,no,no,no,no,False
101165409,METROPOLITAN NASHVILLE POLICE DEPT,20160349455,Davidson,Nashville,4/16/2016 10:04:00 AM,2,1,0,36.215120,-86.599340,LEBANON PKE,,,,480.00,Feet,North,ANDREW JACKSON PKWY,,,,0.00,N,Not at Intersection,N,Non-Junction,None,,,         ,William,Walls,Clear,Front to Rear,no,no,no,yes,no,False
101165414,METROPOLITAN NASHVILLE POLICE DEPT,2016-0346694,Davidson,Nashville,4/16/2016 12:15:00 PM,2,0,0,36.140740,-86.800340,21ST AVS,,,,0.00,,,DIXIE PL,,,,0.00,Y,Four-Way, ,Intersection-Related,None,,,         ,Jonathan,Seidl,Clear,Front to Rear,no,no,no,no,no,Campus
101165416,METROPOLITAN NASHVILLE POLICE DEPT,20160349714,Davidson,Not in City Limit,4/16/2016 12:40:00 PM,2,0,0,36.262110,-86.891310,OLD HICKORY BLVD,,,,45.00,Feet,East,EATONS CREEK RD,,,,0.00,N,Not at Intersection, ,Non-Junction,None,,,         ,Alan,Jordan,Clear,Angle,no,no,no,no,no,False
101165424,METROPOLITAN NASHVILLE POLICE DEPT,20160349846,Davidson,Old Hickory,4/16/2016 3:13:00 PM,2,0,0,36.262020,-86.633520,CIRCLE DR,,,,0.00,,,LAKE HARBOR DR,,,,0.00,Y,T-Intersection, ,Intersection-Related,None,,,         ,Tyler,Conrads,Clear,Angle,no,no,no,no,no,False
101165428,VANDERBILT UNIVERSITY POLICE,16-0348086,Davidson,Nashville,4/15/2016 8:45:00 PM,2,0,0,36.144200,-86.813090,WEST END AV,,,,173.00,Feet,East,29TH AVS,,,,0.00,N,Not at Intersection, ,,None,,,         ,James,Goolsby,,,no,no,no,yes,no,Campus
101165458,METROPOLITAN NASHVILLE POLICE DEPT,20160349903,Davidson,Not in City Limit,4/16/2016 3:35:00 PM,2,0,0,36.076890,-86.945220,HIGHWAY 70S,,,,0.00,,,SAWYER BROWN RD,,,,0.00,Y,Four-Way, ,,None,,,         ,Benjamin,Spees,,,no,no,no,no,no,False
101165473,METROPOLITAN NASHVILLE POLICE DEPT,20160349933,Davidson,Nashville,4/16/2016 3:36:00 PM,2,0,0,36.193900,-86.807070,GREAT CIRCLE RD,,,,82.00,Feet,North,ROSA L PARKS BLVD,,,,0.00,N,Not at Intersection, ,Non-Junction,None,,,         ,Christopher,Templin,Clear,Front to Rear,no,no,no,no,no,False
101165484,METROPOLITAN NASHVILLE POLICE DEPT,20160347816,Davidson,Nashville,4/15/2016 7:20:00 PM,2,0,0,36.055970,-86.715660,NOLENSVILLE PKE,,,,0.00,,,APRIL LN,,,,0.00,Y,T-Intersection, ,Intersection-Related,None,,,         ,John,Stanfield,Clear,Angle,no,no,no,no,no,False
101165487,METROPOLITAN NASHVILLE POLICE DEPT,20160350010,Davidson,Nashville,4/16/2016 4:26:00 PM,2,0,0,36.164440,-86.614980,I 40,,,,0.00,,,,,,,220.00,N,Not at Intersection,N,Entrance/Exit Ramp Related,None,,,         ,Tyler,Conrads,Clear,Front to Rear,no,no,no,no,no,False
101165488,METROPOLITAN NASHVILLE POLICE DEPT,20160350032,Davidson,Nashville,4/16/2016 4:40:00 PM,2,0,0,36.164440,-86.614980,I 40,,,,0.00,,,,,,,220.00,N,Not at Intersection, ,Entrance/Exit Ramp Related,None,,,         ,Tyler,Conrads,Clear,Front to Rear,no,no,no,no,no,False
101165506,METROPOLITAN NASHVILLE POLICE DEPT,20160349780,Davidson,Nashville,4/16/2016 2:11:00 PM,2,0,0,36.152410,-86.625070,STEWARTS FERRY PKE,,,,62.00,Feet,North,BELL RD,,,,0.00,N,Not at Intersection,N,Non-Junction,None,,,         ,Marcus,Mitchell,Clear,Front to Rear,no,no,no,no,yes,False
101165508,METROPOLITAN NASHVILLE POLICE DEPT,20160349948,Davidson,Nashville,4/16/2016 3:56:00 PM,1,1,0,36.140140,-86.700260,BRILEY PKWY,,,,229.00,Feet,North,KAREN DR,,,,0.00,N,Not at Intersection,N,Non-Junction,None,,,         ,Jaby,Djabbarov,Clear,Not Collision with Motor Vehicle in Transport,no,no,no,no,no,False