master_record_number,agency,agency_tracking_number,county,city,collision_date,vehicles_involved,number_injured,number_dead,latitude,longitude,roadway_name,roadway_suffix,roadway_number,roadway_local_id,distance_from_reference,miles-feet_indicator,direction_from_reference,intersection_road_name,intersection_road_name_suffix,intersection_road_number,intersection_local_id,mile_marker,intersection_indicator,intersect_type,interchange_related_indicator,relation_to_junction,work_zone_type,construction_maintenance_zone,construction_maintenance_zone_location,fatal_case_number,officer_first_name,officer_last_name,weather_condition(s),manner_of_crash,pedestrian,bicycle,scooter,parking,hitrun,mou
101166097,THP District 3 - Nashville,316022900,Davidson,Nashville,4/16/2016 1:54:00 PM,2,0,0,36.215860,-86.744630,R S GASS BLVD,,,,674.00,Feet,South,BEN ALLEN RD,,,,0.00,N,Not at Intersection, ,Non-Junction,None,,,         ,Jason,Flatt,Clear,Rear to Side,no,no,no,no,no,False
101166100,METROPOLITAN NASHVILLE POLICE DEPT,20160352545,Davidson,Nashville,4/17/2016 3:10:00 PM,2,0,0,36.086490,-86.691490,ANTIOCH PKE,,,,404.00,Feet,South,HARDING PL,,,,0.00,N,Not at Intersection,N,Non-Junction,None,,,         ,Matthew,Johnson,Clear,Angle,no,no,no,no,yes,False
101166108,METROPOLITAN NASHVILLE POLICE DEPT,20160352465,Davidson,Nashville,4/17/2016 1:30:00 PM,2,0,0,36.152170,-86.626020,BLACKWOOD DR,,,,279.00,Feet,West,BELL RD,,,,0.00,N,Not at Intersection, ,Non-Junction,None,,,         ,Jaby,Djabbarov,Clear,Angle,no,no,no,no,no,False
101166112,METROPOLITAN NASHVILLE POLICE DEPT,20160352590,Davidson,Nashville,4/17/2016 5:02:00 PM,1,0,0,36.239040,-86.737950,ELLINGTON PKWY S ENT RAMP,,,,175.00,Feet,North,ELLINGTON PKWY N ENT RAMP,,,,0.00,N,Not at Intersection,N,Entrance/Exit Ramp Related,None,,,         ,Peter,Knisley,Clear,Not Collision with Motor Vehicle in Transport,no,no,no,no,no,False
101166113,METROPOLITAN NASHVILLE POLICE DEPT,20160349944,Davidson,Nashville,4/17/2016 2:00:00 PM,1,1,0,36.155760,-86.774700,PEABODY ST,,,,163.00,Feet,East,5TH AVS,,,,0.00,N,Not at Intersection,N,Non-Junction,None,,,         ,Wesley,Feinstein,Clear,Not Collision with Motor Vehicle in Transport,no,yes,no,no,yes,False
101166116,METROPOLITAN NASHVILLE POLICE DEPT,20160352653,Davidson,Nashville,4/17/2016 5:45:00 PM,2,0,0,36.183720,-86.748410,GALLATIN AV,,,,0.00,,,EASTLAND AV,,,,0.00,Y,T-Intersection, ,Intersection-Related,None,,,         ,Terence,Maahs,Clear,Angle,no,no,no,no,no,False
101166123,METROPOLITAN NASHVILLE POLICE DEPT,20160352663,Davidson,Nashville,4/17/2016 6:01:00 PM,2,0,0,36.126020,-86.781550,HILLVIEW HTS,,,,143.00,Feet,West,KNOWLES AV,,,,0.00,N,Not at Intersection,N,Non-Junction,None,,,         ,Candice,Soper,Clear,"Sideswipe, Same Direction",no,no,no,no,no,False
101166147,METROPOLITAN NASHVILLE POLICE DEPT,20160352694,Davidson,Nashville,4/17/2016 6:20:00 PM,1,1,0,36.112850,-86.630600,BELL RD,,,,312.00,Feet,North,COUCHVILLE PKE,,,,0.00,N,Not at Intersection,N,Non-Junction,None,,,         ,Reuben,Hewit,Clear,Not Collision with Motor Vehicle in Transport,no,no,no,no,no,False
101166152,METROPOLITAN NASHVILLE POLICE DEPT,20160352511,Davidson,Nashville,4/17/2016 3:40:00 PM,2,0,0,36.175770,-86.750850,RUSSELL ST,,,,211.00,Feet,West,S 11TH ST,,,,0.00,N,Not at Intersection,N,Non-Junction,None,,,         ,Audrean,Manquero,Clear,Unknown,no,no,no,no,yes,False
101166163,METROPOLITAN NASHVILLE POLICE DEPT,20160352761,Davidson,Nashville,4/17/2016 7:02:00 PM,2,0,0,36.229110,-86.725140,GALLATIN PKE,,,,0.00,,,BROADMOOR DR,,,,0.00,Y,T-Intersection,N,Intersection-Related,None,,,         ,Randy,Heinze,Clear,Front to Rear,no,no,no,no,no,False
101166167,METROPOLITAN NASHVILLE POLICE DEPT,2016-0347156,Davidson,Nashville,4/15/2016 3:06:00 PM,2,0,0,36.191840,-86.781430,I 65,,,,0.00,,,,,,,86.25,N,Not at Intersection, ,Non-Junction,None,,,         ,David,Snowden,Clear,Front to Rear,no,no,no,no,no,False
101166173,METROPOLITAN NASHVILLE POLICE DEPT,20160352580,Davidson,Nashville,4/17/2016 5:15:00 PM,1,1,0,36.139590,-86.664760,I40 E ENT RAMP,,,,0.00,,,I40 E EXT RAMP,,,,0.00,Y,OTHER,N,Non-Junction,None,,,         ,Thomas,Barnes,Clear,Not Collision with Motor Vehicle in Transport,no,no,no,no,no,False
101166174,METROPOLITAN NASHVILLE POLICE DEPT,20160352760,Davidson,Nashville,4/17/2016 6:50:00 PM,2,0,0,36.185690,-86.754300,MCFERRIN AV,,,,144.00,Feet,North,CHICAMAUGA AV,,,,0.00,N,Not at Intersection, ,Non-Junction,None,,,         ,Terence,Maahs,Clear,"Sideswipe, Same Direction",no,no,no,no,yes,False
101166175,METROPOLITAN NASHVILLE POLICE DEPT,20160352869,Davidson,Nashville,4/17/2016 12:00:00 AM,2,0,0,36.105000,-86.815200,HILLSBORO PKE,,,,192.00,Feet,West,RICHARD JONES RD,,,,0.00,N,Not at Intersection,N,Non-Junction,None,,,         ,Ryan,Allen,Clear,Rear to Rear,no,no,no,yes,yes,False
101166185,METROPOLITAN NASHVILLE POLICE DEPT,2016-0352688,Davidson,Nashville,4/17/2016 6:15:00 PM,2,1,0,36.153000,-86.857610,BRILEY PKWY,,,,0.00,,,I40 W EXT RAMP,,,,0.00,Y,Four-Way,Y,Intersection,None,,,         ,Christopher,Clark,Clear,Angle,no,no,no,no,yes,False
101166197,METROPOLITAN NASHVILLE POLICE DEPT,20160350240,Davidson,Nashville,4/16/2016 6:31:00 PM,2,0,0,36.096770,-86.654560,OLD MURFREESBORO PKE,,,,0.00,,,SMITH SPRINGS RD,,,,0.00,Y,Four-Way, ,Non-Junction,None,,,         ,Reuben,Hewit,Clear,Angle,no,no,no,no,no,False
101166226,METROPOLITAN NASHVILLE POLICE DEPT,2016-0350073,Davidson,Nashville,4/16/2016 4:45:00 PM,2,0,0,36.167300,-86.606950,LAKESIDE APT PVTDR,,,,547.00,Feet,North,I40 E EXT RAMP,,,,0.00,N,Not at Intersection,N,Non-Junction,None,,,         ,Sandra,Talavera,Clear,Angle,no,no,no,yes,yes,False
101166228,METROPOLITAN NASHVILLE POLICE DEPT,20160352655,Davidson,Nashville,4/17/2016 5:55:00 PM,2,0,0,0.000000,0.000000,I 40 W EXIT RAMP,,,,0.00,,,CHARLOTTE PK,,US,,0.00,Y,T-Intersection, ,Intersection-Related,None,,,         ,Jeremy,Huffine,Clear,Front to Rear,no,no,no,no,no,False
101166235,METROPOLITAN NASHVILLE POLICE DEPT,20160352503,Davidson,Nashville,4/17/2016 4:32:00 PM,2,0,0,36.040170,-86.705120,CEDARMONT CIR,,,,0.00,,,CEDARMONT DR,,,,0.00,Y,Four-Way, ,,None,,,         ,Tamara,Zurawski,,,no,no,no,no,no,False
101166236,METROPOLITAN NASHVILLE POLICE DEPT,20160350466,Davidson,Nashville,4/16/2016 9:00:00 PM,2,1,0,36.048560,-86.653960,BELL RD,,,,689.00,Feet,East,HICKORY HOLLOW MALL PVTDR PL,,,,0.00,N,Not at Intersection,N,Non-Junction,None,,,         ,Tamara,Zurawski,Clear,Front to Rear,no,no,no,no,no,False
101166241,METROPOLITAN NASHVILLE POLICE DEPT,20160351608,Davidson,Nashville,4/17/2016 6:00:00 AM,2,0,0,36.176760,-86.771060,DICKERSON PKE,,,,48.00,Feet,North,SPRING ST,,,,0.00,N,Not at Intersection,N,Non-Junction,None,,,         ,Joshua,Lefler,Clear,Front to Rear,no,no,no,no,no,False
101166244,METROPOLITAN NASHVILLE POLICE DEPT,2016-0349975,Davidson,Nashville,4/17/2016 4:05:00 PM,1,1,0,36.084980,-86.727900,PARAGON MILLS RD,,,,101.00,Feet,East,NOLENSVILLE PKE,,,,0.00,N,Not at Intersection,N,Non-Junction,None,,,         ,John,Joyce,Clear,Not Collision with Motor Vehicle in Transport,no,no,no,no,no,False
101166252,METROPOLITAN NASHVILLE POLICE DEPT,20160351369,Davidson,Nashville,4/17/2016 2:47:00 AM,1,1,0,36.152520,-86.773380,LAFAYETTE ST,,,,30.00,Feet,West,5TH AVS,,,,0.00,N,Not at Intersection,N,Non-Junction,None,,,         ,Christopher,Hanor,Clear,Not Collision with Motor Vehicle in Transport,no,no,no,no,no,False
101166253,METROPOLITAN NASHVILLE POLICE DEPT,2016035285,Davidson,Nashville,4/17/2016 9:03:00 PM,2,0,0,36.152660,-86.796710,WEST END AV,,,,245.00,Feet,West,18TH AVS,,,,0.00,N,Not at Intersection, ,Non-Junction,None,,,         ,Jose,Salazar,Clear,Angle,no,no,no,no,no,False
101166254,METROPOLITAN NASHVILLE POLICE DEPT,20160352397,Davidson,Nashville,4/17/2016 3:34:00 PM,2,1,0,36.063680,-86.701440,CREEKSIDE DR,,,,90.00,Feet,North,PACKARD DR,,,,0.00,N,Not at Intersection,N,Non-Junction,None,,,         ,Nakia,Reid,Clear,"Sideswipe, Opposite Direction",no,no,no,no,no,False
101166274,METROPOLITAN NASHVILLE POLICE DEPT,20160353226,Davidson,Nashville,4/17/2016 11:42:00 PM,2,1,0,36.053610,-86.667430,HICKORY HOLLOW PKWY,,,,1488.00,Feet,East,MT VIEW RD,,,,0.00,N,Not at Intersection,N,Non-Junction,None,,,         ,Kevin,Breeding,Clear,Front to Rear,no,no,no,no,yes,False
101166279,METROPOLITAN NASHVILLE POLICE DEPT,20160351339,Davidson,Nashville,4/17/2016 2:28:00 AM,2,2,0,36.106210,-86.673060,MURFREESBORO PKE,,,,0.00,Feet,,DONELSON PKE,,,,0.00,Y,Four-Way,N,Intersection-Related,None,,,         ,Autumn,Manning,Clear,Front to Rear,no,no,no,no,no,False
101166308,VANDERBILT UNIVERSITY POLICE,16-0353074,Davidson,Nashville,4/17/2016 10:00:00 PM,3,0,0,36.148210,-86.805860,WEST END AV,,,,0.00,,,,,,,0.00,,Not at Intersection,N,Non-Junction,None,,,         ,Martin,Hill,Clear,Angle,no,no,no,no,yes,Campus
101166310,METROPOLITAN NASHVILLE POLICE DEPT,2016-0353232,Davidson,Nashville,4/17/2016 11:56:00 PM,2,2,0,36.150660,-86.795400,DIVISION ST,,,,40.00,Feet,East,19TH AVS,,,,0.00,N,Not at Intersection,N,Non-Junction,None,,,         ,Matthew,Moses,Clear,Front to Rear,no,no,no,no,no,False
101166319,METROPOLITAN NASHVILLE POLICE DEPT,20160353673,Davidson,Nashville,4/18/2016 4:22:00 AM,1,0,0,36.067290,-86.687820,I24 E ENT RAMP,,,,0.00,Feet,East,I 24,,,,0.00,N,Not at Intersection,N,Entrance/Exit Ramp Related,None,,,         ,Autumn,Manning,Clear,Not Collision with Motor Vehicle in Transport,no,no,no,no,yes,False
101166322,METROPOLITAN NASHVILLE POLICE DEPT,20160351392,Davidson,Nashville,4/17/2016 3:10:00 AM,2,0,0,36.045260,-86.717040,HICKORY PLZ,,,,0.00,,,,,,,0.00,,,N,Non-Junction,None,,,         ,Eugene,Martino,Clear,Front to Rear,no,no,no,yes,yes,False
101166335,BERRY HILL POLICE DEPT,16-1353,Davidson,Berry Hill,4/17/2016 12:30:00 PM,1,0,0,36.123210,-86.765540,BRANSFORD AV,,,,100.00,Feet,South,FESSEY PARK RD,,,,0.00,N,Not at Intersection,N,Non-Junction,None,,,         ,Ray,Ferguson,Clear,Not Collision with Motor Vehicle in Transport,no,no,no,yes,no,False
101166340,METROPOLITAN NASHVILLE POLICE DEPT,2016-0353874,Davidson,Nashville,4/18/2016 6:45:00 AM,2,0,0,36.139070,-86.880560,HILLWOOD BLVD,,,,0.00,,,CHARLOTTE PKE,,,,0.00,Y,Four-Way, ,Intersection,None,,,         ,Curtis,Rich,Clear,Angle,no,no,no,no,no,False
101166341,METROPOLITAN NASHVILLE POLICE DEPT,2016-0352231,Davidson,Not in City Limit,4/17/2016 1:37:00 PM,2,1,0,36.263460,-86.711780,GALLATIN PKEN,,,,131.00,Feet,South,OLD TIME VILLAGE PVTDR,,,,0.00,N,Not at Intersection,N,Non-Junction,None,,,         ,Michael,Agee,Clear,Front to Rear,no,no,no,no,no,False
101166359,METROPOLITAN NASHVILLE POLICE DEPT,20160352176,Davidson,Nashville,4/17/2016 12:45:00 PM,2,0,0,36.192710,-86.744370,DOUGLAS AV,,,,0.00,Feet,West,GALLATIN AV,,,,0.00,N,Not at Intersection, ,,None,,,         ,Steven,Spillers,,,no,no,no,no,no,False
101166363,METROPOLITAN NASHVILLE POLICE DEPT,20160353907,Davidson,Nashville,4/18/2016 7:44:00 AM,2,0,0,36.034110,-86.642770,I 24,,,,0.00,,,,,,,60.60,N,Not at Intersection, ,Non-Junction,None,,,         ,Roderic,Williams,Clear,"Sideswipe, Same Direction",no,no,no,no,no,False
101166365,GOODLETTSVILLE POLICE DEPT,16-14123,Davidson,Goodlettsville,4/18/2016 7:50:00 AM,2,0,0,36.324913,-86.701714,CONFERENCE,DR,,,0.00,,,LONG HOLLOW,PIKE,SR174,,0.00,Y,Four-Way, ,Intersection-Related,None,,,         ,Jason,Ayers,Clear,Angle,no,no,no,no,no,False
101166367,METROPOLITAN NASHVILLE POLICE DEPT,20160354044,Davidson,Nashville,4/18/2016 8:00:00 AM,2,0,0,36.153580,-86.717750,LEBANON PKE,,,,163.00,Feet,West,LEBANON PIKE CIR,,,,0.00,N,Not at Intersection, ,Non-Junction,None,,,         ,Michael,Dance,Clear,Front to Rear,no,no,no,no,no,False
101166368,METROPOLITAN NASHVILLE POLICE DEPT,20160353995,Davidson,Nashville,4/18/2016 7:39:00 AM,2,0,0,36.045740,-86.674350,BELL RD,,,,0.00,,,BLUE HOLE RD,,,,0.00,Y,Four-Way, ,,None,,,         ,Roy,McElwee,,,no,no,no,no,no,False
101166369,METROPOLITAN NASHVILLE POLICE DEPT,20160346087,Davidson,Nashville,4/15/2016 8:43:00 AM,2,2,0,36.138870,-86.819590,WEST END AV,,,,225.00,Feet,South,MURPHY RD,,,,0.00,N,Not at Intersection,N,Non-Junction,None,,,         ,Phillip,Murphy,Clear,Angle,no,no,no,no,no,False
101166370,METROPOLITAN NASHVILLE POLICE DEPT,20160346192,Davidson,Nashville,4/15/2016 9:14:00 AM,2,0,0,36.119910,-86.785640,KIRKWOOD AV,,,,60.00,Feet,East,SHERBOURNE AV,,,,0.00,N,Not at Intersection, ,Non-Junction,None,,,         ,Phillip,Murphy,Clear,"Sideswipe, Same Direction",no,no,no,no,no,False
101166371,METROPOLITAN NASHVILLE POLICE DEPT,20160346317,Davidson,Nashville,4/15/2016 10:12:00 AM,2,1,0,36.082100,-86.761700,HARDING PL,,,,0.00,,,SIDCO DR,,,,0.00,Y,Four-Way,N,Intersection-Related,None,,,         ,Phillip,Murphy,Clear,Front to Rear,no,no,no,no,no,False
101166372,METROPOLITAN NASHVILLE POLICE DEPT,20160346753,Davidson,Nashville,4/15/2016 1:06:00 PM,2,0,0,36.113050,-86.800030,WOODMONT BLVD,,,,0.00,,,BELMONT BLVD,,,,0.00,Y,Four-Way, ,Intersection-Related,None,,,         ,Phillip,Murphy,Clear,"Sideswipe, Same Direction",no,no,no,no,no,False
101166373,METROPOLITAN NASHVILLE POLICE DEPT,20160346859,Davidson,Nashville,4/15/2016 1:26:00 PM,2,0,0,36.155240,-86.790650,BROADWAY,,,,0.00,,,15TH AVN,,,,0.00,Y,T-Intersection, ,Intersection-Related,None,,,         ,Phillip,Murphy,Clear,"Sideswipe, Same Direction",no,no,no,no,no,False
101166374,METROPOLITAN NASHVILLE POLICE DEPT,2016-0354030,Davidson,Nashville,4/18/2016 7:45:00 AM,2,0,0,36.126190,-86.845940,HARDING PKE,,,,176.00,Feet,West,RIDGEFIELD WAY,,,,0.00,N,Not at Intersection,N,Non-Junction,None,,,         ,Curtis,Rich,Clear,Front to Rear,no,no,no,no,no,False
101166383,GOODLETTSVILLE POLICE DEPT,16-14125,Davidson,Goodlettsville,4/18/2016 8:05:00 AM,2,0,0,36.312170,-86.674060,STATE HWY 386,,,,848.00,Feet,West,EXIT 2,,,,0.00,N,Not at Intersection,N,Non-Junction,None,,,         ,Benny,Alexander,Clear,Front to Rear,no,no,no,no,no,False
101166384,METROPOLITAN NASHVILLE POLICE DEPT,20160353993,Davidson,Nashville,4/18/2016 7:20:00 AM,2,0,0,36.104910,-86.716850,I 24,,,,0.00,,,,,,,54.15,N,Not at Intersection,N,Non-Junction,None,,,         ,Paul,Ellis,Clear,Angle,no,no,no,no,yes,False
101166386,METROPOLITAN NASHVILLE POLICE DEPT,20160352259,Davidson,Nashville,4/17/2016 1:56:00 PM,2,0,0,36.234080,-86.795190,BRIDGEPOINT DR,,,,90.00,Feet,East,VISTA LN,,,,0.00,N,Not at Intersection, ,"Driveway, Alley Access, etc",None,,,         ,Michael,Parman,Clear,Angle,no,no,no,no,no,False
101166392,METROPOLITAN NASHVILLE POLICE DEPT,20160353967,Davidson,Nashville,4/18/2016 7:44:00 AM,2,0,0,36.171430,-86.769040,JAMES ROBERTSON PKWY,,,,0.00,,,INTERSTATE DR,,,,0.00,Y,Four-Way, ,Intersection,None,,,         ,Michael,Johnson,Clear,Front to Rear,no,no,no,no,no,False
101166393,METROPOLITAN NASHVILLE POLICE DEPT,20160353929,Davidson,Nashville,4/18/2016 7:24:00 AM,2,0,0,36.066300,-86.774230,HOGAN RD,,,,0.00,,,OTTER CREEK RD,,,,0.00,Y,Four-Way, ,Intersection,None,,,         ,Nathan,Kemp,Clear,"Sideswipe, Same Direction",no,no,no,no,no,False
101166394,METROPOLITAN NASHVILLE POLICE DEPT,20160354136,Davidson,Nashville,4/18/2016 8:22:00 AM,2,0,0,36.151360,-86.796090,BROADWAY,,,,175.00,Feet,North,18TH AVS,,,,0.00,N,Not at Intersection, ,Non-Junction,None,,,         ,Nathan,Kemp,Clear,"Sideswipe, Same Direction",no,no,no,no,no,False
101166403,METROPOLITAN NASHVILLE POLICE DEPT,20160352894,Davidson,Not in City Limit,4/17/2016 8:38:00 PM,2,0,0,36.257730,-86.738270,I 65,,,,0.00,,,,,,,91.80,N,Not at Intersection,N,Non-Junction,None,,,         ,Bradley,Campbell,Clear,Front to Rear,no,no,no,no,no,False
101166411,METROPOLITAN NASHVILLE POLICE DEPT,2016-0353881,Davidson,Nashville,4/18/2016 6:59:00 AM,2,0,0,36.041360,-86.651840,I24 W ENT RAMP,,,,0.00,Feet,East,I 24,,,,0.00,N,Not at Intersection, ,Non-Junction,None,,,         ,William,Whitworth,Clear,Front to Rear,no,no,no,no,no,False
101166412,METROPOLITAN NASHVILLE POLICE DEPT,2016-0354140,Davidson,Nashville,4/18/2016 7:35:00 AM,2,0,0,36.110010,-86.735350,THOMPSON LN,,,,168.00,Feet,East,DOBBS AV,,,,0.00,N,Not at Intersection, ,Non-Junction,None,,,         ,William,Whitworth,Clear,Front to Rear,no,no,no,no,no,False
101166413,METROPOLITAN NASHVILLE POLICE DEPT,20160346971,Davidson,Nashville,4/15/2016 1:59:00 PM,2,1,0,36.108030,-86.812510,HILLSBORO PKE,,,,0.00,,,,,,,0.00,,,N,Intersection-Related,None,,,         ,Nathan,Smith,Clear,Front to Rear,no,no,no,no,no,False
101166417,METROPOLITAN NASHVILLE POLICE DEPT,2016-0354234,Davidson,Nashville,4/18/2016 7:33:00 AM,2,0,0,36.124670,-86.847350,WOODMONT BLVD,,,,140.00,Feet,South,HARDING PKE,,,,0.00,N,Not at Intersection, ,Non-Junction,None,,,         ,Curtis,Rich,Clear,Angle,no,no,no,no,no,False
101166420,GOODLETTSVILLE POLICE DEPT,16-14127,Davidson,Goodlettsville,4/18/2016 8:30:00 AM,3,1,0,36.312240,-86.675200,,,SR386,,900.00,Feet,West,,,,,2.00,N,Not at Intersection,N,Non-Junction,None,,,         ,Charles,Hauskin,Clear,Front to Rear,no,no,no,no,no,False
101166423,METROPOLITAN NASHVILLE POLICE DEPT,2016-0354227,Davidson,Nashville,4/18/2016 8:02:00 AM,2,0,0,36.148760,-86.691990,BRILEY PKWYS,,,,173.00,Feet,North,BRILEY PKWYN,,,,0.00,N,Not at Intersection, ,Non-Junction,None,,,         ,Jeb,Johnston,Clear,"Sideswipe, Same Direction",no,no,no,no,yes,False
101166435,METROPOLITAN NASHVILLE POLICE DEPT,20160346767,Davidson,Nashville,4/15/2016 11:58:00 AM,3,0,0,36.101420,-86.660910,OLD MURFREESBORO PKE,,,,1829.00,Feet,East,FAIRCLOTH LN,,,,0.00,N,Not at Intersection,N,Non-Junction,None,,,         ,James,Curtis,Clear,Front to Rear,no,no,no,no,yes,False
101166436,METROPOLITAN NASHVILLE POLICE DEPT,20160354320,Davidson,Nashville,4/18/2016 10:09:00 AM,3,0,0,36.136780,-86.727090,I24E,,,,93.00,Feet,South,MURFREESBORO PKE,,,,0.00,N,Not at Intersection,N,Non-Junction,None,,,         ,Jessie,Meadows,Clear,Front to Rear,no,no,no,no,no,False
101166440,METROPOLITAN NASHVILLE POLICE DEPT,20160354184,Davidson,Nashville,4/18/2016 8:45:00 AM,2,0,0,36.044970,-86.666170,BELL RD,,,,279.00,Feet,East,CEDAR POINTE PKWY,,,,0.00,N,Not at Intersection, ,Non-Junction,None,,,         ,Roderic,Williams,Clear,Front to Rear,no,no,no,no,no,False
101166443,METROPOLITAN NASHVILLE POLICE DEPT,2016-0331981,Davidson,Nashville,4/11/2016 2:10:00 PM,2,0,0,36.147300,-86.757920,LAFAYETTE ST,,,,0.00,Feet,,FAIRFIELD AV,,,,0.00,Y,Four-Way, ,,None,,,         ,William,Vincion,,,no,no,no,no,no,False
101166444,METROPOLITAN NASHVILLE POLICE DEPT,20160354201,Davidson,Madison,4/18/2016 8:42:00 AM,2,0,0,0.000000,0.000000,EWING LANE,,US31,BRICK CHURCH PIKE,1.00,Feet,West,,,,,0.10,N,Not at Intersection, ,Non-Junction,None,,,         ,Faye,Denson,Clear,Rear to Side,no,no,no,no,no,False
101166445,METROPOLITAN NASHVILLE POLICE DEPT,2016-0354278,Davidson,Nashville,4/18/2016 9:39:00 AM,2,0,0,36.062190,-86.904560,OLD HICKORY BLVD,,,,50.00,Feet,South,HIGHWAY 100,,,,0.00,N,Not at Intersection, ,Non-Junction,None,,,         ,Walter,Gray II,Clear,Front to Rear,no,no,no,no,no,False
101166447,METROPOLITAN NASHVILLE POLICE DEPT,16-0354210,Davidson,Nashville,4/18/2016 7:47:00 AM,2,0,0,36.167800,-86.786680,JAMES ROBERTSON PKWY,,,,102.00,Feet,West,7TH AVN,,,,0.00,N,Not at Intersection, ,,None,,,         ,Frank,Campbell,,,no,no,no,no,no,False
101166448,METROPOLITAN NASHVILLE POLICE DEPT,2016-0347538,Davidson,Nashville,4/15/2016 4:00:00 PM,2,1,0,36.158720,-86.789980,CHURCH ST,,,,218.00,Feet,East,GEORGE L DAVIS BLVD,,,,0.00,N,Not at Intersection,N,Non-Junction,None,,,         ,David,Snowden,Clear,Front to Rear,no,no,no,no,no,False
101166454,METROPOLITAN NASHVILLE POLICE DEPT,20160354188,Davidson,Nashville,4/18/2016 8:17:00 AM,2,0,0,36.137950,-86.726760,I 24,,,,0.00,,,,,,,52.35,N,Not at Intersection,Y,Entrance/Exit Ramp Related,None,,,         ,Paul,Ellis,Clear,Front to Rear,no,no,no,no,no,False
101166462,METROPOLITAN NASHVILLE POLICE DEPT,20160353985,Davidson,Nashville,4/18/2016 7:40:00 AM,2,0,0,36.255780,-86.738380,I 65,,,,0.00,,,,,,,91.65,N,Not at Intersection,N,Non-Junction,None,,,         ,Andrew,Swint,Clear,"Sideswipe, Same Direction",no,no,no,no,yes,False
101166466,GOODLETTSVILLE POLICE DEPT,16-14116,Davidson,Goodlettsville,4/18/2016 6:55:00 AM,2,0,0,36.324280,-86.704170,STATE HWY 174,,,,0.00,,,I 65,,,,0.00,Y,T-Intersection,Y,Intersection,None,,,         ,Benny,Alexander,Clear,Angle,no,no,no,no,no,False
101166468,THP District 3 - Nashville,316021782,Davidson,Nashville,4/11/2016 7:40:00 AM,2,0,0,36.136330,-86.726700,I40 E ENT RAMP,,,,0.00,Feet,East,I 24,,,,0.00,N,Not at Intersection,N,Non-Junction,None,,,         ,Terrell,Johnson,Clear,Front to Rear,no,no,no,no,no,False
101166470,METROPOLITAN NASHVILLE POLICE DEPT,20160352295,Davidson,Nashville,4/17/2016 2:30:00 PM,2,2,0,36.171700,-86.797710,JEFFERSON ST,,,,0.00,,,11TH AVN,,,,0.00,Y,T-Intersection,N,Intersection,None,,,         ,Christopher,Templin,Clear,HeadOn,no,no,no,no,no,False
101166487,METROPOLITAN NASHVILLE POLICE DEPT,20160354229,Davidson,Nashville,4/18/2016 9:19:00 AM,2,2,0,36.157380,-86.792700,15TH AVN,,,,0.00,,,CHURCH ST,,,,0.00,Y,Four-Way,N,Intersection,None,,,         ,Nathan,Kemp,Clear,Angle,no,no,no,no,yes,False
101166496,METROPOLITAN NASHVILLE POLICE DEPT,20160354516,Davidson,Nashville,4/18/2016 11:22:00 AM,2,2,0,36.040900,-86.779380,OLD HICKORY BLVD,,,,0.00,,,STONE BROOK DR,,,,0.00,Y,Four-Way,N,Intersection,None,,,         ,Brent,Bauer,Clear,Angle,no,no,no,no,no,False
101166497,METROPOLITAN NASHVILLE POLICE DEPT,20160347730,Davidson,Nashville,4/15/2016 7:00:00 PM,2,1,0,36.080040,-86.643590,EDGE O LAKE DR,,,,42.00,Feet,West,BROADVIEW DR,,,,0.00,N,Not at Intersection,N,Non-Junction,None,,,         ,Ron,Longino,Clear,Front to Rear,no,no,no,no,no,False
101166498,METROPOLITAN NASHVILLE POLICE DEPT,20160354277,Davidson,Nashville,4/18/2016 12:00:00 AM,1,0,0,36.158870,-86.848930,51ST AVN,,,,55.00,Feet,North,MICHIGAN AV,,,,0.00,N,Not at Intersection,N,OtherLocation,None,,,         ,Michael,Phelps,Unknown,Not Collision with Motor Vehicle in Transport,no,no,no,yes,yes,False
101166507,METROPOLITAN NASHVILLE POLICE DEPT,20160354051,Davidson,Nashville,4/18/2016 7:55:00 AM,2,0,0,36.185320,-86.758190,W EASTLAND AV,,,,0.00,,,N 9TH ST,,,,0.00,Y,OTHER, ,Intersection-Related,None,,,         ,Randall,Smith,Clear,HeadOn,no,no,no,no,no,False
101166512,METROPOLITAN NASHVILLE POLICE DEPT,20160354078,Davidson,Nashville,4/18/2016 8:15:00 AM,3,0,0,36.083710,-86.689330,ANTIOCH PKE,,,,123.00,Feet,North,EZELL PKE,,,,0.00,N,Not at Intersection,N,Non-Junction,None,,,         ,Stephen,Soule,Clear,Front to Rear,no,no,no,no,no,False
101166515,METROPOLITAN NASHVILLE POLICE DEPT,2016-0354441,Davidson,Nashville,4/18/2016 10:57:00 AM,2,0,0,36.084940,-86.649560,UNA ANTIOCH PKE,,,,67.00,Feet,North,RANSOM VILLAGE WAY,,,,0.00,N,Not at Intersection, ,"Driveway, Alley Access, etc",None,,,         ,William,Whitworth,Clear,Angle,no,no,no,no,no,False
101166519,METROPOLITAN NASHVILLE POLICE DEPT,20160353869,Davidson,Madison,4/18/2016 6:50:00 AM,2,0,0,0.000000,0.000000,BRILEY PKWY,,SR31,,0.10,Miles,West,,,SR,,0.10,N,Not at Intersection, ,Non-Junction,None,,,         ,Faye,Denson,Clear,"Sideswipe, Same Direction",no,no,no,no,no,False