master_record_number,agency,agency_tracking_number,county,city,collision_date,vehicles_involved,number_injured,number_dead,latitude,longitude,roadway_name,roadway_suffix,roadway_number,roadway_local_id,distance_from_reference,miles-feet_indicator,direction_from_reference,intersection_road_name,intersection_road_name_suffix,intersection_road_number,intersection_local_id,mile_marker,intersection_indicator,intersect_type,interchange_related_indicator,relation_to_junction,work_zone_type,construction_maintenance_zone,construction_maintenance_zone_location,fatal_case_number,officer_first_name,officer_last_name,weather_condition(s),manner_of_crash,pedestrian,bicycle,scooter,parking,hitrun,mou
101167792,METROPOLITAN NASHVILLE POLICE DEPT,2016-0361144,Davidson,Madison,4/20/2016 8:13:00 AM,1,0,0,36.258660,-86.733060,S GRAYCROFT AV,,,,250.00,Feet,North,VANTREASE RD,,,,0.00,N,Not at Intersection,N,Non-Junction,None,,,         ,Michael,Agee,Clear,Not Collision with Motor Vehicle in Transport,no,no,no,no,no,False
101167795,METROPOLITAN NASHVILLE POLICE DEPT,2016-0361349,Davidson,Nashville,4/20/2016 10:42:00 AM,2,1,0,36.091360,-86.828390,HARDING PL,,,,33.00,Feet,East,HILLSBORO PKE,,,,0.00,N,Not at Intersection,N,Non-Junction,None,,,         ,Paul,Junkmann,Cloudy,Front to Rear,no,no,no,no,no,False
101167801,THP District 3 - Nashville,316023507,Davidson,Nashville,4/20/2016 8:00:00 AM,1,1,0,36.166060,-86.807020,ALBION ST,,,,499.00,Feet,West,DR D B TODD JR BLVD,,,,0.00,N,Not at Intersection,N,Unknown,None,,,         ,William,Matsunaga,Clear,Not Collision with Motor Vehicle in Transport,yes,no,no,no,no,False
101167802,METROPOLITAN NASHVILLE POLICE DEPT,2016-0361250,Davidson,Nashville,4/20/2016 10:15:00 AM,2,0,0,36.136010,-86.724930,SPENCE LN,,,,84.00,Feet,North,MURFREESBORO PKE,,,,0.00,N,Not at Intersection,N,Non-Junction,None,,,         ,Scott,Toney,Clear,Front to Rear,no,no,no,no,no,False
101167807,METROPOLITAN NASHVILLE POLICE DEPT,20160361177,Davidson,Nashville,4/20/2016 9:40:00 AM,2,0,0,36.097330,-86.657450,MURFREESBORO PKE,,,,522.00,Feet,West,OLD MURFREESBORO PKE,,,,0.00,N,Not at Intersection, ,Non-Junction,Work Zone,,,         ,Andrew,Mullen,Clear,Front to Rear,no,no,no,no,no,False
101167813,METROPOLITAN NASHVILLE POLICE DEPT,20160361143,Davidson,Nashville,4/20/2016 9:10:00 AM,2,0,0,36.122760,-86.773210,I 65,,,,0.00,,,,,,,80.55,N,Not at Intersection, ,Non-Junction,None,,,         ,Johnny,Crumby Jr.,Clear,"Sideswipe, Same Direction",no,no,no,no,no,False
101167823,METROPOLITAN NASHVILLE POLICE DEPT,2016-0360864,Davidson,Nashville,4/20/2016 8:00:00 AM,2,0,0,36.153370,-86.633290,I 40,,,,0.00,,,,,,,218.70,N,Not at Intersection, ,Non-Junction,None,,,         ,Michael,Baker,Clear,Front to Rear,no,no,no,no,no,False
101167826,METROPOLITAN NASHVILLE POLICE DEPT,20160361598,Davidson,Nashville,4/20/2016 11:00:00 AM,2,0,0,36.105500,-86.717650,I 24,,,,0.00,,,,,,,54.10,N,Not at Intersection, ,Non-Junction,None,,,         ,Paul,Ellis,Clear,Front to Rear,no,no,no,no,yes,False
101167833,METROPOLITAN NASHVILLE POLICE DEPT,20160361802,Davidson,Nashville,4/20/2016 12:50:00 PM,2,0,0,36.040130,-86.780750,OLD HICKORY BLVD,,,,0.00,,,I65 N ENT RAMP,,,,0.00,Y,T-Intersection, ,Intersection,None,,,         ,Brent,Bauer,Clear,Front to Rear,no,no,no,no,no,False
101167845,METROPOLITAN NASHVILLE POLICE DEPT,20160361805,Davidson,Nashville,4/20/2016 1:01:00 PM,2,0,0,36.136210,-86.770060,MARTIN ST,,,,0.00,,,SOUTHGATE AV,,,,0.00,Y,Four-Way, ,Intersection,None,,,         ,Nathan,Kemp,Clear,Angle,no,no,no,no,no,False
101167846,METROPOLITAN NASHVILLE POLICE DEPT,2016-0361441,Davidson,Nashville,4/20/2016 11:30:00 AM,2,0,0,36.098930,-86.821860,CASTLEMAN DR,,,,151.00,Feet,West,HILLSBORO PKE,,,,0.00,N,Not at Intersection,N,Non-Junction,None,,,         ,Curtis,Rich,Clear,Angle,no,no,no,yes,no,False
101167854,METROPOLITAN NASHVILLE POLICE DEPT,20160352183,Davidson,Nashville,4/17/2016 2:15:00 PM,2,0,0,36.026800,-86.712850,LORDS CHAPEL DR,,,,0.00,,,NOLENSVILLE PKE,,,,0.00,Y,T-Intersection, ,Non-Junction,None,,,         ,Darrien,Spann,Clear,Front to Rear,no,no,no,no,no,False
101167874,METROPOLITAN NASHVILLE POLICE DEPT,20160361513,Davidson,Nashville,4/20/2016 11:50:00 AM,1,1,0,36.043380,-86.654620,COLLINS PARK DR,,,,1110.00,Feet,South,HICKORY HOLLOW PKWY,,,,0.00,N,Not at Intersection,N,Non-Junction,None,,,         ,Terrance,Stuckey,Clear,Not Collision with Motor Vehicle in Transport,yes,no,no,yes,no,False
101167886,THP District 9 - Administrative,316023329,Davidson,Nashville,4/19/2016 8:55:00 AM,2,1,0,36.141270,-86.731840,I 40,,,,0.00,,,,,,,213.00,N,Not at Intersection,N,Non-Junction,None,,,         ,Michael,Morgan,Clear,"Sideswipe, Same Direction",no,no,no,no,yes,False
101167890,METROPOLITAN NASHVILLE POLICE DEPT,20160357973,Davidson,Nashville,4/19/2016 10:50:00 AM,2,1,0,36.187840,-86.818550,26TH AVN,,,,243.00,Feet,South,DOWLAN ST,,,,0.00,N,Not at Intersection,N,Non-Junction,None,,,         ,Gordon,Stovall,Clear,Angle,no,no,no,yes,no,False
101167908,METROPOLITAN NASHVILLE POLICE DEPT,20160361930,Davidson,Madison,4/20/2016 2:03:00 PM,2,0,0,36.262160,-86.712220,GALLATIN PKES,,,,0.00,,,E OLD HICKORY BLVD,,,,0.00,Y,T-Intersection, ,,None,,,         ,Corteze,Armstrong,,,no,no,no,no,no,False
101167909,METROPOLITAN NASHVILLE POLICE DEPT,20160359517,Davidson,Old Hickory,4/19/2016 9:00:00 PM,2,0,0,36.255890,-86.627250,OLD HICKORY BLVD,,,,0.00,,,32ND ST,,,,0.00,Y,T-Intersection, ,,None,,,         ,David,Stanley,,,no,no,no,no,no,False
101167914,METROPOLITAN NASHVILLE POLICE DEPT,2016-0361891,Davidson,Nashville,4/20/2016 1:25:00 PM,2,0,0,36.128620,-86.907550,RIVER RD,,,,188.00,Feet,West,RIVER RD PVTDR,,,,0.00,N,Not at Intersection,N,Non-Junction,None,,,         ,Benjamin,Cantrell,Clear,Angle,no,no,no,no,no,False
101167915,Metro Park Police,20160361905,Davidson,Nashville,4/20/2016 1:45:00 PM,2,0,0,36.085210,-86.920660,AMBERWOOD CIR,,,,8.00,Feet,East,OLD HICKORY BLVD,,,,0.00,N,Not at Intersection, ,Non-Junction,None,,,         ,Kevin,Hooper,Clear,"Sideswipe, Same Direction",no,no,no,no,no,False
101167929,METROPOLITAN NASHVILLE POLICE DEPT,20160362129,Davidson,Nashville,4/20/2016 2:28:00 PM,2,0,0,36.136320,-86.794510,WEDGEWOOD AV,,,,0.00,,,16TH AVS,,,,0.00,Y,T-Intersection,N,Intersection,None,,,         ,Clyde,Stambaugh,Clear,Front to Rear,no,no,no,no,yes,False
101167933,METROPOLITAN NASHVILLE POLICE DEPT,2016-0361655,Davidson,Nashville,4/20/2016 12:35:00 PM,2,0,0,36.126340,-86.845720,HARDING PKE,,,,90.00,Feet,West,RIDGEFIELD WAY,,,,0.00,N,Not at Intersection, ,Non-Junction,None,,,         ,Walter,Gray II,Clear,Angle,no,no,no,no,no,False
101167934,METROPOLITAN NASHVILLE POLICE DEPT,2016-0361859,Davidson,Nashville,4/20/2016 1:17:00 PM,2,0,0,36.085780,-86.847320,BEACON DR,,,,380.00,Feet,North,HEMINGWAY DR,,,,0.00,N,Not at Intersection, ,Non-Junction,None,,,         ,Walter,Gray II,Clear,Other,no,no,no,no,no,False
101167935,METROPOLITAN NASHVILLE POLICE DEPT,20160362071,Davidson,Nashville,4/20/2016 2:16:00 PM,2,0,0,36.100940,-86.818730,OVERHILL DR,,,,0.00,,,HILLSBORO PKE,,,,0.00,Y,Four-Way,N,Intersection-Related,None,,,         ,Tien,Nguyen,Clear,"Sideswipe, Same Direction",no,no,no,no,no,False
101167949,METROPOLITAN NASHVILLE POLICE DEPT,20160361260,Davidson,Nashville,4/20/2016 10:20:00 AM,3,1,0,36.116680,-86.725330,I 24,,,,0.00,,,,,,,53.15,N,Not at Intersection,N,Non-Junction,None,,,         ,Jessie,Meadows,Clear,Front to Rear,no,no,no,no,no,False
101167950,METROPOLITAN NASHVILLE POLICE DEPT,20160361440,Davidson,Nashville,4/20/2016 11:06:00 AM,1,1,0,36.055120,-86.642620,THE OVERLOOK PVTDR,,,,75.00,Feet,West,BELL RD,,,,0.00,N,Not at Intersection,N,Non-Junction,None,,,         ,Jessie,Meadows,Clear,Not Collision with Motor Vehicle in Transport,no,no,no,no,no,False
101167951,METROPOLITAN NASHVILLE POLICE DEPT,20160361207,Davidson,Nashville,4/20/2016 10:15:00 AM,2,0,0,36.054970,-86.641940,ZELIDA AV,,,,138.00,Feet,East,BELL RD,,,,0.00,N,Not at Intersection,N,Non-Junction,None,,,         ,Jessie,Meadows,Clear,"Sideswipe, Same Direction",no,no,no,no,yes,False
101167952,METROPOLITAN NASHVILLE POLICE DEPT,20160361204,Davidson,Nashville,4/20/2016 12:54:00 PM,2,0,0,36.099110,-86.710430,I 24,,,,0.00,,,,,,,54.65,N,Not at Intersection, ,Non-Junction,None,,,         ,Jessie,Meadows,Clear,Front to Rear,no,no,no,no,no,False
101167953,METROPOLITAN NASHVILLE POLICE DEPT,20160361647,Davidson,Nashville,4/20/2016 1:07:00 PM,1,1,0,36.086450,-86.691460,ANTIOCH PKE,,,,395.00,Feet,North,PERIMETER HILL DR,,,,0.00,N,Not at Intersection,N,Non-Junction,None,,,         ,Jessie,Meadows,Clear,Not Collision with Motor Vehicle in Transport,yes,no,no,no,yes,False
101167954,METROPOLITAN NASHVILLE POLICE DEPT,20160361850,Davidson,Nashville,4/20/2016 1:55:00 PM,2,0,0,36.043040,-86.713000,NOLENSVILLE PKE,,,,216.00,Feet,North,MILL CREEK WHITTLEMORE GRNWY,,,,0.00,N,Not at Intersection, ,Non-Junction,None,,,         ,Jessie,Meadows,Clear,"Sideswipe, Same Direction",no,no,no,no,no,False
101167955,METROPOLITAN NASHVILLE POLICE DEPT,20160362092,Davidson,Nashville,4/20/2016 3:09:00 PM,2,0,0,36.127650,-86.737050,LYLE LN,,,,128.00,Feet,West,GATLIN DR,,,,0.00,N,Not at Intersection, ,Non-Junction,None,,,         ,Jessie,Meadows,Clear,Angle,no,no,no,no,no,False
101167968,METROPOLITAN NASHVILLE POLICE DEPT,20160362138,Davidson,Nashville,4/20/2016 3:12:00 PM,3,2,0,36.161720,-86.646440,STEWARTS FERRY PKE,,,,0.00,Feet,East,CREEKSTONE CIR,,,,0.00,N,Not at Intersection,N,OtherLocation,None,,,         ,Bradley,McIntyre,Clear,Angle,no,no,no,no,no,False
101167970,METROPOLITAN NASHVILLE POLICE DEPT,20160362184,Davidson,Nashville,4/20/2016 3:25:00 PM,1,1,0,36.130010,-86.838650,HARDING PKE,,,,0.00,Feet,,MONTGOMERY BELL AV,,,,0.00,Y,T-Intersection,Y,Intersection,None,,,         ,Bryant,Presley,Clear,Not Collision with Motor Vehicle in Transport,no,yes,no,no,no,False
101167975,METROPOLITAN NASHVILLE POLICE DEPT,2016-0362007,Davidson,Nashville,4/20/2016 2:18:00 PM,2,1,0,36.085000,-86.920680,OLD HICKORY BLVD,,,,75.00,Feet,South,AMBERWOOD CIR,,,,0.00,N,Not at Intersection,N,Non-Junction,None,,,         ,Walter,Gray II,Clear,"Sideswipe, Same Direction",no,no,no,no,no,False
101167981,METROPOLITAN NASHVILLE POLICE DEPT,20160362118,Davidson,Nashville,4/19/2016 12:00:00 AM,2,0,0,36.156130,-86.783920,DEMONBREUN ST,,,,0.00,,,,,,,0.00,,,N,Non-Junction,None,,,         ,Amanda,Hane,Clear,Unknown,no,no,no,yes,yes,False
101167986,METROPOLITAN NASHVILLE POLICE DEPT,20160362006,Davidson,Not in City Limit,4/20/2016 2:19:00 PM,2,2,0,36.127270,-86.928320,RIVER ROAD PKE,,,,1470.00,Feet,South,GOWER RD,,,,0.00,N,Not at Intersection,N,Non-Junction,None,,,         ,Brandon,Pedigo,Clear,Not Collision with Motor Vehicle in Transport,no,no,no,no,no,False
101167987,METROPOLITAN NASHVILLE POLICE DEPT,20160362386,Davidson,Nashville,4/20/2016 4:41:00 PM,2,0,0,36.037090,-86.794840,THOROUGHBRED LN,,,,0.00,,,BRENTWOOD BLVD,,,,0.00,Y,T-Intersection, ,Intersection-Related,None,,,         ,Tien,Nguyen,Clear,"Sideswipe, Same Direction",no,no,no,no,no,False
101168002,METROPOLITAN NASHVILLE POLICE DEPT,20160362302,Davidson,Nashville,4/20/2016 4:13:00 PM,2,3,0,36.091370,-86.761510,SIDCO DR,,,,0.00,,,KENILWOOD DR,,,,0.00,Y,T-Intersection,N,Intersection,None,,,         ,Clyde,Stambaugh,Clear,Angle,no,no,no,no,no,False
101168003,METROPOLITAN NASHVILLE POLICE DEPT,20160362222,Davidson,Nashville,4/20/2016 3:15:00 PM,2,1,0,36.165630,-86.820210,28TH AVE N,,,,0.00,,,ALAMEDA ST,,,,0.00,Y,T-Intersection,N,Intersection-Related,None,,,         ,Kevin,Reynolds,Clear,"Sideswipe, Opposite Direction",no,no,no,no,no,False
101168004,VANDERBILT UNIVERSITY POLICE,16-0362124,Davidson,Nashville,4/20/2016 2:35:00 PM,2,0,0,36.143530,-86.811150,28TH AVS,,,,0.00,,,,,,,0.00,,, ,Non-Junction,None,,,         ,V,Greene,Clear,Front to Rear,no,no,no,yes,no,Campus
101168006,METROPOLITAN NASHVILLE POLICE DEPT,2016-0362478,Davidson,Nashville,4/20/2016 5:13:00 PM,2,0,0,36.127940,-86.815750,I 440,,,,0.00,,,,,,,2.15,N,Not at Intersection, ,Non-Junction,None,,,         ,Walter,Gray II,Clear,Front to Rear,no,no,no,no,no,False
101168018,METROPOLITAN NASHVILLE POLICE DEPT,20160362224,Davidson,Nashville,4/20/2016 3:38:00 PM,2,2,0,36.129860,-86.715180,MURFREESBORO PKE,,,,195.00,Feet,West,MILLWOOD DR,,,,0.00,N,Not at Intersection,N,Non-Junction,None,,,         ,David,Stanley,Clear,Front to Rear,no,no,no,no,no,False
101168031,METROPOLITAN NASHVILLE POLICE DEPT,20160362594,Davidson,Nashville,4/20/2016 6:03:00 PM,2,0,0,36.032560,-86.768700,CLOVERLAND DR,,,,0.00,,,JONES PKWY,,,,0.00,Y,Four-Way,N,Intersection-Related,None,,,         ,Tien,Nguyen,Clear,Front to Rear,no,no,no,no,yes,False
101168033,METROPOLITAN NASHVILLE POLICE DEPT,20160362570,Davidson,Nashville,4/20/2016 5:47:00 PM,2,0,0,36.202040,-86.735660,LITTON AV,,,,0.00,Feet,,BRONTE AV,,,,0.00,Y,T-Intersection, ,Intersection,None,,,         ,Joshua,Lackey,Clear,Angle,no,no,no,no,no,False
101168036,METROPOLITAN NASHVILLE POLICE DEPT,20160362638,Davidson,Nashville,4/20/2016 5:26:00 PM,2,0,0,36.169890,-86.674420,LEBANON PKE,,,,0.00,,,GRAYLYNN DR,,,,0.00,Y,T-Intersection,N,Intersection-Related,None,,,         ,Mikala,Moore,Clear,"Sideswipe, Same Direction",no,no,no,no,yes,False
101168042,METROPOLITAN NASHVILLE POLICE DEPT,20160362273,Davidson,Nashville,4/20/2016 3:53:00 PM,2,1,0,36.110060,-86.720690,BRILEY PKWYS,,,,31.00,Feet,West,I24 W EXT RAMP,,,,0.00,N,Not at Intersection,N,Non-Junction,None,,,         ,William,Durham,Clear,"Sideswipe, Same Direction",no,no,no,no,yes,False
101168044,METROPOLITAN NASHVILLE POLICE DEPT,20160362442,Davidson,Nashville,4/20/2016 4:36:00 PM,2,0,0,36.175590,-86.782240,JEFFERSON ST,,,,0.00,,,1ST AVN,,,,0.00,Y,OTHER,N,Non-Junction,None,,,         ,Jacob,Partin,Clear,"Sideswipe, Same Direction",no,no,no,no,no,False
101168045,METROPOLITAN NASHVILLE POLICE DEPT,20160362490,Davidson,Nashville,4/20/2016 6:47:00 PM,2,0,0,36.250820,-86.740940,I 65,,,,0.00,,,,,,,91.25,N,Not at Intersection, ,Non-Junction,None,,,         ,Steven,Henry Jr.,Clear,Front to Rear,no,no,no,no,yes,False
101168055,METROPOLITAN NASHVILLE POLICE DEPT,20160362828,Davidson,Nashville,4/20/2016 7:15:00 PM,2,0,0,36.103350,-86.816090,HILLSBORO PKE,,,,0.00,,,WARFIELD DR,,,,0.00,Y,Four-Way, ,Intersection-Related,None,,,         ,Tien,Nguyen,Clear,Front to Rear,no,no,no,no,no,False
101168058,VANDERBILT UNIVERSITY POLICE,16-0362296,Davidson,Nashville,4/20/2016 2:57:00 PM,2,0,0,36.138720,-86.801610,CHILDRENS WAY,,,,50.00,Feet,East,MEDICAL CENTER DR,,,,0.00,N,Not at Intersection,N,Non-Junction,None,,,         ,Donald,Dennis,Cloudy,"Sideswipe, Same Direction",no,no,no,no,yes,Campus
101168064,METROPOLITAN NASHVILLE POLICE DEPT,20160362446,Davidson,Nashville,4/20/2016 4:53:00 PM,2,1,0,36.150540,-86.767850,MCCANN ST,,,,0.00,,,2ND AVS,,,,0.00,Y,Five Point Or More,N,Intersection-Related,None,,,         ,Felipe,Pereira,Clear,"Sideswipe, Same Direction",no,no,no,no,no,False
101168066,GOODLETTSVILLE POLICE DEPT,16-14473,Davidson,Goodlettsville,4/20/2016 4:57:00 PM,2,1,0,36.308350,-86.691790,VIETNAM VETERANS BLVDN,,,,150.00,Feet,West,VIETNAM VETERANS BLVD NB ENT R,,,,0.00,N,Not at Intersection,N,Non-Junction,None,,,         ,Rico,Jones,Clear,Front to Rear,no,no,no,no,no,False
101168069,METROPOLITAN NASHVILLE POLICE DEPT,20160359202,Davidson,Nashville,4/19/2016 7:37:00 PM,2,0,0,36.159410,-86.780910,BROADWAY,,,,0.00,,,7TH AVN,,,,0.00,Y,Four-Way, ,Intersection-Related,None,,,         ,Brian,Theriac,Clear,"Sideswipe, Same Direction",no,no,no,no,no,False
101168071,METROPOLITAN NASHVILLE POLICE DEPT,20160362716,Davidson,Nashville,4/20/2016 6:49:00 PM,2,1,0,36.050660,-86.673210,BLUE HOLE RD,,,,38.00,Feet,South,TIMBERLAKE WAY,,,,0.00,N,Not at Intersection,N,Non-Junction,None,,,         ,Matthew,Johnson,Clear,Front to Rear,no,no,no,no,no,False
101168073,METROPOLITAN NASHVILLE POLICE DEPT,20160362859,Davidson,Nashville,4/20/2016 7:37:00 PM,2,0,0,36.137460,-86.821220,WEST END AV,,,,0.00,Feet,East,I440 W EXT RAMP,,,,0.00,N,Not at Intersection, ,Non-Junction,None,,,         ,Charles,Griffin,Clear,Angle,no,no,no,no,no,False
101168078,METROPOLITAN NASHVILLE POLICE DEPT,20160362720,Davidson,Nashville,4/20/2016 5:50:00 PM,2,0,0,36.094460,-86.706910,I 24,,,,0.00,,,,,,,55.00,N,Not at Intersection, ,Non-Junction,None,,,         ,Michael,Russell,Clear,Front to Rear,no,no,no,no,no,False
101168079,METROPOLITAN NASHVILLE POLICE DEPT,2016-0362395,Davidson,Nashville,4/20/2016 4:45:00 PM,2,1,0,36.161960,-86.785390,YMCA WAY,,,,332.00,Feet,North,CHURCH ST,,,,0.00,N,Not at Intersection,N,Non-Junction,None,,,         ,Michael,Schlegel,Cloudy,Angle,no,no,no,no,no,False
101168081,METROPOLITAN NASHVILLE POLICE DEPT,20160362480,Davidson,Nashville,4/20/2016 4:40:00 PM,2,0,0,36.148990,-86.780430,I40 W ENT RAMP,,,,0.00,,,I65 S ENT RAMP,,,,0.00,Y,Y-Intersection, ,Non-Junction,None,,,         ,Michael,Douglas,Clear,"Sideswipe, Same Direction",no,no,no,no,yes,False
101168083,METROPOLITAN NASHVILLE POLICE DEPT,20160359372,Davidson,Not in City Limit,4/19/2016 8:45:00 PM,3,1,0,36.264450,-86.732280,OLD HICKORY BLVDW,,,,0.00,Feet,,N GRAYCROFT AV,,,,0.00,Y,Four-Way,Y,Intersection,None,,,         ,Jessica,Ware,Clear,Angle,no,no,no,no,no,False
101178089,METROPOLITAN NASHVILLE POLICE DEPT,20160362503,Davidson,Nashville,4/20/2016 12:00:00 AM,2,2,0,36.182320,-86.745040,STRATTON AV,,,,0.00,,,N 14TH ST,,,,0.00,Y,Four-Way,N,Intersection,None,,,         ,Tyler,Adcock,Clear,Angle,no,no,no,no,no,False
101178097,METROPOLITAN NASHVILLE POLICE DEPT,20160363016,Davidson,Nashville,4/20/2016 8:50:00 PM,2,1,0,0.000000,0.000000,SAWYER BROWN RD,,,,0.00,,,TODD PREIS DR,,,,0.00,Y,Four-Way,N,Intersection,None,,,         ,Jeremy,Huffine,Clear,Front to Rear,no,no,no,no,yes,False
101178101,METROPOLITAN NASHVILLE POLICE DEPT,20160362495,Davidson,Nashville,4/20/2016 5:25:00 PM,3,0,0,36.131280,-86.726970,I24E,,,,371.00,Feet,North,I24 W ENT RAMP,,,,0.00,N,Not at Intersection,N,Non-Junction,None,,,         ,William,Durham,Clear,Front to Rear,no,no,no,no,no,False
101178104,METROPOLITAN NASHVILLE POLICE DEPT,20160362136,Davidson,Nashville,4/20/2016 3:00:00 PM,2,1,0,36.131980,-86.832500,WEST END AV,,,,317.00,Feet,West,CARDEN AV,,,,0.00,N,Not at Intersection,N,Non-Junction,None,,,         ,Torian,Cox,Clear,Angle,no,no,no,no,no,False
101178107,METROPOLITAN NASHVILLE POLICE DEPT,20160362690,Davidson,Nashville,4/20/2016 6:40:00 PM,2,1,0,36.157980,-86.772640,KOREAN VETERANS BLVD,,,,0.00,,,2ND AVS,,,,0.00,Y,Four-Way,N,Intersection-Related,None,,,         ,Michael,Baron,Clear,Front to Rear,no,no,no,no,no,False
101178115,VANDERBILT UNIVERSITY POLICE,16-0363084,Davidson,Nashville,4/20/2016 12:00:00 AM,2,0,0,36.141960,-86.803830,24TH AVS,,,,0.00,,,,,,,0.00,,,N,Non-Junction,None,,,         ,Donald,Dennis,Clear,"Sideswipe, Same Direction",no,no,no,yes,yes,Campus
101178126,METROPOLITAN NASHVILLE POLICE DEPT,20160362195,Davidson,Not in City Limit,4/20/2016 3:31:00 PM,1,1,0,36.273680,-86.900920,LITTLE MARROWBONE RD,,,,913.00,Feet,East,BEAMAN PARK PVTDR,,,,0.00,N,Not at Intersection,N,Non-Junction,None,,,         ,Michael,Brooks,Clear,Not Collision with Motor Vehicle in Transport,no,no,no,no,no,False
101178127,METROPOLITAN NASHVILLE POLICE DEPT,20160362306,Davidson,Nashville,4/20/2016 3:31:00 PM,1,0,0,36.191860,-86.783440,I 65,,,,0.00,,,,,,,86.15,N,Not at Intersection,N,Non-Junction,None,,,         ,Michael,Brooks,Cloudy,Not Collision with Motor Vehicle in Transport,no,no,no,no,no,False
101178128,METROPOLITAN NASHVILLE POLICE DEPT,20160362513,Davidson,Nashville,4/20/2016 5:08:00 PM,2,0,0,36.187440,-86.800550,DOMINICAN DR,,,,158.00,Feet,West,ATHENS WAY,,,,0.00,N,Not at Intersection,N,Non-Junction,None,,,         ,Michael,Brooks,Cloudy,Front to Rear,no,no,no,no,yes,False
101178129,METROPOLITAN NASHVILLE POLICE DEPT,20160363110,Davidson,Nashville,4/20/2016 9:41:00 PM,2,1,0,36.209520,-86.834290,HAYNES PARK DR,,,,111.00,Feet,North,EVE CIR,,,,0.00,N,Not at Intersection,N,Non-Junction,None,,,         ,Michael,Brooks,Cloudy,Front to Rear,yes,no,no,no,no,False
101178134,METROPOLITAN NASHVILLE POLICE DEPT,2016-0360628,Davidson,Nashville,4/20/2016 5:55:00 AM,2,0,0,36.169090,-86.809600,21ST AVN,,,,0.00,Feet,,JEFFERSON ST,,,,0.00,Y,Four-Way,Y,Intersection,None,,,         ,William,McDaniel,Clear,Other,no,no,no,no,yes,False
101178141,METROPOLITAN NASHVILLE POLICE DEPT,20160362423,Davidson,Nashville,4/20/2016 6:08:00 PM,3,0,0,36.133530,-86.726760,I 24,,,,0.00,,,,,,,52.05,N,Not at Intersection, ,Non-Junction,None,,,         ,Jessie,Meadows,Clear,"Sideswipe, Same Direction",no,no,no,no,no,False
101178142,METROPOLITAN NASHVILLE POLICE DEPT,20160362492,Davidson,Nashville,4/20/2016 5:59:00 PM,2,0,0,36.133530,-86.726760,I 24,,,,0.00,,,,,,,52.05,N,Not at Intersection,N,Non-Junction,None,,,         ,Jessie,Meadows,Clear,Front to Rear,no,no,no,no,no,False
101178143,METROPOLITAN NASHVILLE POLICE DEPT,20160363047,Davidson,Nashville,4/20/2016 9:00:00 PM,1,1,0,36.081530,-86.646330,SHIAWAY DR,,,,0.00,,,MURFREESBORO PKE,,,,0.00,Y,T-Intersection,N,Intersection,None,,,         ,Jeffrey,Livingston,Clear,Not Collision with Motor Vehicle in Transport,yes,no,no,no,no,False
101178146,METROPOLITAN NASHVILLE POLICE DEPT,2016-0362465,Davidson,Nashville,4/20/2016 5:05:00 PM,2,0,0,36.159880,-86.622350,I 40,,,,0.00,,,,,,,219.45,N,Not at Intersection,N,Non-Junction,None,,,         ,Sandra,Talavera,Clear,Front to Rear,no,no,no,no,no,False
101178153,METROPOLITAN NASHVILLE POLICE DEPT,2016-0363228,Davidson,Nashville,4/20/2016 10:02:00 PM,3,1,0,36.041680,-86.748010,OLD HICKORY BLVD,,,,0.00,Feet,,BRENTWOOD MEADOWS CIR,,,,0.00,Y,Four-Way,N,Intersection,None,,,         ,Thomas,Miller,Clear,Front to Rear,no,no,no,no,no,False
101178162,METROPOLITAN NASHVILLE POLICE DEPT,20160358916,Davidson,Nashville,4/19/2016 4:48:00 PM,2,0,0,36.140170,-86.722740,I 40,,,,0.00,,,,,,,213.50,N,Not at Intersection,Y,Non-Junction,None,,,         ,Bryan,Byrnes,Clear,"Sideswipe, Same Direction",no,no,no,no,no,False
101178165,METROPOLITAN NASHVILLE POLICE DEPT,20160352668,Davidson,Goodlettsville,4/17/2016 6:10:00 PM,2,1,0,36.297440,-86.698740,GALLATIN PKEN,,,,228.00,Feet,North,RIVERGATE PKWY,,,,0.00,N,Not at Intersection,N,Non-Junction,None,,,         ,Carlos,Urrutia,Clear,Front to Rear,no,no,no,no,no,False
101178166,METROPOLITAN NASHVILLE POLICE DEPT,20160363027,Davidson,Nashville,4/20/2016 9:09:00 PM,1,0,0,36.180260,-86.762730,ELLINGTON PKWYS,,,,569.00,Feet,East,ELLINGTON PKWYN,,,,0.00,N,Not at Intersection,N,Non-Junction,None,,,         ,Carlos,Urrutia,Cloudy,Not Collision with Motor Vehicle in Transport,no,no,no,no,no,False
101178167,METROPOLITAN NASHVILLE POLICE DEPT,20160355298,Davidson,Nashville,4/18/2016 3:48:00 PM,2,1,0,36.248010,-86.720400,DUE WEST AVW,,,,19.00,Feet,North,GALLATIN PKES,,,,0.00,N,Not at Intersection,N,Non-Junction,None,,,         ,Carlos,Urrutia,Clear,Front to Rear,no,no,no,no,no,False
101178174,VANDERBILT UNIVERSITY POLICE,16-0363387,Davidson,Nashville,4/20/2016 10:50:00 PM,2,0,0,36.137570,-86.800760,WEDGEWOOD AV,,,,0.00,,,21ST AVS,,,,0.00,,Not at Intersection, ,,None,,,         ,Joshua,Malone,,,no,no,no,yes,no,Campus