master_record_number,agency,agency_tracking_number,county,city,collision_date,vehicles_involved,number_injured,number_dead,latitude,longitude,roadway_name,roadway_suffix,roadway_number,roadway_local_id,distance_from_reference,miles-feet_indicator,direction_from_reference,intersection_road_name,intersection_road_name_suffix,intersection_road_number,intersection_local_id,mile_marker,intersection_indicator,intersect_type,interchange_related_indicator,relation_to_junction,work_zone_type,construction_maintenance_zone,construction_maintenance_zone_location,fatal_case_number,officer_first_name,officer_last_name,weather_condition(s),manner_of_crash,pedestrian,bicycle,scooter,parking,hitrun,mou
101178627,METROPOLITAN NASHVILLE POLICE DEPT,20160365983,Davidson,Antioch,4/21/2016 3:44:00 PM,1,2,0,36.004620,-86.625730,OLD HICKORY BLVD,,,,312.00,Feet,East,BATTLE RD,,,,0.00,N,Not at Intersection,N,Non-Junction,None,,,         ,William,Durham,Rain,Not Collision with Motor Vehicle in Transport,no,no,no,no,no,False
101178631,METROPOLITAN NASHVILLE POLICE DEPT,20160366340,Davidson,Nashville,4/21/2016 5:05:00 PM,2,0,0,36.111210,-86.811310,HILLSBORO PKE,,,,0.00,,,GRAYBAR LN,,,,0.00,Y,T-Intersection, ,Intersection,None,,,         ,Maria,Cortez,Rain,Angle,no,no,no,no,no,False
101178633,METROPOLITAN NASHVILLE POLICE DEPT,20160363038,Davidson,Nashville,4/20/2016 8:05:00 PM,2,0,0,36.200580,-86.776440,I 65,,,,0.00,,,,,,,86.90,N,Not at Intersection, ,,None,,,         ,Myriah,Iles,,,no,no,no,no,no,False
101178636,METROPOLITAN NASHVILLE POLICE DEPT,20160366261,Davidson,Nashville,4/21/2016 4:55:00 PM,2,0,0,36.156570,-86.760550,I40 W ENT RAMP,,,,0.00,Feet,East,I 24,,,,0.00,N,Not at Intersection, ,Entrance/Exit Ramp Related,None,,,         ,Jason,King,Rain,Front to Rear,no,no,no,no,no,False
101178638,METROPOLITAN NASHVILLE POLICE DEPT,20160366169,Davidson,Nashville,4/21/2016 4:35:00 PM,2,0,0,36.206480,-86.776250,W TRINITY LN,,,,123.00,Feet,West,I65 N ENT RAMP,,,,0.00,N,Not at Intersection, ,,None,,,         ,Matthew,Cammarn,,,no,no,no,no,no,False
101178642,METROPOLITAN NASHVILLE POLICE DEPT,2016-0366356,Davidson,Nashville,4/21/2016 5:00:00 PM,2,0,0,36.192320,-86.829050,CLARKSVILLE PKE,,,,0.00,,,CLIFF DR,,,,0.00,Y,Four-Way, ,Non-Junction,None,,,         ,Brett,Johns,Rain,Front to Rear,no,no,no,no,yes,False
101178645,METROPOLITAN NASHVILLE POLICE DEPT,20160366223,Davidson,Nashville,4/21/2016 4:47:00 PM,1,1,0,36.057750,-86.677270,I 24,,,,0.00,,,,,,,58.05,N,Not at Intersection,N,Non-Junction,None,,,         ,William,Durham,Rain,Not Collision with Motor Vehicle in Transport,no,no,no,no,no,False
101178649,METROPOLITAN NASHVILLE POLICE DEPT,2016-0366247,Davidson,Nashville,4/21/2016 4:06:00 PM,2,0,0,36.140690,-86.833070,MURPHY RD,,,,0.00,,,40TH AVN,,,,0.00,Y,Four-Way, ,Intersection,None,,,         ,Ryan,Allen,Cloudy,Front to Rear,no,no,no,no,no,False
101178651,BERRY HILL POLICE DEPT,16-1414,Davidson,Berry Hill,4/21/2016 12:00:00 AM,2,0,0,36.121490,-86.773440,I 65,,,,0.00,,,,,,,80.45,N,Not at Intersection, ,,None,,,         ,John,Gleixner,,,no,no,no,no,no,False
101178655,METROPOLITAN NASHVILLE POLICE DEPT,20160366488,Davidson,Nashville,4/21/2016 6:20:00 PM,2,1,0,36.120970,-86.696860,BRILEY PKWY S EXT RAMP,,,,0.00,,,BRILEY PKWYS,,,,0.00,Y,OTHER,N,Non-Junction,None,,,         ,Thomas,Barnes,Rain,Front to Rear,no,no,no,no,no,False
101178658,METROPOLITAN NASHVILLE POLICE DEPT,20160366272,Davidson,Nashville,4/21/2016 5:00:00 PM,2,0,0,36.167940,-86.692510,COTTAGE LN,,,,25.00,Feet,North,LEBANON PKE,,,,0.00,N,Not at Intersection, ,Non-Junction,None,,,         ,Felipe,Pereira,Rain,Front to Rear,no,no,no,no,no,False
101178659,METROPOLITAN NASHVILLE POLICE DEPT,20160366282,Davidson,Nashville,4/21/2016 5:05:00 PM,2,0,0,36.168320,-86.692500,COTTAGE LN,,,,150.00,Feet,North,LEBANON PKE,,,,0.00,N,Not at Intersection, ,Non-Junction,None,,,         ,Felipe,Pereira,Rain,Angle,no,no,no,no,no,False
101178663,METROPOLITAN NASHVILLE POLICE DEPT,20160366352,Davidson,Nashville,4/21/2016 6:00:00 PM,2,0,0,36.148230,-86.762570,WHARF AV,,,,131.00,Feet,North,UNIVERSITY ST,,,,0.00,N,Not at Intersection,N,Non-Junction,None,,,         ,Jessie,Meadows,Clear,Angle,no,no,no,no,no,False
101178664,METROPOLITAN NASHVILLE POLICE DEPT,20160366341,Davidson,Nashville,4/21/2016 5:12:00 PM,3,0,0,36.113190,-86.801620,WOODMONT BLVD,,,,0.00,,,RICHARDS ST,,,,0.00,Y,Four-Way, ,Intersection,None,,,         ,Charles,Griffin,Rain,Front to Rear,no,no,no,no,no,False
101178669,METROPOLITAN NASHVILLE POLICE DEPT,20160366173,Davidson,Nashville,4/21/2016 4:35:00 PM,2,0,0,36.205890,-86.768610,E TRINITY LN,,,,0.00,,,DICKERSON PKE,,,,0.00,Y,Four-Way,Y,Intersection,None,,,         ,Michael,Moss,Rain,Angle,no,no,no,no,no,False
101178670,METROPOLITAN NASHVILLE POLICE DEPT,20160366524,Davidson,Nashville,4/21/2016 6:08:00 PM,2,0,0,36.156920,-86.798980,18TH AVN,,,,0.00,,,PATTERSON ST,,,,0.00,Y,Four-Way, ,Intersection-Related,None,,,         ,Nicholas,Smith,Rain,Front to Rear,no,no,no,no,no,False
101178676,METROPOLITAN NASHVILLE POLICE DEPT,20160366395,Davidson,Nashville,4/21/2016 5:42:00 PM,2,0,0,36.057350,-86.668230,MT VIEW RD,,,,792.00,Feet,South,HICKORY HOLLOW PKWY,,,,0.00,N,Not at Intersection,N,Non-Junction,None,,,         ,Richard,Olive,Rain,"Sideswipe, Same Direction",no,no,no,no,no,False
101178678,METROPOLITAN NASHVILLE POLICE DEPT,20160355485,Davidson,Nashville,4/18/2016 4:43:00 PM,2,0,0,36.136960,-86.727300,I 24,,,,0.00,,,,,,,51.30,N,Not at Intersection, ,,None,,,         ,Bryan,Byrnes,,,no,no,no,no,no,False
101178679,METROPOLITAN NASHVILLE POLICE DEPT,20160366416,Davidson,Not in City Limit,4/21/2016 5:49:00 PM,1,0,0,36.300830,-86.810300,LICKTON PKE,,,,106.00,Feet,North,CLAY LICK CT,,,,0.00,N,Not at Intersection,N,Non-Junction,None,,,         ,Rodney,Phipps,Rain,Not Collision with Motor Vehicle in Transport,no,no,no,no,no,False
101178680,METROPOLITAN NASHVILLE POLICE DEPT,20160362868,Davidson,Nashville,4/19/2016 4:30:00 PM,2,0,0,36.191120,-86.797200,VANTAGE WAY,,,,0.00,,,FRENCH LANDING DR,,,,0.00,Y,Four-Way,Y,Intersection,None,,,         ,Matthew,Dixon,Clear,Front to Rear,no,no,no,no,yes,False
101178681,METROPOLITAN NASHVILLE POLICE DEPT,20160366450,Davidson,Not in City Limit,4/21/2016 5:30:00 PM,2,0,0,36.044950,-86.953500,HIGHWAY 100,,,,819.00,Feet,East,OLD HARDING PKE,,,,0.00,N,Not at Intersection,N,OtherLocation,None,,,         ,Benjamin,Spees,Rain,Rear to Rear,no,no,no,no,yes,False
101178684,METROPOLITAN NASHVILLE POLICE DEPT,20160366535,Davidson,Nashville,4/21/2016 5:30:00 PM,2,0,0,36.109540,-86.815360,GREEN HILLS VILLAGE DR,,,,0.00,,,CRESTMOOR RD,,,,0.00,Y,T-Intersection, ,Intersection,None,,,         ,Mark,Hatt,Cloudy,Angle,no,no,no,no,no,False
101178685,METROPOLITAN NASHVILLE POLICE DEPT,20160366299,Davidson,Nashville,4/21/2016 5:09:00 PM,2,0,0,36.162330,-86.768960,KOREAN VETERANS BLVD,,,,253.00,Feet,South,S 1ST ST,,,,0.00,N,Not at Intersection, ,Non-Junction,None,,,         ,Caleb,Rogan,Rain,Front to Rear,no,no,no,no,no,False
101178688,METROPOLITAN NASHVILLE POLICE DEPT,20160366591,Davidson,Nashville,4/21/2016 6:49:00 PM,1,0,0,36.143590,-86.700250,I40 E EXT RAMP,,,,0.00,,,I 40,,,,0.00,Y,OTHER, ,,None,,,         ,Bryan,Byrnes,,,no,no,no,no,no,False
101178690,METROPOLITAN NASHVILLE POLICE DEPT,20160366474,Davidson,Nashville,4/21/2016 6:05:00 PM,2,1,0,36.088080,-86.803320,GRANNY WHITE PKE,,,,118.00,Feet,North,MCARTHUR RIDGE CT,,,,0.00,N,Not at Intersection,N,Non-Junction,None,,,         ,Conner,Harris,Rain,Front to Rear,no,no,no,no,no,False
101178692,METROPOLITAN NASHVILLE POLICE DEPT,20160366541,Davidson,Nashville,4/21/2016 6:40:00 PM,2,0,0,36.156630,-86.768670,HERMITAGE AV,,,,0.00,,,LEA AV,,,,0.00,Y,Four-Way, ,Intersection,None,,,         ,Jason,King,Rain,Front to Rear,no,no,no,no,no,False
101178702,METROPOLITAN NASHVILLE POLICE DEPT,20160366668,Davidson,Nashville,4/21/2016 6:25:00 PM,2,0,0,36.153520,-86.798360,19TH AVN,,,,91.00,Feet,North,HAYES ST,,,,0.00,N,Not at Intersection, ,Non-Junction,None,,,         ,Clyde,Stambaugh,Clear,Angle,no,no,no,no,no,False
101178703,METROPOLITAN NASHVILLE POLICE DEPT,20160366597,Davidson,Madison,4/21/2016 7:00:00 PM,2,0,0,36.261240,-86.712530,GALLATIN PKES,,,,0.00,,,MAPLE ST,,,,0.00,Y,T-Intersection,N,Non-Junction,None,,,         ,William,Crowe,Cloudy,Angle,no,no,no,no,no,False
101178706,METROPOLITAN NASHVILLE POLICE DEPT,20160366642,Davidson,Nashville,4/21/2016 7:18:00 PM,2,0,0,36.158290,-86.771890,HERMITAGE AV,,,,0.00,,,KOREAN VETERANS BLVD,,,,0.00,Y,Four-Way, ,,None,,,         ,Jason,Thomas,,,no,no,no,no,no,False
101178707,METROPOLITAN NASHVILLE POLICE DEPT,20160366565,Davidson,Nashville,4/21/2016 5:25:00 PM,2,0,0,36.155650,-86.789720,14TH AVN,,,,0.00,,,BROADWAY,,,,0.00,Y,Four-Way,N,Intersection,None,,,         ,Maria,Cortez,Rain,Angle,no,no,no,no,yes,False
101178721,METROPOLITAN NASHVILLE POLICE DEPT,20160366322,Davidson,Nashville,4/21/2016 5:14:00 PM,1,1,0,36.124990,-86.886160,BROOK HOLLOW RD,,,,86.00,Feet,North,TEMPLETON DR,,,,0.00,N,Not at Intersection,N,Non-Junction,None,,,         ,Jeremy,Huffine,Rain,Not Collision with Motor Vehicle in Transport,no,no,no,no,no,False
101178722,METROPOLITAN NASHVILLE POLICE DEPT,20160366440,Davidson,Nashville,4/21/2016 6:00:00 PM,2,0,0,36.092850,-86.771430,SOUTHMEADE PKWY,,,,0.00,,,FRANKLIN PKE,,,,0.00,Y,T-Intersection,N,Intersection-Related,None,,,         ,Tien,Nguyen,Rain,Front to Rear,no,no,no,no,no,False
101178723,METROPOLITAN NASHVILLE POLICE DEPT,20160366572,Davidson,Nashville,4/21/2016 6:51:00 PM,2,2,0,36.143850,-86.797710,EDGEHILL AV,,,,0.00,,,19TH AVS,,,,0.00,Y,Four-Way,N,Intersection-Related,None,,,         ,Tien,Nguyen,Cloudy,Angle,no,no,no,no,no,Campus
101178729,METROPOLITAN NASHVILLE POLICE DEPT,20160366360,Davidson,Nashville,4/21/2016 5:06:00 PM,2,0,0,36.078610,-86.729230,HARDING PL,,,,443.00,Feet,East,COVENTRY DR,,,,0.00,N,Not at Intersection,N,Non-Junction,None,,,         ,Jacob,Masteller,Rain,HeadOn,no,no,no,no,no,False
101178732,METROPOLITAN NASHVILLE POLICE DEPT,20160366600,Davidson,Nashville,4/21/2016 7:00:00 PM,1,0,0,36.041120,-86.782530,I 65,,,,0.00,,,,,,,74.75,N,Not at Intersection,N,Non-Junction,None,,,         ,Jose,Salazar,Rain,Not Collision with Motor Vehicle in Transport,no,no,no,no,no,False
101178734,METROPOLITAN NASHVILLE POLICE DEPT,20160366234,Davidson,Nashville,4/21/2016 12:00:00 AM,1,1,0,36.119160,-86.728630,OLD GLENROSE AV,,,,0.00,,,DODGE DR,,,,0.00,Y,T-Intersection,N,Non-Junction,None,,,         ,Ian,Lynch,Cloudy,Not Collision with Motor Vehicle in Transport,yes,no,no,no,no,False
101178763,METROPOLITAN NASHVILLE POLICE DEPT,2016-0364695,Davidson,Nashville,4/21/2016 7:36:00 AM,2,0,0,0.000000,0.000000,ANDERSON,RD,,,0.00,,,OLD ANDERSON,RD,SR,,0.00,Y,T-Intersection, ,Intersection,None,,,         ,Jeb,Johnston,Cloudy,Angle,no,no,no,no,no,False
101178765,METROPOLITAN NASHVILLE POLICE DEPT,20160366501,Davidson,Nashville,4/21/2016 5:45:00 PM,2,0,0,36.203550,-86.738530,GALLATIN PKE,,,,0.00,,,E TRINITY LN,,,,0.00,Y,T-Intersection, ,Intersection,None,,,         ,Christopher,Davis,Rain,Angle,no,no,no,no,no,False
101178767,METROPOLITAN NASHVILLE POLICE DEPT,20160366281,Davidson,Nashville,4/21/2016 4:59:00 PM,2,0,0,36.166610,-86.820440,28TH AVN,,,,0.00,,,MEHARRY BLVD,,,,0.00,Y,T-Intersection,N,Intersection,None,,,         ,Melvin,Taylor,Cloudy,"Sideswipe, Opposite Direction",no,no,no,no,no,False
101178769,METROPOLITAN NASHVILLE POLICE DEPT,20160366441,Davidson,Nashville,4/21/2016 5:40:00 PM,2,0,0,36.112390,-86.922780,OLD HICKORY BLVD,,,,24.00,Feet,South,I40 W EXT RAMP,,,,0.00,N,Not at Intersection,N,Non-Junction,None,,,         ,Jeremy,Huffine,Rain,Front to Rear,no,no,no,no,yes,False
101178784,METROPOLITAN NASHVILLE POLICE DEPT,20160366302,Davidson,Nashville,4/21/2016 5:10:00 PM,2,0,0,36.173770,-86.799970,I65 N ENT RAMP,,,,0.00,,,11TH AVN,,,,0.00,Y,OTHER, ,,None,,,         ,Michael,Brooks,,,no,no,no,no,no,False
101178785,METROPOLITAN NASHVILLE POLICE DEPT,20160366434,Davidson,Nashville,4/21/2016 5:57:00 PM,2,3,0,36.207020,-86.791600,W TRINITY LN,,,,0.00,,,WHITES CREEK PKE,,,,0.00,Y,Four-Way,Y,Intersection,None,,,         ,Michael,Brooks,Rain,Angle,no,no,no,no,no,False
101178793,METROPOLITAN NASHVILLE POLICE DEPT,20160366197,Davidson,Nashville,4/21/2016 4:44:00 PM,2,0,0,36.060730,-86.916150,HIGHWAY 100,,,,0.00,,,OLD HICKORY BLVD,,,,0.00,Y,T-Intersection,N,Non-Junction,None,,,         ,John,Thomas,Cloudy,"Sideswipe, Same Direction",no,no,no,no,yes,False
101178794,METROPOLITAN NASHVILLE POLICE DEPT,2016-0362081,Davidson,Nashville,4/20/2016 2:55:00 PM,2,1,0,36.109410,-86.755480,SIDCO DR,,,,67.00,Feet,South,FONTANA DR,,,,0.00,N,Not at Intersection,N,"Driveway, Alley Access, etc",None,,,         ,William,King,Clear,HeadOn,no,no,no,no,no,False
101178795,METROPOLITAN NASHVILLE POLICE DEPT,2016-0365995,Davidson,Nashville,4/21/2016 3:47:00 PM,6,1,0,36.037280,-86.788790,OLD HICKORY BLVD,,,,650.00,Feet,East,S HILLVIEW DR,,,,0.00,N,Not at Intersection,N,Non-Junction,None,,,         ,William,King,Cloudy,"Sideswipe, Same Direction",no,no,no,no,no,False
101178796,METROPOLITAN NASHVILLE POLICE DEPT,2016-0366362,Davidson,Nashville,4/21/2016 5:31:00 PM,2,0,0,36.040600,-86.779930,OLD HICKORY BLVD,,,,200.00,Feet,West,FRANKLIN PIKE CIR,,,,0.00,N,Not at Intersection,N,Non-Junction,None,,,         ,William,King,Clear,Front to Rear,no,no,no,no,yes,False
101178797,METROPOLITAN NASHVILLE POLICE DEPT,2016-0366367,Davidson,Nashville,4/21/2016 5:06:00 PM,2,0,0,36.037840,-86.796100,OLD HICKORY BLVD,,,,400.00,Feet,West,BRENTWOOD BLVD,,,,0.00,N,Not at Intersection, ,Non-Junction,None,,,         ,William,King,Rain,Front to Rear,no,no,no,no,no,False
101178802,METROPOLITAN NASHVILLE POLICE DEPT,20160366002,Davidson,Nashville,4/21/2016 3:20:00 PM,2,0,0,36.119750,-86.730530,GLENROSE AV,,,,189.00,Feet,West,WHITSETT RD,,,,0.00,N,Not at Intersection, ,Non-Junction,None,,,         ,Ian,Lynch,Clear,Angle,no,no,no,no,yes,False
101178803,METROPOLITAN NASHVILLE POLICE DEPT,20160366855,Davidson,Nashville,4/21/2016 8:15:00 PM,2,0,0,36.136060,-86.792520,WEDGEWOOD AV,,,,174.00,Feet,West,15TH AVS,,,,0.00,N,Not at Intersection, ,Non-Junction,None,,,         ,Clyde,Stambaugh,Clear,Angle,no,no,no,no,no,False
101178807,VANDERBILT UNIVERSITY POLICE,16-0362505,Davidson,Nashville,4/20/2016 1:30:00 PM,2,0,0,36.139440,-86.804020,CHILDRENS WAY,,,,0.00,,,,,,,0.00,,,N,Non-Junction,None,,,         ,Patrick,Conwell,Clear,Front to Rear,no,no,no,yes,yes,Campus
101178809,METROPOLITAN NASHVILLE POLICE DEPT,2016-0361877,Davidson,Nashville,4/20/2016 1:37:00 PM,2,1,0,36.171030,-86.688880,BRILEY PKWYS,,,,23.00,Feet,South,BRILEY PKWY S EXT RAMP,,,,0.00,N,Not at Intersection,N,Non-Junction,None,,,         ,Jeb,Johnston,Clear,"Sideswipe, Same Direction",no,no,no,no,no,False
101178814,METROPOLITAN NASHVILLE POLICE DEPT,20160366324,Davidson,Nashville,4/21/2016 5:00:00 PM,2,0,0,36.067630,-86.693080,APACHE TRL,,,,0.00,,,HICKORY LAKE APTS PVTDR,,,,0.00,Y,T-Intersection,N,Non-Junction,None,,,         ,Sharissa,Perez,Rain,"Sideswipe, Same Direction",no,no,no,no,no,False
101178817,METROPOLITAN NASHVILLE POLICE DEPT,20160366759,Davidson,Nashville,4/21/2016 7:10:00 PM,2,0,0,36.053560,-86.714990,NOLENSVILLE PKE,,,,35.00,Feet,South,BREWER DR,,,,0.00,N,Not at Intersection,N,Non-Junction,None,,,         ,Conner,Harris,Cloudy,Front to Rear,no,no,no,no,yes,False
101178819,METROPOLITAN NASHVILLE POLICE DEPT,20160366398,Davidson,Not in City Limit,4/21/2016 5:38:00 PM,2,0,0,36.076890,-86.945220,SAWYER BROWN RD,,,,0.00,,,HIGHWAY 70S,,,,0.00,Y,Four-Way,N,Intersection,None,,,         ,John,Thomas,Cloudy,Front to Rear,no,no,no,no,yes,False
101178846,METROPOLITAN NASHVILLE POLICE DEPT,20160367145,Davidson,Nashville,4/21/2016 9:45:00 PM,2,0,0,36.117230,-86.748410,NOLENSVILLE PKE,,,,286.00,Feet,North,JOYNER AV,,,,0.00,N,Not at Intersection, ,Non-Junction,None,,,         ,Ian,Lynch,Cloudy,"Sideswipe, Same Direction",no,no,no,no,yes,False
101178847,METROPOLITAN NASHVILLE POLICE DEPT,20160367125,Davidson,Not in City Limit,4/21/2016 9:44:00 PM,2,1,0,36.276550,-86.751830,DICKERSON PKE,,,,431.00,Feet,South,HUNTERS LN,,,,0.00,N,Not at Intersection,N,Non-Junction,None,,,         ,Corteze,Armstrong,Cloudy,Angle,no,no,no,no,no,False
101178853,METROPOLITAN NASHVILLE POLICE DEPT,20160367333,Davidson,Not in City Limit,4/21/2016 11:00:00 PM,1,0,0,36.083840,-87.018080,BEAUTIFUL VALLEY DR,,,,0.00,,,BEAUTIFUL VALLEY CT,,,,0.00,Y,T-Intersection,N,Intersection-Related,None,,,         ,Jackson,Smythe,Cloudy,Not Collision with Motor Vehicle in Transport,no,no,no,no,no,False
101178856,METROPOLITAN NASHVILLE POLICE DEPT,20160367455,Davidson,Not in City Limit,4/21/2016 11:50:00 PM,1,0,0,36.017470,-87.030940,HIGHWAY 96,,,,0.00,,,HIGHWAY 100,,,,0.00,Y,T-Intersection, ,,None,,,         ,Jackson,Smythe,,,no,no,no,no,no,False
101178859,METROPOLITAN NASHVILLE POLICE DEPT,20160364270,Davidson,Nashville,4/21/2016 4:30:00 AM,1,1,0,36.171930,-86.802330,I65 N ENT RAMP,,,,0.00,Feet,East,I 40,,,,0.00,N,Not at Intersection,N,Non-Junction,None,,,         ,William,McDaniel,Clear,Not Collision with Motor Vehicle in Transport,no,no,no,no,no,False
101178864,METROPOLITAN NASHVILLE POLICE DEPT,20160367441,Davidson,Antioch,4/21/2016 11:43:00 PM,1,1,0,36.069200,-86.582520,HOBSON,PIKE,,,0.00,,,DERBYSHIRE,DR,,,0.00,Y,T-Intersection,N,Intersection-Related,None,,,         ,Blaze,Williams,Clear,Not Collision with Motor Vehicle in Transport,no,no,no,no,no,False
101178875,METROPOLITAN NASHVILLE POLICE DEPT,20160367522,Davidson,Nashville,4/21/2016 11:05:00 PM,2,0,0,36.117210,-86.876660,DAVIDSON RD,,,,40.00,Feet,West,HICKORY VALLEY RD,,,,0.00,N,Not at Intersection, ,Non-Junction,None,,,         ,Aaron,Wigginton,Cloudy,Angle,no,no,no,no,no,False
101178881,METROPOLITAN NASHVILLE POLICE DEPT,20160367462,Davidson,Nashville,4/21/2016 11:51:00 PM,2,0,0,36.153960,-86.758330,I 40,,,,0.00,,,,,,,211.10,N,Not at Intersection, ,Entrance/Exit Ramp Related,None,,,         ,Leonard,Spadavecchia,Rain,"Sideswipe, Same Direction",no,no,no,no,no,False
101178903,METROPOLITAN NASHVILLE POLICE DEPT,2016-0363636,Davidson,Nashville,4/21/2016 1:35:00 AM,1,0,0,36.150960,-86.863320,I 40,,,,0.00,,,,,,,203.65,N,Not at Intersection,N,Non-Junction,None,,,         ,Timothy,Powell,Clear,Not Collision with Motor Vehicle in Transport,no,no,no,no,no,False
101178916,METROPOLITAN NASHVILLE POLICE DEPT,20160367556,Davidson,Nashville,4/22/2016 12:30:00 AM,2,0,0,0.000000,0.000000,FESSLERS,LN,,,10.00,Miles,South,FESSLERS,LN,,,0.00,N,Not at Intersection,N,Entrance/Exit Ramp Related,None,,,         ,Justin,Chisholm,Clear,Angle,no,no,no,no,no,False
101178918,METROPOLITAN NASHVILLE POLICE DEPT,2016-0367314,Davidson,Nashville,4/21/2016 10:18:00 PM,2,0,0,36.156970,-86.780630,DEMONBREUN ST,,,,70.00,Feet,East,8TH AVS,,,,0.00,N,Not at Intersection, ,Non-Junction,None,,,         ,Andrew,Maholland,Clear,Front to Rear,no,no,no,no,no,False
101178920,METROPOLITAN NASHVILLE POLICE DEPT,20160367568,Davidson,Nashville,4/22/2016 12:05:00 AM,2,0,0,36.153790,-86.794410,17TH AVS,,,,0.00,Feet,West,WEST END AV,,,,0.00,N,Not at Intersection, ,Non-Junction,None,,,         ,Thomas,West,Clear,"Sideswipe, Same Direction",no,no,no,no,no,False
101178939,METROPOLITAN NASHVILLE POLICE DEPT,20160365692,Davidson,Nashville,4/21/2016 2:05:00 PM,3,0,0,0.000000,0.000000,OLD HICKORY BLVD,,SR45,,0.20,Miles,South,HADLEY AV,,US,,0.00,N,Not at Intersection,N,Non-Junction,None,,,         ,Evan,Hibschman,Cloudy,Front to Rear,no,no,no,no,no,False
101178955,METROPOLITAN NASHVILLE POLICE DEPT,20160368166,Davidson,Nashville,4/22/2016 6:02:00 AM,1,0,0,36.150500,-86.695710,ELM HILL PKE,,,,313.00,Feet,East,WANDA DR,,,,0.00,N,Not at Intersection, ,Non-Junction,None,,,         ,James,Curtis,Cloudy,Not Collision with Motor Vehicle in Transport,no,no,no,no,no,False
101178959,METROPOLITAN NASHVILLE POLICE DEPT,20160358062,Davidson,Nashville,4/19/2016 11:50:00 AM,2,0,0,36.175270,-86.792660,ROSA L PARKS BLVD,,,,0.00,,,MONROE ST,,,,0.00,Y,Four-Way,N,Intersection,None,,,         ,Garren,Hoskins,Clear,Angle,no,no,no,no,no,False
101178960,METROPOLITAN NASHVILLE POLICE DEPT,20160368222,Davidson,Nashville,4/22/2016 6:37:00 AM,2,1,0,36.141720,-86.884950,I 40,,,,0.00,,,,,,,202.20,N,Not at Intersection,N,Non-Junction,None,,,         ,Michael,Phelps,Clear,Front to Rear,no,no,no,no,no,False
101178970,METROPOLITAN NASHVILLE POLICE DEPT,20160368313,Davidson,Nashville,4/22/2016 7:32:00 AM,2,2,0,36.038190,-86.800680,OLD HICKORY BLVD,,,,65.00,Feet,East,WESTPARK DR,,,,0.00,N,Not at Intersection,N,Non-Junction,None,,,         ,Nathan,Kemp,Clear,Front to Rear,no,no,no,no,no,False
101178976,METROPOLITAN NASHVILLE POLICE DEPT,20160365704,Davidson,Nashville,4/21/2016 2:09:00 PM,2,0,0,0.000000,0.000000,MCGAVOCK,PIKE,,,250.00,Feet,North,MCGAVOCK,PIKE,SR3150,,0.00,N,Not at Intersection,N,Non-Junction,None,,,         ,Torrance,Bennett,Clear,"Sideswipe, Same Direction",no,no,no,yes,no,False
101178994,METROPOLITAN NASHVILLE POLICE DEPT,20160368317,Davidson,Nashville,4/22/2016 7:34:00 AM,2,1,0,36.231250,-86.724930,HAYSBORO AV,,,,0.00,,,GALLATIN PKE,,,,0.00,Y,T-Intersection,N,Non-Junction,None,,,         ,Alex,Moore,Clear,Front to Rear,no,no,no,no,no,False
101179000,METROPOLITAN NASHVILLE POLICE DEPT,20160368319,Davidson,Nashville,4/22/2016 7:35:00 AM,2,0,0,36.045660,-86.684990,BELL RD,,,,301.00,Feet,South,BRENTRIDGE DR,,,,0.00,N,Not at Intersection,N,Non-Junction,None,,,         ,David,Smith,Clear,Front to Rear,no,no,no,no,yes,False
101179002,METROPOLITAN NASHVILLE POLICE DEPT,2016-0365682,Davidson,Nashville,4/21/2016 2:00:00 PM,1,0,0,36.161580,-86.783890,CHURCH ST,,,,0.00,,,ROSA L PARKS AV,,,,0.00,Y,Four-Way, ,,None,,,         ,Paul,Sorace,,,no,yes,no,no,no,False
101179009,METROPOLITAN NASHVILLE POLICE DEPT,20160368533,Davidson,Nashville,4/22/2016 9:00:00 AM,1,0,0,36.020600,-86.627690,I 24,,,,0.00,,,,,,,62.00,N,Not at Intersection, ,Non-Junction,None,,,         ,William,Waters,Clear,Not Collision with Motor Vehicle in Transport,no,no,no,no,no,False
101179011,METROPOLITAN NASHVILLE POLICE DEPT,20160368583,Davidson,Nashville,4/22/2016 9:23:00 AM,2,0,0,36.136580,-86.795150,WEDGEWOOD AV,,,,0.00,,,17TH AVS,,,,0.00,Y,Four-Way, ,Intersection,None,,,         ,Nathan,Kemp,Clear,Front to Rear,no,no,no,no,no,False
101179016,METROPOLITAN NASHVILLE POLICE DEPT,20160368432,Davidson,Nashville,4/22/2016 8:20:00 AM,2,0,0,36.176680,-86.771610,SPRING ST,,,,0.00,,,I24 W ENT RAMP,,,,0.00,Y,OTHER, ,Entrance/Exit Ramp Related,None,,,         ,Randal,Owsley,Clear,Front to Rear,no,no,no,no,no,False
101179034,METROPOLITAN NASHVILLE POLICE DEPT,20160364710,Davidson,Nashville,4/21/2016 8:17:00 AM,2,0,0,36.184410,-86.773730,DICKERSON PKE,,,,0.00,,,HANCOCK ST,,,,0.00,Y,T-Intersection, ,Non-Junction,None,,,         ,Alex,Moore,Clear,Other,no,no,no,no,no,False
101179044,METROPOLITAN NASHVILLE POLICE DEPT,20160368580,Davidson,Nashville,4/22/2016 9:21:00 AM,1,0,0,36.151340,-86.768360,2ND AVS,,,,0.00,,,I40 E ENT RAMP,,,,0.00,Y,Four-Way,N,Entrance/Exit Ramp Related,None,,,         ,Michael,Dance,Clear,Not Collision with Motor Vehicle in Transport,yes,no,no,no,yes,False