master_record_number,agency,agency_tracking_number,county,city,collision_date,vehicles_involved,number_injured,number_dead,latitude,longitude,roadway_name,roadway_suffix,roadway_number,roadway_local_id,distance_from_reference,miles-feet_indicator,direction_from_reference,intersection_road_name,intersection_road_name_suffix,intersection_road_number,intersection_local_id,mile_marker,intersection_indicator,intersect_type,interchange_related_indicator,relation_to_junction,work_zone_type,construction_maintenance_zone,construction_maintenance_zone_location,fatal_case_number,officer_first_name,officer_last_name,weather_condition(s),manner_of_crash,pedestrian,bicycle,scooter,parking,hitrun,mou
101179587,METROPOLITAN NASHVILLE POLICE DEPT,20160369761,Davidson,Nashville,4/22/2016 4:18:00 PM,4,0,0,36.141260,-86.716970,I 40,,,,0.00,,,,,,,213.80,N,Not at Intersection,N,Non-Junction,None,,,         ,Mikala,Moore,Clear,Front to Rear,no,no,no,no,no,False
101179590,METROPOLITAN NASHVILLE POLICE DEPT,20160370772,Davidson,Nashville,4/22/2016 10:24:00 PM,2,1,0,36.191500,-86.786400,I 65,,,,0.00,,,,,,,86.00,N,Not at Intersection,N,Non-Junction,None,,,         ,Caleb,Rogan,Clear,Front to Rear,no,no,no,no,no,False
101179596,METROPOLITAN NASHVILLE POLICE DEPT,20160370734,Davidson,Nashville,4/22/2016 10:05:00 PM,2,0,0,36.218150,-86.803480,WHITES CREEK PKE,,,,0.00,,,MOORMANS ARM RD,,,,0.00,Y,Four-Way, ,Intersection,None,,,         ,Christopher,Valdez,Clear,Angle,no,no,no,no,no,False
101179611,METROPOLITAN NASHVILLE POLICE DEPT,20160369618,Davidson,Nashville,4/22/2016 3:25:00 PM,3,1,0,36.215920,-86.837710,CLARKSVILLE PKE,,,,966.00,Feet,South,KINGS LN,,,,0.00,N,Not at Intersection,N,Non-Junction,None,,,         ,Michael,Brooks,Clear,Front to Rear,no,no,no,no,no,False
101179612,METROPOLITAN NASHVILLE POLICE DEPT,20160369700,Davidson,Nashville,4/22/2016 3:53:00 PM,2,0,0,36.168130,-86.816810,JEFFERSON ST,,,,0.00,,,26TH AVN,,,,0.00,Y,T-Intersection,Y,Intersection,None,,,         ,Michael,Brooks,Clear,Angle,no,no,no,no,no,False
101179613,METROPOLITAN NASHVILLE POLICE DEPT,20160370100,Davidson,Nashville,4/22/2016 6:02:00 PM,2,0,0,36.169030,-86.809990,JEFFERSON ST,,,,115.00,Feet,West,21ST AVN,,,,0.00,N,Not at Intersection,N,Non-Junction,None,,,         ,Michael,Brooks,Clear,"Sideswipe, Same Direction",no,no,no,no,no,False
101179628,METROPOLITAN NASHVILLE POLICE DEPT,20160370548,Davidson,Nashville,4/22/2016 8:51:00 PM,2,0,0,36.148640,-86.799080,21ST AVS,,,,0.00,,,DIVISION ST,,,,0.00,Y,Y-Intersection, ,,None,,,         ,Charles,Griffin,,,no,no,no,no,no,Campus
101179635,METROPOLITAN NASHVILLE POLICE DEPT,20160369465,Davidson,Nashville,4/22/2016 2:27:00 PM,2,0,0,36.140390,-86.732430,ARLINGTON AV,,,,0.00,,,,,,,0.00,,, ,,None,,,         ,John,Daugherty,,,no,no,no,yes,no,False
101179650,METROPOLITAN NASHVILLE POLICE DEPT,20160370905,Davidson,Nashville,4/22/2016 10:30:00 PM,2,0,0,36.162900,-86.776860,COMMERCE ST,,,,0.00,,,3RD AVN,,,,0.00,Y,Four-Way, ,Intersection-Related,None,,,         ,Melvin,Foster,Clear,Front to Rear,no,no,no,no,yes,False
101179658,METROPOLITAN NASHVILLE POLICE DEPT,20160370858,Davidson,Nashville,4/22/2016 11:05:00 PM,2,0,0,36.045370,-86.713260,NOLENSVILLE PKE,,,,0.00,,,OLD HICKORY BLVD,,,,0.00,Y,Four-Way, ,Intersection-Related,None,,,         ,Jonathan,Cavezza,Clear,Front to Rear,no,no,no,no,no,False
101179663,METROPOLITAN NASHVILLE POLICE DEPT,20160371037,Davidson,Nashville,4/23/2016 12:38:00 AM,2,0,0,36.125330,-86.815620,WOODLAWN DR,,,,156.00,Feet,East,SHARONDALE DR,,,,0.00,N,Not at Intersection,N,Non-Junction,None,,,         ,Steven,Popp,Clear,HeadOn,no,no,no,no,no,False
101179667,METROPOLITAN NASHVILLE POLICE DEPT,20160370867,Davidson,Nashville,4/22/2016 11:10:00 PM,2,1,0,36.248050,-86.720330,DUE WEST AVE,,,,0.00,Feet,,GALLATIN PKES,,,,0.00,Y,Four-Way,N,Intersection,None,,,         ,Michael,Reid,Clear,Angle,no,no,no,no,no,False
101179668,VANDERBILT UNIVERSITY POLICE,16-0370749,Davidson,Nashville,4/22/2016 10:10:00 PM,2,0,0,36.143480,-86.811180,VANDERBILT PL,,,,0.00,,,,,,,0.00,,, ,,None,,,         ,Joel,Newsom,,,no,no,no,yes,no,Campus
101179691,METROPOLITAN NASHVILLE POLICE DEPT,20160371106,Davidson,Nashville,4/23/2016 12:25:00 AM,2,0,0,36.208770,-86.779840,AVONDALE CIR,,,,0.00,,,,,,,0.00,,,N,Non-Junction,None,,,         ,Geoffrey,Daugherty,Clear,HeadOn,no,no,no,no,yes,False
101179700,METROPOLITAN NASHVILLE POLICE DEPT,20160370875,Davidson,Nashville,4/22/2016 11:10:00 PM,1,0,0,36.217360,-86.763230,LORRAINE AV,,,,0.00,,,DICKERSON PKE,,,,0.00,Y,T-Intersection,N,Non-Junction,None,,,         ,James,Tucker,Clear,Not Collision with Motor Vehicle in Transport,no,no,no,no,yes,False
101179702,METROPOLITAN NASHVILLE POLICE DEPT,20160370926,Davidson,Nashville,4/22/2016 11:25:00 PM,2,0,0,36.219630,-86.762410,DICKERSON PKE,,,,128.00,Feet,South,ALHAMBRA CIR,,,,0.00,N,Not at Intersection, ,Non-Junction,None,,,         ,Terrance,McBride,Clear,HeadOn,no,no,no,no,yes,False
101179703,METROPOLITAN NASHVILLE POLICE DEPT,20160371170,Davidson,Nashville,4/23/2016 1:43:00 AM,3,0,0,36.118610,-86.704140,WINTHORNE DR,,,,121.00,Feet,East,GLENGARRY DR,,,,0.00,N,Not at Intersection,N,Non-Junction,None,,,         ,Erik,Dabbs,Clear,Not Collision with Motor Vehicle in Transport,no,no,no,no,yes,False
101179710,METROPOLITAN NASHVILLE POLICE DEPT,20160371390,Davidson,Nashville,4/23/2016 3:45:00 AM,1,0,0,36.080430,-86.717720,HARDING PL,,,,61.00,Feet,East,JONQUIL DR,,,,0.00,N,Not at Intersection,N,Non-Junction,None,,,         ,Kurt,Lewton,Clear,Not Collision with Motor Vehicle in Transport,no,no,no,no,no,False
101179713,METROPOLITAN NASHVILLE POLICE DEPT,20160371343,Davidson,Nashville,4/23/2016 3:00:00 AM,2,0,0,36.160200,-86.776670,4TH AVS,,,,110.00,Feet,North,SYMPHONY PL,,,,0.00,N,Not at Intersection, ,Non-Junction,None,,,         ,Melvin,Foster,Clear,Front to Rear,no,no,no,no,yes,False
101179717,METROPOLITAN NASHVILLE POLICE DEPT,20160371150,Davidson,Nashville,4/23/2016 1:38:00 AM,2,0,0,0.000000,0.000000,OLD HICKORY,BLVD,,,0.00,,,CEDARMONT,DR,,,0.00,Y,Four-Way,N,Intersection,None,,,         ,Leonard,Cato,Clear,Front to Rear,no,no,no,no,no,False
101179718,METROPOLITAN NASHVILLE POLICE DEPT,20160370922,Davidson,Nashville,4/22/2016 11:29:00 PM,1,0,0,36.176940,-86.754670,MAIN ST,,,,275.00,Feet,East,MCFERRIN AV,,,,0.00,N,Not at Intersection,N,Unknown,None,,,         ,Harris,Smith,Clear,Not Collision with Motor Vehicle in Transport,no,no,no,yes,yes,False
101179723,METROPOLITAN NASHVILLE POLICE DEPT,20160371181,Davidson,Nashville,4/23/2016 1:52:00 AM,1,0,0,36.246770,-86.778720,BRICK CHURCH PKE,,,,391.00,Feet,South,VILLAGE TRL,,,,0.00,N,Not at Intersection,N,Non-Junction,None,,,         ,Christina,Buckner,Clear,Not Collision with Motor Vehicle in Transport,no,no,no,no,no,False
101179724,METROPOLITAN NASHVILLE POLICE DEPT,2016-0368202,Davidson,Nashville,4/22/2016 6:10:00 AM,3,0,0,36.038990,-86.782580,OLD HICKORY BLVD,,,,0.00,,,I65 S EXT RAMP,,,,0.00,Y,OTHER,N,Entrance/Exit Ramp Related,None,,,         ,Thomas,Miller,Clear,Front to Rear,no,no,no,no,no,False
101179725,METROPOLITAN NASHVILLE POLICE DEPT,20160371458,Davidson,Nashville,4/23/2016 5:15:00 AM,2,0,0,36.189370,-86.776200,I 24,,,,0.00,,,,,,,46.95,N,Not at Intersection, ,Non-Junction,None,,,         ,Christopher,Hanor,Clear,Angle,no,no,no,no,no,False
101179736,METROPOLITAN NASHVILLE POLICE DEPT,20160371521,Davidson,Nashville,4/23/2016 6:12:00 AM,2,0,0,36.064790,-86.628480,HAMILTON CHURCH RD,,,,0.00,,,MURFREESBORO PKE,,,,0.00,Y,Four-Way,Y,Intersection,None,,,         ,Blaze,Williams,Clear,Angle,no,no,no,no,yes,False
101179737,METROPOLITAN NASHVILLE POLICE DEPT,20160371362,Davidson,Nashville,4/23/2016 12:00:00 AM,1,0,0,36.168710,-86.685500,LEBANON PKE,,,,42.00,Feet,West,THE CROSSINGS PVTDR,,,,0.00,N,Not at Intersection,N,Non-Junction,None,,,         ,Leonard,Spadavecchia,Unknown,Not Collision with Motor Vehicle in Transport,no,no,no,no,yes,False
101179739,METROPOLITAN NASHVILLE POLICE DEPT,20160363218,Davidson,Nashville,4/20/2016 10:35:00 PM,2,0,0,36.154270,-86.792890,16TH AVS,,,,0.00,Feet,,BROADWAY,,,,0.00,Y,Five Point Or More, ,Intersection-Related,None,,,         ,Steven,Carrick,Clear,"Sideswipe, Same Direction",no,no,no,no,no,False
101179753,METROPOLITAN NASHVILLE POLICE DEPT,20160371371,Davidson,Nashville,4/23/2016 3:45:00 AM,1,1,0,36.188680,-86.589260,OLD LEBANON DIRT RD,,,,0.00,,,RACHAELS SPRING RD,,,,0.00,Y,T-Intersection,N,Intersection,None,,,         ,Justin,Franklin,Clear,Not Collision with Motor Vehicle in Transport,no,no,no,no,no,False
101179755,BERRY HILL POLICE DEPT,16-1409,Davidson,Berry Hill,4/21/2016 2:03:00 PM,2,0,0,36.124980,-86.776670,INVERNESS AV,,,,0.00,,,FRANKLIN PKE,,,,0.00,Y,OTHER, ,OtherLocation,None,,,         ,Larry,Carter,Clear,Front to Rear,no,no,no,no,no,False
101179759,METROPOLITAN NASHVILLE POLICE DEPT,20160367915,Davidson,Nashville,4/22/2016 12:00:00 AM,1,0,0,36.166500,-86.582210,ROXBOROUGH DR,,,,0.00,,,,,,,0.00,,Not at Intersection,N,Non-Junction,None,,,         ,Sean,Wuethrich,Clear,Not Collision with Motor Vehicle in Transport,no,no,no,no,no,False
101179763,METROPOLITAN NASHVILLE POLICE DEPT,20160369292,Davidson,Nashville,4/22/2016 12:00:00 AM,2,0,0,36.246410,-86.721340,US HWY 31E,,,,98.00,Feet,South,BERKLEY DR,,,,0.00,N,Not at Intersection, ,Non-Junction,None,,,         ,Coleman,McKellar,Clear,Angle,no,no,no,no,no,False
101179780,METROPOLITAN NASHVILLE POLICE DEPT,2016-0369391,Davidson,Nashville,4/22/2016 1:00:00 PM,2,0,0,36.148490,-86.780990,I 40,,,,0.00,,,,,,,209.80,N,Not at Intersection, ,Non-Junction,None,,,         ,Daniel,Russett,Clear,Angle,no,no,no,no,no,False
101179783,BERRY HILL POLICE DEPT,16-1432,Davidson,Berry Hill,4/22/2016 4:10:00 PM,2,0,0,36.122560,-86.775860,FRANKLIN PKE,,,,0.00,,,BILOXI AV,,,,0.00,Y,OTHER, ,,None,,,         ,Larry,Carter,,,no,no,no,yes,no,False
101179786,METROPOLITAN NASHVILLE POLICE DEPT,2016-0368391,Davidson,Nashville,4/22/2016 8:06:00 AM,2,1,0,36.078480,-86.643260,MURFREESBORO PKE,,,,91.00,Feet,West,MARTWAY DR,,,,0.00,N,Not at Intersection,N,Non-Junction,None,,,         ,Jeb,Johnston,Cloudy,Front to Rear,no,no,no,no,no,False
101179788,METROPOLITAN NASHVILLE POLICE DEPT,20160371724,Davidson,Nashville,4/23/2016 7:05:00 AM,1,0,0,36.040470,-86.770030,OLD HICKORY BLVD,,,,311.00,Feet,East,SEVEN SPRINGS WAY PVTDR,,,,0.00,N,Not at Intersection, ,Non-Junction,None,,,         ,Justin,Fox,Cloudy,Not Collision with Motor Vehicle in Transport,no,no,no,no,no,False
101179793,METROPOLITAN NASHVILLE POLICE DEPT,20160361771,Davidson,Nashville,4/20/2016 12:44:00 PM,2,0,0,36.081210,-86.700430,LINBAR DR,,,,492.00,Feet,East,WALLACE RD,,,,0.00,N,Not at Intersection, ,Non-Junction,None,,,         ,Roderic,Williams,Clear,"Sideswipe, Same Direction",no,no,no,no,no,False
101179804,METROPOLITAN NASHVILLE POLICE DEPT,20160371756,Davidson,Nashville,4/23/2016 9:00:00 AM,2,0,0,36.069660,-86.690760,I24 E EXT RAMP,,,,0.00,,,I 24,,,,0.00,Y,T-Intersection, ,Intersection,None,,,         ,Thomas,White,Clear,"Sideswipe, Same Direction",no,no,no,no,yes,False
101179807,Nashville Airport Police,16-00996,Davidson,Nashville,4/22/2016 11:24:00 AM,2,0,0,0.000000,0.000000,AIR FREIGHT BLVD,,,,1000.00,Feet,South,VULTEE BLVD,,,,0.00,N,Not at Intersection, ,Non-Junction,None,,,         ,Mark,Medlin,Clear,Other,no,no,no,yes,no,False
101179820,METROPOLITAN NASHVILLE POLICE DEPT,20160371670,Davidson,Nashville,4/23/2016 6:40:00 AM,3,0,0,36.042450,-86.712940,MILL CREEK WHITTLEMORE GRNWY,,,,0.00,Feet,,NOLENSVILLE PKE,,,,0.00,Y,Four-Way,Y,Intersection,None,,,         ,Ronald,Raynore,Clear,Front to Rear,no,no,no,no,no,False
101179827,METROPOLITAN NASHVILLE POLICE DEPT,20160371804,Davidson,Not in City Limit,4/23/2016 9:40:00 AM,2,0,0,36.013820,-86.693190,TARMAC WAY,,,,179.00,Feet,South,QUIMBY CT,,,,0.00,N,Not at Intersection, ,Non-Junction,None,,,         ,Steven,Williams,Clear,Angle,no,no,no,no,no,False
101179840,METROPOLITAN NASHVILLE POLICE DEPT,20160371726,Davidson,Nashville,4/23/2016 8:40:00 AM,2,4,0,36.218790,-86.727890,SUNNYMEADE DR,,,,0.00,,,GALLATIN PKE,,,,0.00,Y,Four-Way,N,Intersection-Related,None,,,         ,Casey,Tomes,Clear,Angle,no,no,no,no,no,False
101179852,METROPOLITAN NASHVILLE POLICE DEPT,20160371936,Davidson,Nashville,4/23/2016 10:30:00 AM,2,1,0,36.148460,-86.745530,I 40,,,,0.00,,,,,,,211.90,N,Not at Intersection,N,Non-Junction,None,,,         ,James,Jarvis,Clear,"Sideswipe, Same Direction",no,no,no,no,yes,False
101179853,METROPOLITAN NASHVILLE POLICE DEPT,2016-0369096,Davidson,Nashville,4/22/2016 12:05:00 PM,2,0,0,36.191860,-86.781100,I 65,,,,0.00,,,,,,,86.25,N,Not at Intersection,Y,Entrance/Exit Ramp Related,None,,,         ,Paul,Sorace,Clear,Front to Rear,no,no,no,no,no,False
101179856,METROPOLITAN NASHVILLE POLICE DEPT,20160371713,Davidson,Antioch,4/23/2016 8:21:00 AM,2,0,0,0.000000,0.000000,HOBSON,PIKE,,,0.00,,,SOUTH HAMPTON,BLVD,,,0.00,Y,T-Intersection, ,Intersection,None,,,         ,Robert,Erickson,Clear,"Sideswipe, Opposite Direction",no,no,no,no,no,False
101179867,METROPOLITAN NASHVILLE POLICE DEPT,20160371893,Davidson,Nashville,4/23/2016 10:25:00 AM,2,0,0,36.111200,-86.751670,THOMPSON LN,,,,501.00,Feet,West,SEABOARD DR,,,,0.00,N,Not at Intersection, ,,None,,,         ,Justin,Fox,,,no,no,no,yes,no,False
101179868,METROPOLITAN NASHVILLE POLICE DEPT,20160371850,Davidson,Nashville,4/23/2016 10:05:00 AM,2,1,0,36.172110,-86.802120,I65 N ENT RAMP,,,,0.00,,,I 40,,,,0.00,Y,OTHER,N,Non-Junction,None,,,         ,Chase,Burnett,Clear,"Sideswipe, Same Direction",no,no,no,no,no,False
101179882,METROPOLITAN NASHVILLE POLICE DEPT,2016-0371957,Davidson,Nashville,4/23/2016 11:00:00 AM,2,0,0,36.119100,-86.912810,I 40,,,,0.00,,,,,,,200.00,N,Not at Intersection,N,Non-Junction,None,,,         ,Douglas,Atwood,Clear,"Sideswipe, Same Direction",no,no,no,no,yes,False
101179884,METROPOLITAN NASHVILLE POLICE DEPT,20160371911,Davidson,Nashville,4/23/2016 10:37:00 AM,2,0,0,36.074940,-86.724890,NOLENSVILLE PKE,,,,45.00,Feet,South,FLORA MAXWELL RD,,,,0.00,N,Not at Intersection,N,Non-Junction,None,,,         ,Roderic,Williams,Clear,"Sideswipe, Opposite Direction",no,no,no,no,no,False
101179885,METROPOLITAN NASHVILLE POLICE DEPT,2016-0371626,Davidson,Nashville,4/23/2016 7:47:00 AM,2,0,0,36.155650,-86.789720,I40 E ENT RAMP,,,,0.00,,,I40 E EXT RAMP,,,,0.00,Y,Four-Way, ,Intersection-Related,None,,,         ,Allen,Bates,Clear,Angle,no,no,no,no,no,False
101179887,METROPOLITAN NASHVILLE POLICE DEPT,20160372030,Davidson,Nashville,4/23/2016 12:00:00 AM,2,0,0,36.169560,-86.686960,BRILEY PKWY N ENT RAMP,,,,508.00,Feet,North,LEBANON PKE,,,,0.00,N,Not at Intersection,N,Non-Junction,None,,,         ,Michael,Dance,Clear,Angle,no,no,no,yes,yes,False
101179890,METROPOLITAN NASHVILLE POLICE DEPT,20160371903,Davidson,Nashville,4/23/2016 12:00:00 AM,2,1,0,36.255420,-86.704370,NEELYS BEND RD,,,,0.00,,,FOREST PARK RD,,,,0.00,Y,T-Intersection,N,Intersection,None,,,         ,Coleman,McKellar,Cloudy,Angle,no,no,no,no,no,False
101179892,METROPOLITAN NASHVILLE POLICE DEPT,20160371973,Davidson,Nashville,4/23/2016 11:18:00 AM,2,0,0,36.149660,-86.857930,WHITE BRIDGE PKE,,,,178.00,Feet,South,CHARLOTTE PKE,,,,0.00,N,Not at Intersection,N,Non-Junction,None,,,         ,Brandon,Helms,Clear,Front to Rear,no,no,no,no,no,False
101179903,METROPOLITAN NASHVILLE POLICE DEPT,20160372020,Davidson,Nashville,4/23/2016 11:30:00 AM,1,0,0,0.000000,0.000000,MURFREESBORO PIKE,PIKE,SR4200,,0.00,,,LAVERGNE COUCHVILLE,PIKE,SR,,0.00,Y,T-Intersection, ,Non-Junction,None,,,         ,Steven,Williams,Clear,Not Collision with Motor Vehicle in Transport,no,no,no,no,no,False
101179907,METROPOLITAN NASHVILLE POLICE DEPT,20160372043,Davidson,Nashville,4/23/2016 12:06:00 PM,2,0,0,36.094810,-86.736970,NOLENSVILLE PKE,,,,395.00,Feet,South,WHEELER AV,,,,0.00,N,Not at Intersection,N,Non-Junction,None,,,         ,Ronald,Raynore,Clear,Front to Rear,no,no,no,no,yes,False
101179909,VANDERBILT UNIVERSITY POLICE,16- 0372038,Davidson,Nashville,4/23/2016 11:30:00 AM,1,0,0,36.138670,-86.810870,BLAKEMORE AV,,,,0.00,,,NATCHEZ TRC,,,,0.00,Y,Four-Way, ,Intersection,None,,,         ,Charles,Payton,Clear,Not Collision with Motor Vehicle in Transport,no,no,no,no,no,Campus
101179920,METROPOLITAN NASHVILLE POLICE DEPT,2016-0371933,Davidson,Nashville,4/23/2016 10:45:00 AM,2,0,0,36.161870,-86.784930,9TH AVN,,,,241.00,Feet,North,CHURCH ST,,,,0.00,N,Not at Intersection, ,Non-Junction,None,,,         ,Paul,Sorace,Clear,"Sideswipe, Same Direction",no,no,no,no,no,False
101179922,METROPOLITAN NASHVILLE POLICE DEPT,20160370355,Davidson,Nashville,4/22/2016 7:40:00 PM,2,0,0,36.045220,-86.661580,CANE RIDGE RD,,,,163.00,Feet,North,BELL RD,,,,0.00,N,Not at Intersection,N,Non-Junction,None,,,         ,Richard,Olive,Clear,Angle,no,no,no,no,no,False
101179927,METROPOLITAN NASHVILLE POLICE DEPT,20160369370,Davidson,Nashville,4/22/2016 1:48:00 PM,2,1,0,36.171470,-86.802820,I 40,,,,0.00,,,,,,,207.70,N,Not at Intersection,N,Non-Junction,None,,,         ,James,Jarvis,Clear,Front to Rear,no,no,no,no,no,False
101179940,METROPOLITAN NASHVILLE POLICE DEPT,20160372133,Davidson,Nashville,4/23/2016 12:00:00 AM,2,0,0,36.145950,-86.666600,ROYAL PKWY,,,,0.00,,,DONELSON PKE,,,,0.00,Y,Four-Way, ,Intersection,None,,,         ,Michael,Dance,Clear,Front to Rear,no,no,no,no,no,False
101179942,METROPOLITAN NASHVILLE POLICE DEPT,20160372131,Davidson,Nashville,4/23/2016 12:50:00 PM,2,0,0,36.124020,-86.746880,I 440,,,,0.00,,,,,,,6.45,N,Not at Intersection,N,Non-Junction,None,,,         ,James,Thomas,Clear,Front to Rear,no,no,no,no,yes,False
101179951,METROPOLITAN NASHVILLE POLICE DEPT,2016-0369623,Davidson,Nashville,4/22/2016 3:22:00 PM,2,0,0,36.150710,-86.857850,WHITE BRIDGE PKE,,,,0.00,,,OBRIEN AV,,,,0.00,Y,OTHER, ,Intersection,None,,,         ,Ryan,Allen,Clear,"Sideswipe, Same Direction",no,no,no,no,no,False
101179960,METROPOLITAN NASHVILLE POLICE DEPT,20160370083,Davidson,Nashville,4/22/2016 5:50:00 PM,2,0,0,36.121740,-86.750580,NOLENSVILLE PKE,,,,0.00,,,I440 E EXT RAMP,,,,0.00,Y,OTHER, ,Intersection,None,,,         ,Ryan,Hartley,Clear,Angle,no,no,no,no,no,False
101179983,METROPOLITAN NASHVILLE POLICE DEPT,20160372277,Davidson,Nashville,4/23/2016 1:55:00 PM,2,0,0,36.113540,-86.805890,WOODMONT BLVD,,,,80.00,Feet,East,HOPKINS ST,,,,0.00,N,Not at Intersection, ,Non-Junction,None,,,         ,Candice,Soper,Clear,Front to Rear,no,no,no,no,no,False
101179990,METROPOLITAN NASHVILLE POLICE DEPT,2016-0372265,Davidson,Nashville,4/23/2016 2:22:00 PM,2,1,0,36.129240,-86.904660,CHARLOTTE PKE,,,,100.00,Feet,West,CHARLOTTE PKE PVTDR,,,,0.00,N,Not at Intersection,N,Non-Junction,None,,,         ,Michael,Rogers,Clear,Front to Rear,no,no,no,no,no,False
101179993,METROPOLITAN NASHVILLE POLICE DEPT,20160372309,Davidson,Nashville,4/23/2016 3:00:00 PM,2,0,0,36.037400,-86.786570,FRANKLIN PKE,,,,0.00,,,OLD HICKORY BLVD,,,,0.00,Y,Four-Way, ,Intersection,None,,,         ,Megan,Lamon,Clear,Front to Rear,no,no,no,no,no,False
101179996,METROPOLITAN NASHVILLE POLICE DEPT,20160372381,Davidson,Nashville,4/23/2016 12:00:00 AM,2,0,0,36.169370,-86.749640,S 12TH ST,,,,609.00,Feet,North,SEVIER ST,,,,0.00,N,Not at Intersection,N,Non-Junction,None,,,         ,Kimberly,Brown,Unknown,Unknown,no,no,no,no,yes,False
101180000,METROPOLITAN NASHVILLE POLICE DEPT,20160372284,Davidson,Nashville,4/23/2016 2:58:00 PM,2,1,0,36.142300,-86.709900,I 40,,,,0.00,,,,,,,214.20,N,Not at Intersection,N,Non-Junction,None,,,         ,Patrick,Taylor,Clear,Front to Rear,no,no,no,no,no,False
101180008,METROPOLITAN NASHVILLE POLICE DEPT,20160372366,Davidson,Nashville,4/23/2016 3:25:00 PM,3,0,0,36.140480,-86.723420,I24E,,,,314.00,Feet,North,I40 E ENT RAMP,,,,0.00,N,Not at Intersection,N,Non-Junction,None,,,         ,John,Kelley,Clear,Front to Rear,no,no,no,no,no,False
101180012,GOODLETTSVILLE POLICE DEPT,16-14803,Davidson,Goodlettsville,4/23/2016 3:23:00 PM,2,0,0,36.314960,-86.712690,RIVERGATE PKWY,,,,0.00,,,GOODLETTSVILLE PLZ,,,,0.00,Y,T-Intersection, ,"Driveway, Alley Access, etc",None,,,         ,Timothy,Preston,Clear,Angle,no,no,no,no,no,False
101180032,METROPOLITAN NASHVILLE POLICE DEPT,2016-0372407,Davidson,Nashville,4/23/2016 2:22:00 PM,2,0,0,36.140260,-86.666330,I40 E EXT RAMP,,,,0.00,,,DONELSON PKE,,,,0.00,Y,T-Intersection, ,,None,,,         ,Sandra,Talavera,,,no,no,no,no,no,False
101180037,METROPOLITAN NASHVILLE POLICE DEPT,20160372297,Davidson,Nashville,4/23/2016 3:00:00 PM,2,1,0,36.219760,-86.762360,DICKERSON PKE,,,,79.00,Feet,South,ALHAMBRA CIR,,,,0.00,N,Not at Intersection,N,Non-Junction,None,,,         ,Joshua,Lackey,Clear,Front to Rear,no,no,no,no,yes,False
101180038,METROPOLITAN NASHVILLE POLICE DEPT,20160372425,Davidson,Nashville,4/23/2016 3:50:00 PM,2,0,0,36.162750,-86.761250,I 24,,,,0.00,,,,,,,49.30,N,Not at Intersection, ,Non-Junction,None,,,         ,Michael,Moss,Clear,Angle,no,no,no,no,no,False
101180049,METROPOLITAN NASHVILLE POLICE DEPT,2016-0372612,Davidson,Nashville,4/23/2016 5:19:00 PM,2,0,0,36.148950,-86.863980,CHARLOTTE PKE,,,,359.00,Feet,East,LELLYETT ST,,,,0.00,N,Not at Intersection, ,,None,,,         ,Christopher,Clark,,,no,no,no,no,no,False
101180058,METROPOLITAN NASHVILLE POLICE DEPT,20160372476,Davidson,Nashville,4/23/2016 4:23:00 PM,2,1,0,36.152480,-86.833870,CHARLOTTE AV,,,,0.00,Feet,,40TH AVN,,,,0.00,Y,Four-Way,Y,Intersection,None,,,         ,Benjamin,Spees,Clear,Front to Rear,no,no,no,no,yes,False
101180062,METROPOLITAN NASHVILLE POLICE DEPT,20160372501,Davidson,Nashville,4/23/2016 3:04:00 PM,2,1,0,36.136030,-86.698680,BRILEY PKWYN,,,,0.00,,,CORPORATE DR,,,,0.00,Y,Four-Way,Y,Intersection-Related,None,,,         ,Reuben,Hewit,Clear,Front to Rear,no,no,no,no,no,False
101180063,METROPOLITAN NASHVILLE POLICE DEPT,20160372437,Davidson,Nashville,4/23/2016 4:00:00 PM,1,0,0,36.118770,-86.726390,I 24,,,,0.00,,,,,,,53.00,N,Not at Intersection, ,Non-Junction,None,,,         ,Darryl,Williams,Clear,Not Collision with Motor Vehicle in Transport,no,no,no,no,no,False
101180065,METROPOLITAN NASHVILLE POLICE DEPT,20160372560,Davidson,Nashville,4/23/2016 4:29:00 PM,2,0,0,36.040120,-86.743510,EDMONDSON PKE,,,,41.00,Feet,North,OLD HICKORY BLVD,,,,0.00,N,Not at Intersection, ,Non-Junction,None,,,         ,Jacob,Masteller,Clear,Front to Rear,no,no,no,no,no,False
101180067,METROPOLITAN NASHVILLE POLICE DEPT,20160372518,Davidson,Nashville,4/23/2016 4:03:00 PM,2,0,0,36.173940,-86.805850,UNDERWOOD ST,,,,62.00,Feet,East,17TH AVN,,,,0.00,N,Not at Intersection,N,Non-Junction,None,,,         ,Royce,McLester,Clear,Angle,no,no,no,no,no,False
101180078,METROPOLITAN NASHVILLE POLICE DEPT,20160372652,Davidson,Nashville,4/23/2016 12:00:00 AM,2,0,0,36.188750,-86.792920,I 65,,,,0.00,,,,,,,85.55,N,Not at Intersection,N,Non-Junction,None,,,         ,Adam,Gartner,Clear,"Sideswipe, Same Direction",no,no,no,no,no,False
101180081,METROPOLITAN NASHVILLE POLICE DEPT,20160372788,Davidson,Antioch,4/23/2016 6:37:00 PM,2,0,0,36.054010,-86.595620,PRIESTSHORE,,,,0.00,,East,,,,,0.01,N,Not at Intersection, ,Non-Junction,None,,,         ,Tyler,McDaniel,Clear,Rear to Side,no,no,no,no,no,False
101180082,METROPOLITAN NASHVILLE POLICE DEPT,20160372639,Davidson,Nashville,4/23/2016 5:36:00 PM,2,2,0,36.126030,-86.795460,BEECHWOOD AV,,,,0.00,,,OAKLAND AV,,,,0.00,Y,Four-Way,N,Intersection,None,,,         ,Nicholas,Smith,Clear,Angle,no,no,no,no,no,False