master_record_number,agency,agency_tracking_number,county,city,collision_date,vehicles_involved,number_injured,number_dead,latitude,longitude,roadway_name,roadway_suffix,roadway_number,roadway_local_id,distance_from_reference,miles-feet_indicator,direction_from_reference,intersection_road_name,intersection_road_name_suffix,intersection_road_number,intersection_local_id,mile_marker,intersection_indicator,intersect_type,interchange_related_indicator,relation_to_junction,work_zone_type,construction_maintenance_zone,construction_maintenance_zone_location,fatal_case_number,officer_first_name,officer_last_name,weather_condition(s),manner_of_crash,pedestrian,bicycle,scooter,parking,hitrun,mou
101180090,METROPOLITAN NASHVILLE POLICE DEPT,20160372555,Davidson,Nashville,4/23/2016 4:35:00 PM,3,0,0,36.142620,-86.708690,I 40,,,,0.00,,,,,,,214.30,N,Not at Intersection, ,Non-Junction,None,,,         ,John,Kelley,Clear,"Sideswipe, Same Direction",no,no,no,no,no,False
101180105,METROPOLITAN NASHVILLE POLICE DEPT,2016-0372840,Davidson,Nashville,4/23/2016 7:00:00 PM,2,2,0,36.076800,-86.920540,OLD HICKORY BLVD,,,,0.00,,,BELLE FOREST CIR,,,,0.00,Y,T-Intersection,N,Non-Junction,None,,,         ,Michael,Rogers,Clear,Angle,no,no,no,no,no,False
101180113,METROPOLITAN NASHVILLE POLICE DEPT,20160372317,Davidson,Nashville,4/23/2016 2:32:00 PM,2,0,0,36.151940,-86.752640,I 40,,,,0.00,,,,,,,211.40,N,Not at Intersection,N,Non-Junction,None,,,         ,Noah,Melton,Clear,Front to Rear,no,no,no,no,yes,False
101180114,METROPOLITAN NASHVILLE POLICE DEPT,20160372699,Davidson,Nashville,4/23/2016 6:05:00 PM,2,0,0,36.135850,-86.726730,I 24,,,,0.00,,,,,,,52.20,N,Not at Intersection,N,Non-Junction,None,,,         ,John,Kelley,Clear,Angle,no,no,no,no,no,False
101180121,METROPOLITAN NASHVILLE POLICE DEPT,20160372862,Davidson,Nashville,4/23/2016 6:35:00 PM,2,0,0,36.151290,-86.750950,I 40,,,,0.00,,,,,,,211.55,N,Not at Intersection, ,Non-Junction,None,,,         ,John,Kelley,Clear,Front to Rear,no,no,no,no,no,False
101180123,METROPOLITAN NASHVILLE POLICE DEPT,20160372802,Davidson,Nashville,4/23/2016 6:53:00 PM,2,1,0,36.084120,-86.698750,I 24,,,,0.00,,,,,,,55.90,N,Not at Intersection,N,Non-Junction,None,,,         ,Brandon,Vance,Clear,Front to Rear,no,no,no,no,yes,False
101180126,METROPOLITAN NASHVILLE POLICE DEPT,20160372754,Davidson,Nashville,4/23/2016 6:30:00 PM,2,0,0,36.157560,-86.759840,I 24,,,,0.00,,,,,,,49.65,N,Not at Intersection,N,Non-Junction,None,,,         ,James,Smith,Clear,Front to Rear,no,no,no,no,no,False
101180132,METROPOLITAN NASHVILLE POLICE DEPT,20160372659,Davidson,Not in City Limit,4/23/2016 5:50:00 PM,2,0,0,36.263810,-86.711660,GALLATIN PKEN,,,,0.00,,,OLD TIME VILLAGE PVTDR,,,,0.00,Y,T-Intersection,N,Non-Junction,None,,,         ,George,Oden,Clear,HeadOn,no,no,no,no,no,False
101180134,Metro Park Police,20160372152,Davidson,Nashville,4/23/2016 1:10:00 PM,2,0,0,36.061040,-86.903890,OLD HICKORY BLVD,,,,514.00,Feet,South,HIGHWAY 100,,,,0.00,N,Not at Intersection, ,SharedUsePathOrTrail,None,,,         ,Penny,Adcock,Clear,Front to Rear,no,no,no,no,no,False
101180138,METROPOLITAN NASHVILLE POLICE DEPT,20160373028,Davidson,Nashville,4/23/2016 8:07:00 PM,2,0,0,36.153670,-86.794650,WEST END AV,,,,85.00,Feet,West,17TH AVN,,,,0.00,N,Not at Intersection, ,Non-Junction,None,,,         ,Nicholas,Smith,Clear,Front to Rear,no,no,no,no,no,False
101180149,METROPOLITAN NASHVILLE POLICE DEPT,20160372912,Davidson,Nashville,4/23/2016 7:30:00 PM,1,1,0,36.156070,-86.777430,6TH AVS,,,,90.00,Feet,North,KOREAN VETERANS BLVD,,,,0.00,N,Not at Intersection,N,Non-Junction,None,,,         ,Christian,Martin,Clear,Not Collision with Motor Vehicle in Transport,no,no,no,no,no,False
101180174,METROPOLITAN NASHVILLE POLICE DEPT,20160373004,Davidson,Nashville,4/23/2016 7:40:00 PM,2,0,0,36.172680,-86.769120,I 24,,,,0.00,,,,,,,48.30,N,Not at Intersection,Y,Non-Junction,None,,,         ,Randy,Heinze,Clear,"Sideswipe, Same Direction",no,no,no,no,yes,False
101180178,METROPOLITAN NASHVILLE POLICE DEPT,20160373080,Davidson,Nashville,4/23/2016 6:35:00 PM,2,0,0,36.114860,-86.719560,DRUMMOND DR,,,,0.00,Feet,West,EAST THOMPSON LN,,,,0.00,N,Not at Intersection, ,Non-Junction,None,,,         ,Michael,Russell,Clear,"Sideswipe, Opposite Direction",no,no,no,no,no,False
101180179,METROPOLITAN NASHVILLE POLICE DEPT,20160372530,Davidson,Nashville,4/23/2016 4:45:00 PM,1,1,0,36.251040,-86.784150,I 24,,,,0.00,,,,,,,42.60,N,Not at Intersection,N,Non-Junction,None,,,         ,Christopher,Littles,Clear,Not Collision with Motor Vehicle in Transport,no,no,no,no,no,False
101180183,METROPOLITAN NASHVILLE POLICE DEPT,20160369839,Davidson,Nashville,4/22/2016 1:29:00 PM,2,2,0,36.042450,-86.712940,SWISS AV,,,,0.00,,,NOLENSVILLE PKE,,,,0.00,Y,Four-Way,N,Intersection-Related,None,,,         ,John,Stanfield,Clear,Front to Rear,no,no,no,no,no,False
101180184,METROPOLITAN NASHVILLE POLICE DEPT,20160370520,Davidson,Nashville,4/22/2016 5:40:00 PM,2,0,0,36.043420,-86.781660,I 65,,,,0.00,,,,,,,74.90,N,Not at Intersection,N,Non-Junction,None,,,         ,John,Stanfield,Clear,"Sideswipe, Same Direction",no,no,no,no,yes,False
101180185,METROPOLITAN NASHVILLE POLICE DEPT,20160372234,Davidson,Nashville,4/23/2016 2:15:00 PM,2,0,0,36.040290,-86.768530,OLD HICKORY BLVD,,,,50.00,Feet,West,SEVEN SPRINGS WAY,,,,0.00,N,Not at Intersection,N,Non-Junction,None,,,         ,John,Stanfield,Clear,Front to Rear,no,no,no,no,no,False
101180186,METROPOLITAN NASHVILLE POLICE DEPT,20160372855,Davidson,Nashville,4/23/2016 6:10:00 PM,2,0,0,36.045370,-86.713260,NOLENSVILLE PKE,,,,0.00,Feet,,OLD HICKORY BLVD,,,,0.00,Y,Four-Way, ,Intersection,None,,,         ,John,Stanfield,Cloudy,"Sideswipe, Same Direction",no,no,no,no,no,False
101180187,METROPOLITAN NASHVILLE POLICE DEPT,20160373070,Davidson,Nashville,4/23/2016 12:00:00 AM,2,0,0,36.187240,-86.775320,I 24,,,,0.00,,,,,,,47.10,N,Not at Intersection,N,Non-Junction,None,,,         ,Adam,Gartner,Clear,"Sideswipe, Same Direction",no,no,no,no,yes,False
101180188,METROPOLITAN NASHVILLE POLICE DEPT,20160373287,Davidson,Nashville,4/23/2016 8:30:00 PM,2,0,0,36.206820,-86.692030,OPRYLAND DR,,,,0.00,,,,,,,0.00,,,N,OtherLocation,None,,,         ,Michael,Hunnicutt,Clear,"Sideswipe, Opposite Direction",no,no,no,yes,yes,False
101180200,METROPOLITAN NASHVILLE POLICE DEPT,20160370034,Davidson,Nashville,4/22/2016 5:50:00 PM,2,0,0,36.153630,-86.753610,HERMITAGE AV,,,,0.00,,,DECATUR AV,,,,0.00,Y,T-Intersection,N,Intersection,None,,,         ,Mikala,Moore,Clear,Angle,no,no,no,no,no,False
101180201,METROPOLITAN NASHVILLE POLICE DEPT,20160372642,Davidson,Nashville,4/23/2016 12:00:00 AM,2,0,0,36.063550,-86.690060,HORIZON PARK APTS PVTDR,,,,0.00,Feet,East,PACKARD DR,,,,0.00,N,Not at Intersection,N,Non-Junction,None,,,         ,Sharissa,Perez,Clear,Unknown,no,no,no,yes,yes,False
101180204,METROPOLITAN NASHVILLE POLICE DEPT,20160370949,Davidson,Nashville,4/22/2016 11:51:00 PM,1,0,0,36.170160,-86.772730,US HWY 31,,,,0.00,,,S 1ST ST,,,,0.00,Y,OTHER,N,Non-Junction,None,,,         ,Carlos,angulo,Clear,Not Collision with Motor Vehicle in Transport,no,no,no,no,no,False
101180211,METROPOLITAN NASHVILLE POLICE DEPT,20160373349,Davidson,Nashville,4/23/2016 10:25:00 PM,2,0,0,36.196760,-86.619710,OLD HICKORY BLVD,,,,650.00,Feet,South,LEBANON PKE,,,,0.00,N,Not at Intersection,N,Non-Junction,None,,,         ,Tyler,Conrads,Clear,Front to Rear,no,no,no,no,no,False
101180214,METROPOLITAN NASHVILLE POLICE DEPT,2016-0373313,Davidson,Nashville,4/23/2016 12:00:00 AM,2,0,0,36.178790,-86.605710,OLD HICKORY BLVD,,,,166.00,Feet,West,I40 W ENT RAMP,,,,0.00,N,Not at Intersection, ,,None,,,         ,Sandra,Talavera,,,no,no,no,no,no,False
101180218,METROPOLITAN NASHVILLE POLICE DEPT,20160373210,Davidson,Nashville,4/23/2016 9:10:00 PM,2,1,0,36.166490,-86.817010,I 40,,,,0.00,,,,,,,206.65,N,Not at Intersection,N,Non-Junction,None,,,         ,Landon,Bagwell,Clear,Front to Rear,no,no,no,no,yes,False
101180220,METROPOLITAN NASHVILLE POLICE DEPT,20160372601,Davidson,Nashville,4/23/2016 5:20:00 PM,2,0,0,36.204970,-86.776480,I 65,,,,0.00,,,,,,,87.20,N,Not at Intersection, ,,Construction Zone,,,         ,Audrean,Manquero,,,no,no,no,no,no,False
101180223,METROPOLITAN NASHVILLE POLICE DEPT,20160373368,Davidson,Nashville,4/23/2016 10:43:00 PM,1,0,0,36.142490,-86.765100,4TH AVS,,,,23.00,Feet,North,HART ST,,,,0.00,N,Not at Intersection,N,Non-Junction,None,,,         ,Ethan,Luffman,Clear,Not Collision with Motor Vehicle in Transport,no,no,no,no,no,False
101180224,METROPOLITAN NASHVILLE POLICE DEPT,20160373361,Davidson,Not in City Limit,4/23/2016 10:45:00 PM,2,0,0,36.263910,-86.707410,STATE RT 45,,,,0.00,,,KATE ST,,,,0.00,Y,Four-Way,N,Intersection,None,,,         ,Michael,Reid,Clear,Angle,no,no,no,no,no,False
101180225,METROPOLITAN NASHVILLE POLICE DEPT,20160373398,Davidson,Nashville,4/23/2016 9:55:00 PM,2,0,0,36.168450,-86.813970,I40 E EXT RAMP,,,,0.00,,,I 40,,,,0.00,Y,Y-Intersection, ,,None,,,         ,Geoffrey,Daugherty,,,no,no,no,no,no,False
101180226,METROPOLITAN NASHVILLE POLICE DEPT,2016371383,Davidson,Nashville,4/23/2016 4:00:00 AM,1,0,0,36.169050,-86.772240,WOODLAND ST,,,,0.00,,,S 1ST ST,,,,0.00,Y,Four-Way,N,Intersection,None,,,         ,Carlos,angulo,Clear,Not Collision with Motor Vehicle in Transport,no,no,no,no,no,False
101180233,METROPOLITAN NASHVILLE POLICE DEPT,20160373266,Davidson,Nashville,4/23/2016 9:04:00 PM,2,0,0,36.182580,-86.735190,EASTLAND AV,,,,144.00,Feet,East,CHAPEL AV,,,,0.00,N,Not at Intersection,N,Non-Junction,None,,,         ,Audrean,Manquero,Clear,Rear to Side,no,no,no,no,yes,False
101180236,METROPOLITAN NASHVILLE POLICE DEPT,20160373357,Davidson,Nashville,4/23/2016 10:37:00 PM,1,1,0,36.140970,-86.717890,I 40,,,,0.00,,,,,,,213.75,N,Not at Intersection,N,Non-Junction,None,,,         ,Bridget,Griepentrog,Clear,Not Collision with Motor Vehicle in Transport,no,no,no,no,no,False
101180248,METROPOLITAN NASHVILLE POLICE DEPT,20160373608,Davidson,Nashville,4/24/2016 12:49:00 AM,2,0,0,36.042520,-86.623690,ASHEFORD TRC,,,,0.00,,,MURPHYWOOD CRSG,,,,0.00,Y,Four-Way,Y,Intersection,None,,,         ,Blaze,Williams,Clear,Angle,no,no,no,no,no,False
101180266,METROPOLITAN NASHVILLE POLICE DEPT,20160373474,Davidson,Nashville,4/23/2016 12:00:00 AM,1,0,0,36.223230,-86.805890,LANE DR,,,,0.00,,,WHITES CREEK PKE,,,,0.00,Y,T-Intersection,N,Intersection,None,,,         ,Geoffrey,Daugherty,Clear,Not Collision with Motor Vehicle in Transport,no,no,no,no,yes,False
101180268,METROPOLITAN NASHVILLE POLICE DEPT,20160373434,Davidson,Nashville,4/23/2016 11:15:00 PM,1,0,0,36.200270,-86.725150,BRANCH ST,,,,0.00,,,LITTON AV,,,,0.00,Y,Four-Way,N,Intersection-Related,None,,,         ,Christopher,Dameron,Clear,Not Collision with Motor Vehicle in Transport,no,no,no,no,yes,False
101180293,METROPOLITAN NASHVILLE POLICE DEPT,20160371519,Davidson,Nashville,4/23/2016 6:10:00 AM,3,0,0,36.175900,-86.795180,9TH AVN,,,,36.00,Feet,West,TAYLOR ST,,,,0.00,N,Not at Intersection,N,Non-Junction,None,,,         ,Joshua,Green,Cloudy,Front to Rear,no,no,no,no,no,False
101180294,METROPOLITAN NASHVILLE POLICE DEPT,20160373754,Davidson,Nashville,4/24/2016 2:10:00 AM,1,1,0,36.175630,-86.615510,CENTRAL PKE,,,,266.00,Feet,South,LAKESIDE PL,,,,0.00,N,Not at Intersection,N,Non-Junction,Construction Zone,,,         ,Bo,Branum,Clear,Not Collision with Motor Vehicle in Transport,no,no,no,no,no,False
101180300,METROPOLITAN NASHVILLE POLICE DEPT,20160373512,Davidson,Nashville,4/23/2016 11:59:00 PM,2,7,0,36.044360,-86.846490,OLD HICKORY BLVD,,,,350.00,Feet,West,BALLEROY DR,,,,0.00,N,Not at Intersection,N,Non-Junction,None,,,         ,Joshua,Billotte,Clear,"Sideswipe, Same Direction",no,no,no,no,yes,False
101180305,METROPOLITAN NASHVILLE POLICE DEPT,20160373405,Davidson,Nashville,4/23/2016 10:40:00 PM,2,0,0,36.169670,-86.771050,S 2ND ST,,,,63.00,Feet,North,WOODLAND ST,,,,0.00,N,Not at Intersection, ,Non-Junction,None,,,         ,Melvin,Foster,Clear,"Sideswipe, Same Direction",no,no,no,no,no,False
101180307,METROPOLITAN NASHVILLE POLICE DEPT,20160373476,Davidson,Nashville,4/23/2016 11:31:00 PM,1,0,0,36.078010,-86.713570,TORBAY DR,,,,0.00,,,,,,,0.00,,,N,Non-Junction,None,,,         ,William,Coy,Clear,Not Collision with Motor Vehicle in Transport,no,no,no,no,yes,False
101180315,METROPOLITAN NASHVILLE POLICE DEPT,2016-0373681,Davidson,Nashville,4/24/2016 1:14:00 AM,2,0,0,36.162800,-86.776800,3RD AVN,,,,40.00,Feet,South,COMMERCE ST,,,,0.00,N,Not at Intersection, ,Non-Junction,None,,,         ,Andrew,Maholland,Clear,"Sideswipe, Same Direction",no,no,no,no,no,False
101180320,METROPOLITAN NASHVILLE POLICE DEPT,20160373893,Davidson,Nashville,4/24/2016 4:08:00 AM,2,1,0,36.077750,-86.742050,HARDING PL,,,,599.00,Feet,West,BINKLEY DR,,,,0.00,N,Not at Intersection,N,Non-Junction,None,,,         ,Eric,Westbrook,Clear,Not Collision with Motor Vehicle in Transport,no,no,no,no,no,False
101180322,METROPOLITAN NASHVILLE POLICE DEPT,20160373993,Davidson,Nashville,4/24/2016 6:05:00 AM,1,0,0,36.206110,-86.774060,I65 N EXT RAMP,,,,0.00,,,I65 N ENT RAMP,,,,0.00,Y,Four-Way,N,Entrance/Exit Ramp Related,None,,,         ,Edward,Conrads,Clear,Not Collision with Motor Vehicle in Transport,no,no,no,no,no,False
101180326,METROPOLITAN NASHVILLE POLICE DEPT,20160373906,Davidson,Nashville,4/24/2016 4:20:00 AM,1,0,0,36.091780,-86.685280,HARDING PL,,,,0.00,,,MCGAVOCK PKE,,,,0.00,Y,T-Intersection,N,Intersection-Related,None,,,         ,William,Coy,Clear,Not Collision with Motor Vehicle in Transport,no,no,no,no,yes,False
101180338,METROPOLITAN NASHVILLE POLICE DEPT,20160372005,Davidson,Nashville,4/23/2016 11:43:00 AM,1,1,0,36.234300,-86.784900,I 24,,,,0.00,,,,,,,43.80,N,Not at Intersection,Y,Entrance/Exit Ramp Related,None,,,         ,Jack,Crouch,Clear,Not Collision with Motor Vehicle in Transport,no,no,no,no,no,False
101180339,METROPOLITAN NASHVILLE POLICE DEPT,20160373611,Davidson,Nashville,4/24/2016 12:45:00 AM,2,0,0,36.129490,-86.714700,MURFREESBORO PKE,,,,0.00,Feet,,MILLWOOD DR,,,,0.00,Y,T-Intersection,N,Intersection,None,,,         ,Leonard,Spadavecchia,Clear,Angle,no,no,no,no,no,False
101180348,METROPOLITAN NASHVILLE POLICE DEPT,20160373858,Davidson,Nashville,4/24/2016 3:00:00 AM,1,0,0,36.183220,-86.742570,EASTLAND AV,,,,0.00,Feet,East,N 15TH ST,,,,0.00,N,Not at Intersection,N,Non-Junction,None,,,         ,Ky,Luu,Clear,Not Collision with Motor Vehicle in Transport,no,no,no,no,no,False
101180349,METROPOLITAN NASHVILLE POLICE DEPT,20160371876,Davidson,Goodlettsville,4/22/2016 10:00:00 PM,1,0,0,36.332700,-86.738880,BRICK CHURCH PKE,,,,1.74,Miles,East,HITT LN,,,,0.00,N,Not at Intersection,N,Non-Junction,None,,,         ,Andrew,Swint,Unknown,Not Collision with Motor Vehicle in Transport,no,no,no,no,no,False
101180351,METROPOLITAN NASHVILLE POLICE DEPT,2016-0372217,Davidson,Nashville,4/23/2016 2:00:00 PM,2,0,0,36.173460,-86.790600,JEFFERSON ST,,,,250.00,Feet,East,ROSA L PARKS BLVD,,,,0.00,N,Not at Intersection, ,,None,,,         ,Garren,Hoskins,,,no,no,no,no,no,False
101180355,METROPOLITAN NASHVILLE POLICE DEPT,20160372187,Davidson,Nashville,4/23/2016 1:27:00 PM,2,0,0,36.194060,-86.830840,BUENA VISTA PKE,,,,184.00,Feet,North,S HAMILTON RD,,,,0.00,N,Not at Intersection, ,OtherLocation,None,,,         ,Jeanine,Sarno,Clear,HeadOn,no,no,no,no,no,False
101180367,METROPOLITAN NASHVILLE POLICE DEPT,20160373915,Davidson,Nashville,4/24/2016 4:27:00 AM,2,3,0,36.052710,-86.671860,I 24,,,,0.00,,,,,,,58.55,N,Not at Intersection,N,Non-Junction,None,,,         ,Kevin,Breeding,Clear,HeadOn,no,no,no,no,no,False
101180368,METROPOLITAN NASHVILLE POLICE DEPT,20160372238,Davidson,Nashville,4/23/2016 2:18:00 PM,1,1,0,36.040090,-86.649050,HICKORY HOLLOW PKWY,,,,604.00,Feet,South,I24 W EXT RAMP,,,,0.00,N,Not at Intersection,N,Non-Junction,None,,,         ,Roy,McElwee,Clear,Not Collision with Motor Vehicle in Transport,no,no,no,no,no,False
101180375,METROPOLITAN NASHVILLE POLICE DEPT,20160361398,Davidson,Nashville,4/20/2016 11:32:00 AM,2,0,0,36.144370,-86.767870,CHESTNUT ST,,,,409.00,Feet,West,4TH AVS,,,,0.00,N,Not at Intersection, ,Non-Junction,None,,,         ,Micah,Wright,Clear,"Sideswipe, Same Direction",no,no,no,no,no,False
101180388,METROPOLITAN NASHVILLE POLICE DEPT,20160374127,Davidson,Antioch,4/24/2016 8:12:00 AM,2,0,0,0.000000,0.000000,LAKEWALK,DR,,,100.00,Feet,South,MARITIME PORT,,,,0.00,N,Not at Intersection, ,,None,,,         ,Robert,Erickson,,,no,no,no,no,no,False
101180403,METROPOLITAN NASHVILLE POLICE DEPT,20160374043,Davidson,Nashville,4/24/2016 12:00:00 AM,3,0,0,36.151230,-86.758040,LEWIS ST,,,,215.00,Feet,North,CANNON ST,,,,0.00,N,Not at Intersection,N,Non-Junction,None,,,         ,Richard,Hyatt,Clear,Angle,no,no,no,no,yes,False
101180431,METROPOLITAN NASHVILLE POLICE DEPT,2016-037273,Davidson,Nashville,4/23/2016 12:30:00 PM,2,1,0,36.174400,-86.774190,N 1ST ST,,,,0.00,,,OLDHAM ST,,,,0.00,Y,Four-Way,N,Intersection-Related,None,,,         ,Daniel,Russett,Clear,"Sideswipe, Same Direction",no,no,no,no,no,False
101180435,METROPOLITAN NASHVILLE POLICE DEPT,20160374308,Davidson,Nashville,4/24/2016 9:34:00 AM,2,1,0,36.065110,-86.627320,HAMILTON CHURCH RD,,,,500.00,Feet,East,MURFREESBORO PKE,,,,0.00,N,Not at Intersection,N,Non-Junction,None,,,         ,Robert,Erickson,Clear,Front to Rear,no,no,no,no,no,False
101180449,METROPOLITAN NASHVILLE POLICE DEPT,2016-0374274,Davidson,Nashville,4/24/2016 10:41:00 AM,2,0,0,36.051340,-86.714950,OCALA DR,,,,187.00,Feet,West,NOLENSVILLE PKE,,,,0.00,N,Not at Intersection, ,Non-Junction,None,,,         ,Sean,Williams,Clear,Front to Rear,no,no,no,no,no,False
101180472,METROPOLITAN NASHVILLE POLICE DEPT,20160360787,Davidson,Nashville,4/24/2016 12:00:00 AM,2,0,0,36.044770,-86.661530,CANE RIDGE RD,,,,0.00,,,BELL RD,,,,0.00,Y,Four-Way, ,Intersection,None,,,         ,Jason,Dudley,Clear,Angle,no,no,no,no,no,False
101180482,METROPOLITAN NASHVILLE POLICE DEPT,20160374552,Davidson,Nashville,4/24/2016 11:45:00 AM,2,0,0,36.155630,-86.789790,BROADWAY,,,,0.00,,,,,,,0.00,,, ,,None,,,         ,George,Ward,,,no,no,no,no,no,False
101180504,METROPOLITAN NASHVILLE POLICE DEPT,20160374569,Davidson,Nashville,4/24/2016 12:16:00 PM,2,0,0,36.053590,-86.715000,NOLENSVILLE PKE,,,,23.00,Feet,South,BREWER DR,,,,0.00,N,Not at Intersection, ,Non-Junction,None,,,         ,Gary,Sneed,Clear,Angle,no,no,no,no,no,False
101180511,METROPOLITAN NASHVILLE POLICE DEPT,20160372712,Davidson,Nashville,4/23/2016 6:00:00 PM,2,0,0,36.079940,-86.678150,FRANKLIN LIMESTONE RD,,,,558.00,Feet,South,MULLINS RD,,,,0.00,N,Not at Intersection,N,Non-Junction,None,,,         ,Richard,Olive,Clear,"Sideswipe, Opposite Direction",no,no,no,no,no,False
101180514,METROPOLITAN NASHVILLE POLICE DEPT,20160374613,Davidson,Nashville,4/24/2016 12:30:00 PM,2,0,0,36.171560,-86.768050,I 24,,,,0.00,,,,,,,48.35,N,Not at Intersection, ,,Construction Zone,,,         ,Doyle,Price,,,no,no,no,no,no,False
101180542,METROPOLITAN NASHVILLE POLICE DEPT,20160374462,Davidson,Nashville,4/24/2016 11:11:00 AM,2,2,0,36.146330,-86.742250,I 40,,,,0.00,,,,,,,212.15,N,Not at Intersection,Y,Non-Junction,None,,,         ,Steven,Rowlett,Clear,Front to Rear,no,no,no,no,no,False
101180579,METROPOLITAN NASHVILLE POLICE DEPT,20160374561,Davidson,Nashville,4/24/2016 12:00:00 AM,2,0,0,36.106210,-86.673060,MURFREESBORO PKE,,,,0.00,,,DONELSON PKE,,,,0.00,Y,Four-Way,N,Intersection,None,,,         ,Michael,Dance,Clear,Front to Rear,no,no,no,no,no,False
101180580,METROPOLITAN NASHVILLE POLICE DEPT,20160374852,Davidson,Nashville,4/24/2016 2:35:00 PM,2,0,0,36.164660,-86.651200,STEWARTS FERRY PKE,,,,0.00,,,MCCAMPBELL AV,,,,0.00,Y,Four-Way, ,Intersection,None,,,         ,John,Kelley,Clear,Angle,no,no,no,no,no,False
101180603,METROPOLITAN NASHVILLE POLICE DEPT,20160374766,Davidson,Nashville,4/24/2016 2:55:00 PM,2,0,0,36.134240,-86.776370,I65 S ENT RAMP,,,,0.00,,,I65 S EXT RAMP,,,,0.00,Y,Four-Way, ,Non-Junction,None,,,         ,William,Taylor,Clear,"Sideswipe, Same Direction",no,no,no,no,yes,False
101180605,METROPOLITAN NASHVILLE POLICE DEPT,20160374894,Davidson,Not in City Limit,4/24/2016 3:47:00 PM,1,0,0,36.117790,-86.966320,OLD CHARLOTTE PKE,,,,450.00,Feet,West,BUFFALO RD,,,,0.00,N,Not at Intersection,N,Non-Junction,None,,,         ,Benjamin,Spees,Clear,Not Collision with Motor Vehicle in Transport,no,no,no,no,yes,False
101180606,METROPOLITAN NASHVILLE POLICE DEPT,2016-0374824,Davidson,Nashville,4/24/2016 3:13:00 PM,2,0,0,0.000000,0.000000,,,US70,,40.00,Feet,West,MCCRORY,LN,,,0.00,N,Not at Intersection,N,Non-Junction,None,,,         ,Michael,Rogers,Clear,Front to Rear,no,no,no,no,no,False
101180618,METROPOLITAN NASHVILLE POLICE DEPT,20160374786,Davidson,Nashville,4/24/2016 2:01:00 PM,2,0,0,36.143180,-86.704600,I 40,,,,0.00,,,,,,,214.50,N,Not at Intersection, ,Non-Junction,None,,,         ,Jaby,Djabbarov,Clear,Front to Rear,no,no,no,no,no,False
101180620,METROPOLITAN NASHVILLE POLICE DEPT,20160374761,Davidson,Nashville,4/24/2016 2:40:00 PM,2,0,0,36.134340,-86.780980,ACKLEN AV,,,,0.00,,,WEDGEWOOD AV,,,,0.00,Y,OTHER, ,,None,,,         ,Conner,Harris,,,no,no,no,no,no,False
101180621,METROPOLITAN NASHVILLE POLICE DEPT,20160374891,Davidson,Nashville,4/24/2016 12:00:00 AM,2,1,0,36.183330,-86.748580,GALLATIN AV,,,,0.00,,,W EASTLAND AV,,,,0.00,Y,T-Intersection,N,Intersection-Related,None,,,         ,Tyler,Adcock,Clear,Front to Rear,no,no,no,no,yes,False
101180625,METROPOLITAN NASHVILLE POLICE DEPT,20160374907,Davidson,Nashville,4/24/2016 3:14:00 PM,2,1,0,36.052910,-86.687470,TUSCULUM RD,,,,0.00,,,OCALA DR,,,,0.00,Y,T-Intersection,N,Intersection,None,,,         ,Nakia,Reid,Clear,"Sideswipe, Opposite Direction",no,no,no,no,no,False
101180635,METROPOLITAN NASHVILLE POLICE DEPT,20160374858,Davidson,Nashville,4/24/2016 3:31:00 PM,2,0,0,36.099600,-86.676800,DONELSON PKE,,,,460.00,Feet,North,OLD EZELL RD,,,,0.00,N,Not at Intersection,N,Non-Junction,None,,,         ,Matthew,Johnson,Clear,"Sideswipe, Opposite Direction",no,no,no,no,yes,False
101180637,METROPOLITAN NASHVILLE POLICE DEPT,20160374962,Davidson,Nashville,4/24/2016 4:20:00 PM,2,0,0,36.238120,-86.724050,GALLATIN PKES,,,,250.00,Feet,South,GALLATIN PKE,,,,0.00,N,Not at Intersection, ,Entrance/Exit Ramp Related,None,,,         ,Peter,Knisley,Clear,"Sideswipe, Same Direction",no,no,no,no,no,False
101180640,METROPOLITAN NASHVILLE POLICE DEPT,20160366856,Davidson,Nashville,4/21/2016 7:30:00 PM,2,1,0,36.104680,-86.814710,HILLSBORO PKE,,,,52.00,Feet,South,RICHARD JONES RD,,,,0.00,N,Not at Intersection,N,Non-Junction,None,,,         ,Torian,Cox,Cloudy,Front to Rear,no,no,no,no,no,False
101180648,METROPOLITAN NASHVILLE POLICE DEPT,20160374871,Davidson,Nashville,4/24/2016 3:13:00 PM,2,1,0,36.046520,-86.673970,BLUE HOLE RD,,,,308.00,Feet,North,BELL RD,,,,0.00,N,Not at Intersection,N,Non-Junction,None,,,         ,Sharissa,Perez,Clear,Front to Rear,no,no,no,no,no,False
101180657,METROPOLITAN NASHVILLE POLICE DEPT,20160374926,Davidson,Nashville,4/24/2016 3:55:00 PM,1,0,1,36.105080,-86.819530,BANDYWOOD DR,,,,0.00,,,HILLSBORO CIR,,,,0.00,Y,T-Intersection,Y,Intersection,None,,,16-0286  ,Jessie,Loy,Clear,Not Collision with Motor Vehicle in Transport,yes,no,no,no,no,False