master_record_number,agency,agency_tracking_number,county,city,collision_date,vehicles_involved,number_injured,number_dead,latitude,longitude,roadway_name,roadway_suffix,roadway_number,roadway_local_id,distance_from_reference,miles-feet_indicator,direction_from_reference,intersection_road_name,intersection_road_name_suffix,intersection_road_number,intersection_local_id,mile_marker,intersection_indicator,intersect_type,interchange_related_indicator,relation_to_junction,work_zone_type,construction_maintenance_zone,construction_maintenance_zone_location,fatal_case_number,officer_first_name,officer_last_name,weather_condition(s),manner_of_crash,pedestrian,bicycle,scooter,parking,hitrun,mou
101182591,METROPOLITAN NASHVILLE POLICE DEPT,20160384997,Davidson,Nashville,4/27/2016 4:30:00 PM,2,0,0,36.138220,-86.807140,25TH AVS,,,,0.00,,,BLAKEMORE AV,,,,0.00,Y,T-Intersection,N,Intersection-Related,None,,,         ,Maria,Cortez,Clear,Front to Rear,no,no,no,no,yes,Campus
101182593,METROPOLITAN NASHVILLE POLICE DEPT,20160385080,Davidson,Nashville,4/27/2016 4:48:00 PM,2,0,0,36.153680,-86.849390,I 40,,,,0.00,,,,,,,204.45,N,Not at Intersection,N,Non-Junction,None,,,         ,Shaun,Heath,Cloudy,Front to Rear,no,no,no,no,no,False
101182601,METROPOLITAN NASHVILLE POLICE DEPT,20160384604,Davidson,Nashville,4/27/2016 12:00:00 AM,3,2,0,36.214430,-86.730560,GALLATIN PKE,,,,25.00,Feet,South,STRATFORD AV,,,,0.00,N,Not at Intersection,N,Non-Junction,None,,,         ,Tyler,Adcock,Clear,Angle,no,no,no,no,yes,False
101182603,METROPOLITAN NASHVILLE POLICE DEPT,20160384619,Davidson,Nashville,4/27/2016 2:39:00 PM,2,1,0,36.115910,-86.785460,I 440,,,,0.00,,,,,,,4.20,N,Not at Intersection,N,Entrance/Exit Ramp Related,None,,,         ,Tien,Nguyen,Clear,Front to Rear,no,no,no,no,no,False
101182604,METROPOLITAN NASHVILLE POLICE DEPT,20160385084,Davidson,Nashville,4/27/2016 5:06:00 PM,2,1,0,36.040900,-86.779380,STONE BROOK DR,,,,0.00,,,FRANKLIN PIKE CIR,,,,0.00,Y,Four-Way,N,Intersection-Related,None,,,         ,Tien,Nguyen,Cloudy,Angle,no,no,no,no,no,False
101182605,METROPOLITAN NASHVILLE POLICE DEPT,20160381664,Davidson,Nashville,4/26/2016 7:50:00 PM,1,0,0,36.092760,-86.652200,MURFREESBORO PKE,,,,452.00,Feet,South,OLD MURFREESBORO PKE,,,,0.00,N,Not at Intersection,N,Non-Junction,None,,,         ,William,Durham,Clear,Not Collision with Motor Vehicle in Transport,no,no,no,yes,no,False
101182616,METROPOLITAN NASHVILLE POLICE DEPT,20160384823,Davidson,Antioch,4/27/2016 3:37:00 PM,2,0,0,36.025470,-86.587420,MURFREESBORO RD,,,,437.00,Feet,North,WALDRON RD,,,,0.00,N,Not at Intersection, ,Non-Junction,None,,,         ,William,Durham,Cloudy,Front to Rear,no,no,no,no,no,False
101182617,METROPOLITAN NASHVILLE POLICE DEPT,20160385281,Davidson,Nashville,4/27/2016 4:30:00 PM,2,0,0,36.124040,-86.848970,ROYAL OAKS CONDOS PVTDR,,,,0.00,,,HARDING PKE,,,,0.00,Y,Four-Way, ,Intersection,None,,,         ,Mark,Hatt,Cloudy,Angle,no,no,no,no,no,False
101182619,METROPOLITAN NASHVILLE POLICE DEPT,20160384730,Davidson,Antioch,4/27/2016 3:43:00 PM,2,0,0,36.032850,-86.569400,W NIR SHRIEBMAN RD,,,,446.00,Feet,North,CONSTITUTION AVE,,,,0.00,N,Not at Intersection, ,Non-Junction,None,,,         ,Jessie,Meadows,Clear,Front to Rear,no,no,no,no,no,False
101182620,METROPOLITAN NASHVILLE POLICE DEPT,20160384856,Davidson,Nashville,4/27/2016 4:30:00 PM,4,1,0,36.112380,-86.745990,NOLENSVILLE PKE,,,,130.00,Feet,South,MCCLAIN AV,,,,0.00,N,Not at Intersection,N,Non-Junction,None,,,         ,Jessie,Meadows,Clear,Front to Rear,no,no,no,no,no,False
101182621,METROPOLITAN NASHVILLE POLICE DEPT,20160384895,Davidson,Nashville,4/27/2016 3:45:00 PM,2,0,0,36.025380,-86.664860,PETTUS RD,,,,76.00,Feet,North,PRESTON RD,,,,0.00,N,Not at Intersection,N,Non-Junction,None,,,         ,William,Durham,Cloudy,HeadOn,no,no,no,no,yes,False
101182623,METROPOLITAN NASHVILLE POLICE DEPT,20160385044,Davidson,Nashville,4/27/2016 4:20:00 PM,2,0,0,36.109370,-86.922310,OLD HICKORY BLVD,,,,0.00,,,,,,,0.00,,,N,"Driveway, Alley Access, etc",None,,,         ,John,Thomas,Cloudy,Front to Rear,no,no,no,no,yes,False
101182627,METROPOLITAN NASHVILLE POLICE DEPT,20160385304,Davidson,Nashville,4/27/2016 6:00:00 PM,2,1,0,36.126840,-86.710440,THOMPSON PL,,,,198.00,Feet,East,MURFREESBORO PKE,,,,0.00,N,Not at Intersection,N,Non-Junction,None,,,         ,Michael,Russell,Cloudy,Angle,no,no,no,no,yes,False
101182643,VANDERBILT UNIVERSITY POLICE,16-0385089,Davidson,Nashville,4/27/2016 4:50:00 PM,2,0,0,36.138480,-86.809330,BLAKEMORE AV,,,,410.00,Feet,West,26TH AVS,,,,0.00,N,Not at Intersection, ,Non-Junction,None,,,         ,Errikka,Wilbourn,Cloudy,"Sideswipe, Same Direction",no,no,no,no,no,Campus
101182645,METROPOLITAN NASHVILLE POLICE DEPT,20160385306,Davidson,Nashville,4/27/2016 5:30:00 PM,2,1,0,36.077110,-86.920280,STATE HWY 251,,,,156.00,Feet,North,BELLE FOREST CIR,,,,0.00,N,Not at Intersection,N,Non-Junction,None,,,         ,Brandon,Pedigo,Cloudy,Angle,no,no,no,no,yes,False
101182647,METROPOLITAN NASHVILLE POLICE DEPT,20160384980,Davidson,Nashville,4/27/2016 4:15:00 PM,2,0,0,36.215400,-86.588510,TULIP GROVE RD,,,,0.00,,,BIG HORN DR,,,,0.00,Y,Four-Way, ,Intersection,None,,,         ,Codey,Mullins,Cloudy,Front to Rear,no,no,no,no,no,False
101182656,METROPOLITAN NASHVILLE POLICE DEPT,20160385413,Davidson,Nashville,4/27/2016 4:40:00 PM,2,0,0,36.152180,-86.833840,40TH AVN,,,,112.00,Feet,South,CHARLOTTE AV,,,,0.00,N,Not at Intersection, ,Non-Junction,None,,,         ,Torian,Cox,Rain,Other,no,no,no,no,no,False
101182659,METROPOLITAN NASHVILLE POLICE DEPT,20160385522,Davidson,Nashville,4/27/2016 7:20:00 PM,2,0,0,36.033330,-86.712940,NOLENSVILLE PKE,,,,72.00,Feet,South,BARNES RD,,,,0.00,N,Not at Intersection, ,,None,,,         ,William,Durham,,,no,no,no,no,no,False
101182662,METROPOLITAN NASHVILLE POLICE DEPT,20160385053,Davidson,Nashville,4/27/2016 5:42:00 PM,2,0,0,36.167820,-86.795990,I 40,,,,0.00,,,,,,,208.20,N,Not at Intersection, ,Non-Junction,None,,,         ,Michael,Baron,Clear,Angle,no,no,no,no,no,False
101182663,METROPOLITAN NASHVILLE POLICE DEPT,20160385229,Davidson,Nashville,4/27/2016 12:00:00 AM,2,0,0,36.167760,-86.781590,JAMES ROBERTSON PKWY,,,,0.00,,,4TH AVN,,,,0.00,Y,Y-Intersection,N,Intersection-Related,None,,,         ,Michael,Baron,Clear,"Sideswipe, Same Direction",no,no,no,no,yes,False
101182669,VANDERBILT UNIVERSITY POLICE,16-0384824,Davidson,Nashville,4/27/2016 4:30:00 PM,2,0,0,36.137180,-86.809960,BELCOURT AV,,,,326.00,Feet,East,NATCHEZ TRC,,,,0.00,N,Not at Intersection,N,Non-Junction,None,,,         ,Alan,Reed,Clear,Other,no,no,no,yes,no,Campus
101182672,METROPOLITAN NASHVILLE POLICE DEPT,20160385443,Davidson,Nashville,4/27/2016 6:48:00 PM,2,1,0,36.123610,-86.748130,I 440,,,,0.00,,,,,,,6.50,N,Not at Intersection,N,Non-Junction,None,,,         ,Tien,Nguyen,Rain,Front to Rear,no,no,no,no,no,False
101182679,METROPOLITAN NASHVILLE POLICE DEPT,20160366978,Davidson,Nashville,4/21/2016 8:26:00 PM,1,0,0,36.093630,-86.801470,GRANNY WHITE PKE,,,,361.00,Feet,North,LIPSCOMB DR,,,,0.00,N,Not at Intersection, ,Non-Junction,None,,,         ,Clyde,Stambaugh,Clear,Not Collision with Motor Vehicle in Transport,no,no,no,no,no,False
101182689,METROPOLITAN NASHVILLE POLICE DEPT,20160385523,Davidson,Not in City Limit,4/27/2016 7:16:00 PM,1,0,0,36.291110,-86.909610,GRAYS POINT RD,,,,0.67,Miles,West,CRAFT RD,,,,0.00,N,Not at Intersection, ,Non-Junction,None,,,         ,Brandon,Rardin,Rain,Not Collision with Motor Vehicle in Transport,no,no,no,no,no,False
101182693,METROPOLITAN NASHVILLE POLICE DEPT,20160384908,Davidson,Nashville,4/27/2016 4:00:00 PM,2,1,0,36.176210,-86.772080,I 24,,,,0.00,,,,,,,48.00,N,Not at Intersection,N,Non-Junction,None,,,         ,Blake,Lutz,Clear,Front to Rear,no,no,no,no,no,False
101182695,METROPOLITAN NASHVILLE POLICE DEPT,2016-0379908,Davidson,Nashville,4/26/2016 8:42:00 AM,2,0,0,36.154710,-86.759800,I 40,,,,0.00,,,,,,,211.00,N,Not at Intersection, ,Non-Junction,None,,,         ,Jeb,Johnston,Clear,Front to Rear,no,no,no,no,no,False
101182699,METROPOLITAN NASHVILLE POLICE DEPT,20160385040,Davidson,Nashville,4/27/2016 4:20:00 PM,2,0,0,36.198440,-86.620270,LEBANON PKE,,,,0.00,,,OLD HICKORY BLVD,,,,0.00,Y,Four-Way, ,,None,,,         ,Codey,Mullins,,,no,no,no,no,no,False
101182713,METROPOLITAN NASHVILLE POLICE DEPT,2016-0380511,Davidson,Nashville,4/26/2016 1:01:00 PM,2,0,0,36.173590,-86.602150,OLD HICKORY BLVD,,,,0.00,,,CENTRAL PKE,,,,0.00,Y,Four-Way, ,,None,,,         ,Jeb,Johnston,,,no,no,no,no,no,False
101182734,METROPOLITAN NASHVILLE POLICE DEPT,20160372380,Davidson,Nashville,4/23/2016 3:00:00 PM,2,1,0,36.123780,-86.703840,VULTEE BLVD,,,,0.00,,,KERMIT DR,,,,0.00,Y,Four-Way,N,Non-Junction,None,,,         ,Alex,Lampley,Clear,Angle,no,no,no,yes,no,False
101182737,METROPOLITAN NASHVILLE POLICE DEPT,20160385637,Davidson,Goodlettsville,4/27/2016 8:01:00 PM,2,1,0,36.290770,-86.703590,GALLATIN PKEN,,,,0.00,,,ALTUS AV,,,,0.00,Y,T-Intersection,Y,Intersection,None,,,         ,Samuel,Miller,Cloudy,Angle,no,no,no,no,no,False
101182738,METROPOLITAN NASHVILLE POLICE DEPT,20160385170,Davidson,Nashville,4/27/2016 5:26:00 PM,2,0,0,36.253220,-86.716800,GALLATIN PKES,,,,0.00,,,EMMITT AV,,,,0.00,Y,Four-Way,Y,Intersection,None,,,         ,Samuel,Miller,Cloudy,Angle,no,no,no,no,yes,False
101182742,METROPOLITAN NASHVILLE POLICE DEPT,20160384999,Davidson,Not in City Limit,4/27/2016 4:34:00 PM,2,0,0,36.325910,-86.868970,I24 W EXT RAMP,,,,0.00,,,I 24,,,,0.00,Y,OTHER, ,Intersection,None,,,         ,Michael,Brooks,Cloudy,Front to Rear,no,no,no,no,no,False
101182743,METROPOLITAN NASHVILLE POLICE DEPT,20160385293,Davidson,Nashville,4/27/2016 5:32:00 PM,2,0,0,36.160760,-86.793690,14TH AVN,,,,0.00,,,CHARLOTTE AV,,,,0.00,Y,OTHER, ,Intersection,None,,,         ,Michael,Brooks,Cloudy,"Sideswipe, Same Direction",no,no,no,no,no,False
101182744,METROPOLITAN NASHVILLE POLICE DEPT,20160385234,Davidson,Nashville,4/27/2016 5:30:00 PM,2,0,0,36.221140,-86.804900,REVELS DR,,,,0.00,Feet,,WHITES CREEK PKE,,,,0.00,Y,Four-Way,Y,Intersection,None,,,         ,Michael,Brooks,Cloudy,Angle,no,no,no,no,yes,False
101182752,METROPOLITAN NASHVILLE POLICE DEPT,20160385843,Davidson,Nashville,4/27/2016 9:09:00 PM,2,1,0,36.038470,-86.783450,OLD HICKORY BLVD,,,,0.00,,,I65 S EXT RAMP,,,,0.00,Y,Four-Way,N,Intersection-Related,None,,,         ,Tien,Nguyen,Clear,Front to Rear,no,no,no,no,no,False
101182754,METROPOLITAN NASHVILLE POLICE DEPT,20160385310,Davidson,Goodlettsville,4/27/2016 6:05:00 PM,4,1,0,36.286570,-86.726960,I 65,,,,0.00,,,,,,,93.90,N,Not at Intersection,N,Non-Junction,None,,,         ,Samuel,Miller,Cloudy,Front to Rear,no,no,no,no,yes,False
101182758,METROPOLITAN NASHVILLE POLICE DEPT,20160372814,Davidson,Nashville,4/23/2016 6:43:00 PM,2,0,0,36.045810,-86.674310,BLUE HOLE RD,,,,0.00,,,BELL RD,,,,0.00,Y,Four-Way,N,Non-Junction,None,,,         ,Tamara,Zurawski,Clear,Front to Rear,no,no,no,no,yes,False
101182759,METROPOLITAN NASHVILLE POLICE DEPT,20160372908,Davidson,Nashville,4/23/2016 7:07:00 PM,2,1,0,36.044890,-86.663910,BELL RD,,,,636.00,Feet,North,ARBOR RIDGE DR,,,,0.00,N,Not at Intersection,N,Non-Junction,None,,,         ,Tamara,Zurawski,Clear,Angle,no,no,no,no,no,False
101182760,METROPOLITAN NASHVILLE POLICE DEPT,20160385075,Davidson,Nashville,4/27/2016 1:00:00 PM,2,0,0,36.163800,-86.762650,I 24,,,,0.00,,,,,,,49.20,N,Not at Intersection, ,,None,,,         ,Tyler,Hutton,,,no,no,no,no,no,False
101182765,METROPOLITAN NASHVILLE POLICE DEPT,2016-0384719,Davidson,Nashville,4/27/2016 3:10:00 PM,1,1,0,36.146360,-86.595580,OLD HICKORY BLVD,,,,65.00,Feet,South,STEWARTS FERRY PKE,,,,0.00,N,Not at Intersection,N,Non-Junction,None,,,         ,Sandra,Talavera,Cloudy,Not Collision with Motor Vehicle in Transport,no,no,no,no,no,False
101182768,METROPOLITAN NASHVILLE POLICE DEPT,20160372696,Davidson,Nashville,4/27/2016 4:18:00 PM,2,0,0,36.169100,-86.679920,MCGAVOCK PKE,,,,96.00,Feet,South,LEBANON PKE,,,,0.00,N,Not at Intersection, ,Non-Junction,None,,,         ,John,Daugherty,Clear,Angle,no,no,no,no,no,False
101182774,METROPOLITAN NASHVILLE POLICE DEPT,20160385120,Davidson,Madison,4/27/2016 5:17:00 PM,2,1,0,36.266900,-86.710910,DUPONT AV,,,,0.00,,,GALLATIN PKEN,,,,0.00,Y,Four-Way,N,Intersection,None,,,         ,Carlos,Urrutia,Cloudy,Angle,no,no,no,no,no,False
101182779,METROPOLITAN NASHVILLE POLICE DEPT,20160386084,Davidson,Nashville,4/27/2016 8:00:00 PM,1,0,0,36.202860,-86.678160,WILFORD DR,,,,54.00,Feet,West,MCGAVOCK PKE,,,,0.00,N,Not at Intersection,N,Non-Junction,None,,,         ,Curtis,Fisher,Clear,Not Collision with Motor Vehicle in Transport,no,no,no,no,no,False
101182782,METROPOLITAN NASHVILLE POLICE DEPT,20160386097,Davidson,Old Hickory,4/27/2016 10:00:00 PM,2,0,0,36.261920,-86.633500,CIRCLE DR,,,,0.00,,,LAKE HARBOR DR,,,,0.00,Y,Four-Way, ,,None,,,         ,Anthony,Venable,,,no,no,no,no,no,False
101182813,METROPOLITAN NASHVILLE POLICE DEPT,20160387776,Davidson,Nashville,4/28/2016 2:49:00 AM,1,0,0,36.078110,-86.837640,HILLSBORO PKE,,,,310.00,Feet,South,TYNE BLVD,,,,0.00,N,Not at Intersection, ,Non-Junction,None,,,         ,Jonathan,Cavezza,Clear,Not Collision with Motor Vehicle in Transport,no,no,no,no,no,False
101182820,METROPOLITAN NASHVILLE POLICE DEPT,20160386465,Davidson,Nashville,4/28/2016 12:00:00 AM,1,0,0,36.140950,-86.729110,I 40,,,,0.00,,,,,,,213.20,N,Not at Intersection,N,Non-Junction,None,,,         ,Robert,Fondren,Cloudy,Not Collision with Motor Vehicle in Transport,no,no,no,no,no,False
101182856,METROPOLITAN NASHVILLE POLICE DEPT,20160369331,Davidson,Nashville,4/22/2016 1:23:00 PM,3,0,0,36.191910,-86.782650,I 65,,,,0.00,,,,,,,86.20,N,Not at Intersection,N,Non-Junction,None,,,         ,Cedric,connolly,Clear,Front to Rear,no,no,no,no,no,False
101182882,METROPOLITAN NASHVILLE POLICE DEPT,20160387327,Davidson,Nashville,4/28/2016 7:21:00 AM,2,0,0,36.153550,-86.794900,WEST END AV,,,,170.00,Feet,West,17TH AVN,,,,0.00,N,Not at Intersection, ,Non-Junction,None,,,         ,Nathan,Kemp,Clear,"Sideswipe, Same Direction",no,no,no,no,no,False
101182884,METROPOLITAN NASHVILLE POLICE DEPT,2016-0386988,Davidson,Nashville,4/28/2016 4:55:00 AM,2,1,0,36.059070,-86.716220,TUSCULUM RD,,,,0.00,,,NOLENSVILLE PKE,,,,0.00,Y,Four-Way,N,Intersection,None,,,         ,Eugene,Martino,Clear,Angle,no,no,no,no,yes,False
101182885,METROPOLITAN NASHVILLE POLICE DEPT,20160387294,Davidson,Nashville,4/28/2016 7:08:00 AM,2,0,0,36.204730,-86.734850,MCGAVOCK PKE,,,,0.00,,,BRONTE AV,,,,0.00,Y,T-Intersection,N,Non-Junction,None,,,         ,Casey,Tomes,Cloudy,Front to Rear,no,no,no,no,no,False
101182886,METROPOLITAN NASHVILLE POLICE DEPT,20160369080,Davidson,Nashville,4/22/2016 12:06:00 PM,2,0,0,36.195400,-86.776150,I 65,,,,0.00,,,,,,,86.55,N,Not at Intersection, ,Non-Junction,None,,,         ,Earnest,Fields,Clear,Front to Rear,no,no,no,no,no,False
101182906,GOODLETTSVILLE POLICE DEPT,16-15538,Davidson,Goodlettsville,4/28/2016 8:25:00 AM,1,1,0,36.314480,-86.697490,PICCADILLY APTS  PVTDR,,,,135.00,Feet,West,WINDSOR GREEN BLVD,,,,0.00,N,Not at Intersection,N,Non-Junction,None,,,         ,Jason,Ayers,Cloudy,Not Collision with Motor Vehicle in Transport,no,no,no,yes,no,False
101182908,METROPOLITAN NASHVILLE POLICE DEPT,20160387289,Davidson,Nashville,4/28/2016 7:12:00 AM,1,0,0,36.078020,-86.912770,FOREST PARK APT PVTDR,,,,284.00,Feet,North,HIGHWAY 70S,,,,0.00,N,Not at Intersection,N,Non-Junction,None,,,         ,Kristen,Morgan,Cloudy,Not Collision with Motor Vehicle in Transport,no,no,no,yes,no,False
101182909,METROPOLITAN NASHVILLE POLICE DEPT,20160380227,Davidson,Goodlettsville,4/27/2016 11:07:00 AM,2,0,0,36.285170,-86.692630,MYATT DR,,,,0.00,,,NORTHGATE BUSINESS PKWY,,,,0.00,Y,T-Intersection,N,Intersection-Related,None,,,         ,Michelle,Steidl,Clear,Angle,no,no,no,no,no,False
101182930,METROPOLITAN NASHVILLE POLICE DEPT,2016-0387258,Davidson,Nashville,4/28/2016 6:50:00 AM,2,0,0,36.163380,-86.787800,CHARLOTTE AV,,,,0.00,,,10TH CIRN,,,,0.00,Y,Four-Way,N,Intersection,None,,,         ,Paul,Sorace,Cloudy,Front to Rear,no,no,no,no,no,False
101182941,METROPOLITAN NASHVILLE POLICE DEPT,2016-0387550,Davidson,Not in City Limit,4/28/2016 8:48:00 AM,2,0,0,36.080270,-86.955400,I40 E EXT RAMP,,,,0.00,Feet,East,I 40,,,,0.00,N,Not at Intersection, ,Entrance/Exit Ramp Related,None,,,         ,Douglas,Atwood,Cloudy,Front to Rear,no,no,no,no,no,False
101182943,GOODLETTSVILLE POLICE DEPT,16-15428,Davidson,Goodlettsville,4/27/2016 3:15:00 PM,1,1,0,36.325860,-86.705860,I 65,,,,0.00,,,,,,,97.15,N,Not at Intersection,Y,Entrance/Exit Ramp Related,None,,,         ,Benny,Alexander,Cloudy,Not Collision with Motor Vehicle in Transport,no,no,no,no,no,False
101182946,METROPOLITAN NASHVILLE POLICE DEPT,2016-0387380,Davidson,Nashville,4/28/2016 7:42:00 AM,2,3,0,36.045480,-86.647290,MT VIEW RD,,,,0.00,,,CROSSINGS BLVD,,,,0.00,Y,Four-Way,N,Intersection,None,,,         ,William,Whitworth,Cloudy,Front to Rear,no,no,no,no,no,False
101182949,METROPOLITAN NASHVILLE POLICE DEPT,20160387243,Davidson,Nashville,4/28/2016 6:48:00 AM,2,0,0,36.177960,-86.764110,ELLINGTON PKWYS,,,,89.00,Feet,South,SPRING ST ENT RAMP,,,,0.00,N,Not at Intersection, ,Non-Junction,None,,,         ,Randall,Smith,Cloudy,Front to Rear,no,no,no,no,no,False
101182957,METROPOLITAN NASHVILLE POLICE DEPT,20160387336,Davidson,Antioch,4/28/2016 7:25:00 AM,2,1,0,36.025470,-86.587420,PINHOOK,RD,,,0.50,Miles,East,MURFREESBRO,PIKE,,,0.00,N,Not at Intersection,N,"Driveway, Alley Access, etc",None,,,         ,Julius,Gallon,Clear,"Sideswipe, Opposite Direction",no,no,no,no,no,False
101182959,METROPOLITAN NASHVILLE POLICE DEPT,2016-0387475,Davidson,Nashville,4/28/2016 8:20:00 AM,2,0,0,0.000000,0.000000,2ND AVENUE NORTH,,,,60.00,Feet,South,COMMERCE STREET,,,,0.00,N,Not at Intersection, ,Non-Junction,None,,,         ,William,Vincion,Cloudy,"Sideswipe, Same Direction",no,no,no,no,no,False
101182965,METROPOLITAN NASHVILLE POLICE DEPT,20160387568,Davidson,Nashville,4/28/2016 8:49:00 AM,1,0,0,36.034170,-86.768770,CLOVERLAND DR,,,,362.00,Feet,South,VALLEY VIEW RD,,,,0.00,N,Not at Intersection,N,Non-Junction,None,,,         ,Nathan,Kemp,Clear,Not Collision with Motor Vehicle in Transport,no,no,no,no,yes,False
101182966,METROPOLITAN NASHVILLE POLICE DEPT,20160387755,Davidson,Nashville,4/28/2016 9:58:00 AM,2,0,0,36.042260,-86.777660,BRENTWOOD COMMONS WAY,,,,592.00,Feet,West,OLD HICKORY BLVD,,,,0.00,N,Not at Intersection,N,Non-Junction,None,,,         ,Nathan,Kemp,Clear,Unknown,no,no,no,yes,yes,False
101182967,METROPOLITAN NASHVILLE POLICE DEPT,20160387596,Davidson,Nashville,4/28/2016 9:00:00 AM,2,0,0,36.166990,-86.777160,UNION ST,,,,0.00,,,1ST AVN,,,,0.00,Y,OTHER, ,Non-Junction,None,,,         ,Pedro,Rivera Chaparro,Clear,"Sideswipe, Same Direction",no,no,no,no,no,False
101182969,METROPOLITAN NASHVILLE POLICE DEPT,20160387278,Davidson,Nashville,4/28/2016 6:45:00 AM,2,0,0,36.193660,-86.831220,S HAMILTON RD,,,,0.00,,,BUENA VISTA PKE,,,,0.00,Y,Four-Way,N,Intersection,None,,,         ,William,Caillouette,Cloudy,Front to Rear,no,no,no,no,yes,False
101182972,METROPOLITAN NASHVILLE POLICE DEPT,20160383724,Davidson,Nashville,4/27/2016 9:29:00 AM,2,0,0,36.178430,-86.760580,SMILEY ST,,,,0.00,,,N 8TH ST,,,,0.00,Y,OTHER,N,Non-Junction,None,,,         ,Alex,Moore,Clear,Angle,no,no,no,no,no,False
101182973,BERRY HILL POLICE DEPT,16-1489,Davidson,Berry Hill,4/27/2016 12:46:00 PM,2,0,0,36.112330,-86.767020,THOMPSON LN,,,,0.00,,,POWELL AV,,,,0.00,Y,Four-Way, ,Intersection,None,,,         ,Ronnie,Hill,Clear,Front to Rear,no,no,no,no,no,False
101182976,METROPOLITAN NASHVILLE POLICE DEPT,20160387721,Davidson,Nashville,4/28/2016 9:20:00 AM,2,0,0,36.186110,-86.798370,ROSA L PARKS BLVD,,,,0.00,,West,I65 S EXT RAMP,,,,0.00,N,Not at Intersection, ,,None,,,         ,Darryl,Morton,,,no,no,no,no,no,False
101182994,VANDERBILT UNIVERSITY POLICE,16-0387847,Davidson,Nashville,4/28/2016 9:50:00 AM,2,0,0,36.138470,-86.804340,BLAKEMORE AV,,,,0.00,,,,,,,0.00,,, ,Non-Junction,None,,,         ,Samuel,McClain,Clear,"Sideswipe, Same Direction",no,no,no,yes,no,Campus
101182998,METROPOLITAN NASHVILLE POLICE DEPT,20160387929,Davidson,Not in City Limit,4/28/2016 11:00:00 AM,2,0,0,36.262530,-86.712100,GALLATIN PKES,,,,120.00,Feet,North,E OLD HICKORY BLVD,,,,0.00,N,Not at Intersection, ,Non-Junction,None,,,         ,Brian,Otto,Clear,Front to Rear,no,no,no,no,no,False
101183000,METROPOLITAN NASHVILLE POLICE DEPT,20160387858,Davidson,Nashville,4/28/2016 10:53:00 AM,2,0,0,36.086830,-86.693970,HARDING PL,,,,565.00,Feet,West,ANTIOCH PKE,,,,0.00,N,Not at Intersection, ,Non-Junction,None,,,         ,Jessie,Meadows,Clear,"Sideswipe, Same Direction",no,no,no,no,no,False
101183008,METROPOLITAN NASHVILLE POLICE DEPT,20160387272,Davidson,Nashville,4/28/2016 6:47:00 AM,3,0,0,36.211520,-86.775870,I 65,,,,0.00,,,,,,,87.70,N,Not at Intersection,N,Non-Junction,None,,,         ,Carey,Steel,Cloudy,Front to Rear,no,no,no,no,no,False
101183013,BERRY HILL POLICE DEPT,16-1490,Davidson,Berry Hill,4/27/2016 1:22:00 PM,1,1,0,36.118860,-86.774590,FRANKLIN PKE,,,,0.00,,,BERRY RD,,,,0.00,Y,Four-Way,Y,Intersection,None,,,         ,Ronnie,Hill,Clear,Not Collision with Motor Vehicle in Transport,no,yes,no,no,no,False
101183017,METROPOLITAN NASHVILLE POLICE DEPT,2016-0370886,Davidson,Nashville,4/22/2016 11:19:00 PM,2,1,0,36.095140,-86.654100,MURFREESBORO PKE,,,,0.00,,,OLD MURFREESBORO PKE,,,,0.00,Y,T-Intersection,N,Intersection,None,,,         ,William,Whitworth,Clear,Angle,no,no,no,no,no,False
101183018,METROPOLITAN NASHVILLE POLICE DEPT,2016-0371075,Davidson,Nashville,4/23/2016 12:56:00 AM,1,1,0,36.127160,-86.720430,HOLLYDALE DR,,,,0.00,,,FOOTHILL DR,,,,0.00,Y,T-Intersection,N,Intersection,None,,,         ,William,Whitworth,Clear,Not Collision with Motor Vehicle in Transport,no,no,no,no,no,False
101183019,METROPOLITAN NASHVILLE POLICE DEPT,2016-0387829,Davidson,Nashville,4/28/2016 8:09:00 AM,2,0,0,36.052290,-86.657190,HICKORY HOLLOW MALL PVTDR PL,,,,827.00,Feet,South,MT VIEW RD,,,,0.00,N,Not at Intersection,N,OtherLocation,None,,,         ,William,Whitworth,Clear,Angle,no,no,no,yes,yes,False
101183020,METROPOLITAN NASHVILLE POLICE DEPT,20160388150,Davidson,Nashville,4/28/2016 12:04:00 PM,2,0,0,36.136760,-86.799030,BELCOURT AV,,,,134.00,Feet,East,20TH AVS,,,,0.00,N,Not at Intersection, ,Non-Junction,None,,,         ,Nathan,Kemp,Clear,"Sideswipe, Same Direction",no,no,no,no,no,False
101183032,METROPOLITAN NASHVILLE POLICE DEPT,20160387871,Davidson,Not in City Limit,4/28/2016 12:00:00 AM,1,0,0,36.309690,-86.861750,WHITES CREEK PKE,,,,1548.00,Feet,South,OLD CLARKSVILLE PKE,,,,0.00,N,Not at Intersection,N,Unknown,None,,,         ,Gordon,Stovall,Unknown,Unknown,no,no,no,no,yes,False
101183035,METROPOLITAN NASHVILLE POLICE DEPT,20160387431,Davidson,Nashville,4/28/2016 8:07:00 AM,2,0,0,36.136140,-86.793250,WEDGEWOOD AV,,,,0.00,,,VILLA PL,,,,0.00,Y,Four-Way, ,Intersection,None,,,         ,Darrell,Osment,Cloudy,Angle,no,no,no,no,no,False
101183036,METROPOLITAN NASHVILLE POLICE DEPT,20160387431,Davidson,Nashville,4/28/2016 9:22:00 AM,2,0,0,36.136170,-86.789290,WEDGEWOOD AV,,,,185.00,Feet,West,12TH AVS,,,,0.00,N,Not at Intersection, ,Non-Junction,None,,,         ,Darrell,Osment,Cloudy,Front to Rear,no,no,no,no,no,False