master_record_number,agency,agency_tracking_number,county,city,collision_date,vehicles_involved,number_injured,number_dead,latitude,longitude,roadway_name,roadway_suffix,roadway_number,roadway_local_id,distance_from_reference,miles-feet_indicator,direction_from_reference,intersection_road_name,intersection_road_name_suffix,intersection_road_number,intersection_local_id,mile_marker,intersection_indicator,intersect_type,interchange_related_indicator,relation_to_junction,work_zone_type,construction_maintenance_zone,construction_maintenance_zone_location,fatal_case_number,officer_first_name,officer_last_name,weather_condition(s),manner_of_crash,pedestrian,bicycle,scooter,parking,hitrun,mou
101186709,METROPOLITAN NASHVILLE POLICE DEPT,20160402689,Davidson,Nashville,5/3/2016 3:30:00 PM,2,0,0,36.115930,-86.785920,I 440,,,,0.00,,,,,,,4.20,N,Not at Intersection, ,,None,,,         ,William,Taylor,,,no,no,no,no,no,False
101186720,METROPOLITAN NASHVILLE POLICE DEPT,20160402615,Davidson,Nashville,5/3/2016 2:34:00 PM,2,0,0,36.093650,-87.023210,HWY 70,,US70,,0.00,,,MCCRORY,LN,,,0.00,Y,T-Intersection, ,,None,,,         ,Adam,Reese,,,no,no,no,no,no,False
101186722,METROPOLITAN NASHVILLE POLICE DEPT,2016-0402007,Davidson,Nashville,5/3/2016 11:18:00 AM,3,3,0,36.057010,-86.676800,I 24,,,,0.00,,,,,,,58.10,N,Not at Intersection,N,Non-Junction,None,,,         ,William,Whitworth,Clear,Angle,no,no,no,no,no,False
101186724,METROPOLITAN NASHVILLE POLICE DEPT,20160402557,Davidson,Nashville,5/3/2016 2:57:00 PM,2,0,0,36.134820,-86.784590,WEDGEWOOD AV,,,,84.00,Feet,East,10TH AVS,,,,0.00,N,Not at Intersection,N,Non-Junction,None,,,         ,Clyde,Stambaugh,Clear,"Sideswipe, Same Direction",no,no,no,no,no,False
101186725,METROPOLITAN NASHVILLE POLICE DEPT,20160402765,Davidson,Nashville,5/3/2016 4:09:00 PM,2,1,0,36.136580,-86.795150,WEDGEWOOD AV,,,,0.00,,,MAGNOLIA BLVD,,,,0.00,Y,Four-Way,N,Intersection,None,,,         ,Clyde,Stambaugh,Clear,Angle,no,no,no,no,no,False
101186730,METROPOLITAN NASHVILLE POLICE DEPT,20160402761,Davidson,Nashville,5/3/2016 3:38:00 PM,2,0,0,36.144170,-86.666700,DONELSON PKE,,,,385.00,Feet,South,SHACKLETT DR,,,,0.00,N,Not at Intersection,N,Non-Junction,None,,,         ,Marcus,Mitchell,Cloudy,"Sideswipe, Same Direction",no,no,no,no,yes,False
101186732,METROPOLITAN NASHVILLE POLICE DEPT,20160402754,Davidson,Nashville,5/3/2016 4:03:00 PM,2,0,0,36.071110,-86.648020,PEBBLE CREEK DR,,,,0.00,,,CANYON RIDGE CT,,,,0.00,Y,Four-Way, ,Non-Junction,None,,,         ,William,Durham,Clear,Angle,no,no,no,no,no,False
101186738,METROPOLITAN NASHVILLE POLICE DEPT,20160402778,Davidson,Nashville,5/3/2016 4:15:00 PM,2,0,0,36.154480,-86.779450,8TH AVS,,,,0.00,,,LAFAYETTE ST,,,,0.00,Y,Roundabout, ,Intersection-Related,None,,,         ,Jason,Thomas,Clear,"Sideswipe, Same Direction",no,no,no,no,no,False
101186742,METROPOLITAN NASHVILLE POLICE DEPT,20160402577,Davidson,Not in City Limit,5/3/2016 3:05:00 PM,2,0,0,36.272100,-86.689060,ANDERSON LN,,,,149.00,Feet,East,MYATT DR,,,,0.00,N,Not at Intersection, ,,None,,,         ,Corteze,Armstrong,,,no,no,no,no,no,False
101186755,METROPOLITAN NASHVILLE POLICE DEPT,20160402912,Davidson,Nashville,5/3/2016 5:10:00 PM,2,0,0,36.173550,-86.648060,LEBANON PKE,,,,122.00,Feet,West,YMCA CNCTR,,,,0.00,N,Not at Intersection, ,,None,,,         ,Mikala,Moore,,,no,no,no,no,no,False
101186758,METROPOLITAN NASHVILLE POLICE DEPT,20160402944,Davidson,Nashville,5/3/2016 5:24:00 PM,2,0,0,36.071920,-86.691550,I24 E EXT RAMP,,,,0.00,Feet,East,I 24,,,,0.00,N,Not at Intersection,N,Non-Junction,None,,,         ,William,Durham,Clear,"Sideswipe, Same Direction",no,no,no,no,yes,False
101186767,METROPOLITAN NASHVILLE POLICE DEPT,20160402990,Davidson,Nashville,5/3/2016 5:40:00 PM,1,1,0,36.065670,-86.629390,MURFREESBORO PKE,,,,35.00,Feet,South,HAMILTON CROSSINGS,,,,0.00,N,Not at Intersection,N,Non-Junction,None,,,         ,Larry,Preuett,Cloudy,Not Collision with Motor Vehicle in Transport,no,no,no,no,no,False
101186782,METROPOLITAN NASHVILLE POLICE DEPT,20160402825,Davidson,Nashville,5/3/2016 4:38:00 PM,3,2,0,36.152380,-86.786940,I 40,,,,0.00,,,,,,,209.40,N,Not at Intersection,N,Non-Junction,None,,,         ,Tyler,Hutton,Clear,Front to Rear,no,no,no,no,no,False
101186784,METROPOLITAN NASHVILLE POLICE DEPT,20160402697,Davidson,Nashville,5/3/2016 3:20:00 PM,1,1,0,36.148590,-86.761740,LAFAYETTE ST,,,,196.00,Feet,West,CLAIBORNE ST,,,,0.00,N,Not at Intersection,N,Non-Junction,None,,,         ,Bryan,Byrnes,Clear,Not Collision with Motor Vehicle in Transport,yes,no,no,yes,yes,False
101186789,METROPOLITAN NASHVILLE POLICE DEPT,20160402833,Davidson,Nashville,5/3/2016 4:56:00 PM,2,0,0,36.057540,-86.693380,KEELEY DR,,,,30.00,Feet,South,BART DR,,,,0.00,N,Not at Intersection,N,Non-Junction,None,,,         ,Jessie,Meadows,Clear,Angle,no,no,no,no,no,False
101186790,METROPOLITAN NASHVILLE POLICE DEPT,20160402918,Davidson,Nashville,5/3/2016 5:20:00 PM,2,0,0,36.045260,-86.717040,OLD HICKORY BLVD,,,,0.00,,,HICKORY PLZ,,,,0.00,Y,Four-Way, ,Intersection,None,,,         ,Clyde,Stambaugh,Clear,Angle,no,no,no,no,no,False
101186799,METROPOLITAN NASHVILLE POLICE DEPT,20160402776,Davidson,Nashville,5/3/2016 3:30:00 PM,2,0,0,36.165080,-86.783740,CHARLOTTE AVE,,,,207.00,Feet,East,7TH AVE N,,,,0.00,N,Not at Intersection,N,Non-Junction,None,,,         ,David,Snowden,Clear,Front to Rear,no,no,no,no,no,False
101186800,METROPOLITAN NASHVILLE POLICE DEPT,20160392362,Davidson,Nashville,4/29/2016 3:45:00 PM,2,0,0,36.042450,-86.712940,MILL CREEK WHITTLEMORE GRNWY,,,,0.00,,,NOLENSVILLE PKE,,,,0.00,Y,Four-Way, ,Intersection,None,,,         ,Nicholas,Berens,Clear,Angle,no,no,no,no,no,False
101186813,METROPOLITAN NASHVILLE POLICE DEPT,20160403033,Davidson,Nashville,5/3/2016 6:02:00 PM,2,1,0,36.051930,-86.645180,BELL RD,,,,126.00,Feet,South,EAGLE VIEW BLVD,,,,0.00,N,Not at Intersection,N,Non-Junction,None,,,         ,Joseph,Progar,Cloudy,Front to Rear,no,no,no,no,no,False
101186814,METROPOLITAN NASHVILLE POLICE DEPT,20160402665,Davidson,Nashville,5/3/2016 2:57:00 PM,2,0,0,36.157720,-86.797350,17TH AVN,,,,0.00,Feet,,PATTERSON ST,,,,0.00,Y,Four-Way,N,Intersection,None,,,         ,Clyde,Stambaugh,Clear,Angle,no,no,no,no,no,False
101186840,METROPOLITAN NASHVILLE POLICE DEPT,20160402731,Davidson,Not in City Limit,5/3/2016 3:55:00 PM,1,0,0,36.260350,-86.762460,BELLSHIRE DR,,,,92.00,Feet,East,TUCKAHOE DR,,,,0.00,N,Not at Intersection,N,Non-Junction,None,,,         ,Steven,Henry Jr.,Clear,Not Collision with Motor Vehicle in Transport,no,no,no,no,yes,False
101186842,METROPOLITAN NASHVILLE POLICE DEPT,20160403100,Davidson,Nashville,5/3/2016 6:18:00 PM,2,0,0,36.230970,-86.804090,KNIGHT DR,,,,239.00,Feet,South,EWING DR,,,,0.00,N,Not at Intersection, ,Non-Junction,None,,,         ,Kendra,Cowper,Clear,Angle,no,no,no,no,no,False
101186843,METROPOLITAN NASHVILLE POLICE DEPT,20160400427,Davidson,Not in City Limit,5/2/2016 9:25:00 PM,1,0,0,36.095290,-86.937400,I 40,,,,0.00,,,,,,,197.80,N,Not at Intersection,N,Non-Junction,None,,,         ,Barrett,Teague,Clear,Not Collision with Motor Vehicle in Transport,no,no,no,no,no,False
101186844,METROPOLITAN NASHVILLE POLICE DEPT,20160403214,Davidson,Nashville,5/3/2016 7:07:00 PM,2,0,0,36.205150,-86.757960,E TRINITY LN,,,,102.00,Feet,West,JONES AV,,,,0.00,N,Not at Intersection, ,Non-Junction,None,,,         ,Charles,Wakefield,Clear,Front to Rear,no,no,no,no,no,False
101186847,GOODLETTSVILLE POLICE DEPT,16-16255,Davidson,Goodlettsville,5/3/2016 5:40:00 PM,2,0,0,36.306779,-86.694627,VIETNAM VETERANS,BLVD,SR386,,0.00,,,CONFERENCE,DR,,,0.00,Y,T-Intersection, ,Entrance/Exit Ramp Related,None,,,         ,Charles,Hauskin,Clear,Front to Rear,no,no,no,no,no,False
101186857,METROPOLITAN NASHVILLE POLICE DEPT,20160403050,Davidson,Nashville,5/3/2016 5:45:00 PM,2,0,0,36.150960,-86.770670,4TH AVS,,,,22.00,Feet,North,I40 W EXT RAMP,,,,0.00,N,Not at Intersection, ,Non-Junction,None,,,         ,William,Taylor,Cloudy,"Sideswipe, Same Direction",no,no,no,no,no,False
101186860,METROPOLITAN NASHVILLE POLICE DEPT,20160402533,Davidson,Goodlettsville,5/3/2016 2:49:00 PM,2,2,0,36.302750,-86.691850,GALLATIN PKEN,,,,0.00,,,CONFERENCE DR,,,,0.00,Y,Four-Way,Y,Intersection-Related,None,,,         ,Samuel,Miller,Clear,Front to Rear,no,no,no,no,yes,False
101186875,METROPOLITAN NASHVILLE POLICE DEPT,20160403081,Davidson,Goodlettsville,5/3/2016 5:22:00 PM,3,0,0,36.288920,-86.724480,I 65,,,,0.00,,,,,,,94.10,N,Not at Intersection, ,Non-Junction,None,,,         ,Samuel,Miller,Cloudy,Front to Rear,no,no,no,no,no,False
101186876,METROPOLITAN NASHVILLE POLICE DEPT,20160403532,Davidson,Goodlettsville,5/3/2016 8:32:00 PM,2,0,0,36.296910,-86.699160,GALLATIN PKEN,,,,0.00,,,MYATT DR,,,,0.00,Y,Four-Way, ,Intersection,None,,,         ,Samuel,Miller,Clear,Angle,no,no,no,no,no,False
101186879,METROPOLITAN NASHVILLE POLICE DEPT,20160403038,Davidson,Nashville,5/3/2016 5:54:00 PM,2,1,0,36.069120,-86.683840,ANTIOCH PKE,,,,0.00,,,RICHARDS RD,,,,0.00,Y,Y-Intersection,N,Non-Junction,None,,,         ,Matthew,Johnson,Cloudy,Front to Rear,no,no,no,no,no,False
101186884,METROPOLITAN NASHVILLE POLICE DEPT,20160403485,Davidson,Nashville,5/3/2016 8:41:00 PM,1,0,0,36.067800,-86.693330,APACHE TRL,,,,96.00,Feet,West,CUMBERLAND LANES PVTDR,,,,0.00,N,Not at Intersection,N,Non-Junction,None,,,         ,William,Durham,Clear,Not Collision with Motor Vehicle in Transport,no,no,no,no,yes,False
101186885,METROPOLITAN NASHVILLE POLICE DEPT,2016-0292149,Davidson,Nashville,4/29/2016 10:05:00 PM,3,1,0,36.067580,-86.737600,BRIARWOOD DR,,,,0.00,,,,,,,0.00,,Not at Intersection,N,Non-Junction,None,,,         ,William,King,Clear,Not Collision with Motor Vehicle in Transport,no,no,no,no,no,False
101186886,METROPOLITAN NASHVILLE POLICE DEPT,2016-0400009,Davidson,Nashville,5/3/2016 6:27:00 PM,2,0,0,36.089000,-86.732520,NOLENSVILLE PKE,,,,500.00,Feet,South,ZOO RD,,,,0.00,N,Not at Intersection, ,Non-Junction,None,,,         ,William,King,Cloudy,Front to Rear,no,no,no,no,no,False
101186887,METROPOLITAN NASHVILLE POLICE DEPT,2016-0402818,Davidson,Nashville,5/3/2016 4:34:00 PM,2,1,0,36.079410,-86.764670,I 65,,,,0.00,,,,,,,77.60,N,Not at Intersection,N,Entrance/Exit Ramp Related,None,,,         ,William,King,Clear,Front to Rear,no,no,no,no,yes,False
101186888,METROPOLITAN NASHVILLE POLICE DEPT,20160394721,Davidson,Not in City Limit,4/30/2016 3:52:00 PM,2,0,0,36.266130,-86.791290,I 24,,,,0.00,,,,,,,41.40,N,Not at Intersection, ,,None,,,         ,Carlos,Urrutia,,,no,no,no,no,no,False
101186889,METROPOLITAN NASHVILLE POLICE DEPT,20160394823,Davidson,Madison,4/30/2016 4:45:00 PM,2,0,0,36.263180,-86.713090,OLD HICKORY BLVDW,,,,0.00,,,OLD TIME VILLAGE PVTDR,,,,0.00,Y,OTHER,N,Intersection,None,,,         ,Carlos,Urrutia,Rain,Angle,no,no,no,no,no,False
101186890,METROPOLITAN NASHVILLE POLICE DEPT,2016-0401208,Davidson,Nashville,5/3/2016 6:33:00 AM,1,1,0,36.195120,-86.829910,BUENA VISTA PKE,,,,243.00,Feet,North,RESHA LN,,,,0.00,N,Not at Intersection,N,Non-Junction,None,,,         ,Gregory,Scott,Clear,Not Collision with Motor Vehicle in Transport,yes,no,no,no,yes,False
101186901,METROPOLITAN NASHVILLE POLICE DEPT,20160402593,Davidson,Nashville,5/3/2016 3:08:00 PM,3,3,0,36.239690,-86.757560,DICKERSON PKE,,,,198.00,Feet,North,I65 S ENT RAMP,,,,0.00,N,Not at Intersection,N,Non-Junction,None,,,         ,Samuel,Miller,Cloudy,Front to Rear,no,no,no,no,yes,False
101186913,METROPOLITAN NASHVILLE POLICE DEPT,20160403715,Davidson,Nashville,5/3/2016 8:12:00 PM,2,0,0,36.072560,-86.636840,MURFREESBORO PKE,,,,317.00,Feet,North,BELL RD,,,,0.00,N,Not at Intersection, ,Non-Junction,None,,,         ,William,Durham,Clear,"Sideswipe, Opposite Direction",no,no,no,no,no,False
101186915,METROPOLITAN NASHVILLE POLICE DEPT,20160402806,Davidson,Nashville,5/3/2016 4:29:00 PM,2,2,0,36.248010,-86.720360,GALLATIN PKES,,,,0.00,,,DUE WEST AVW,,,,0.00,Y,Four-Way,Y,Intersection-Related,None,,,         ,Samuel,Miller,Cloudy,Angle,no,no,no,no,no,False
101186919,METROPOLITAN NASHVILLE POLICE DEPT,20160403696,Davidson,Nashville,5/3/2016 8:58:00 PM,1,1,0,36.138820,-86.819650,WEST END AV,,,,252.00,Feet,South,ORLEANS DR,,,,0.00,N,Not at Intersection,N,Non-Junction,None,,,         ,Eric,Burford,Clear,Not Collision with Motor Vehicle in Transport,yes,no,no,no,no,False
101186924,METROPOLITAN NASHVILLE POLICE DEPT,20160403684,Davidson,Nashville,5/3/2016 9:54:00 PM,2,0,0,36.167600,-86.762220,S 5TH ST,,,,0.00,,,SHELBY AV,,,,0.00,Y,Four-Way,N,Intersection,None,,,         ,James,Smith,Cloudy,Other,no,no,no,no,yes,False
101186928,METROPOLITAN NASHVILLE POLICE DEPT,20160402959,Davidson,Nashville,5/3/2016 4:30:00 PM,2,0,0,36.187560,-86.800030,DOMINICAN DR,,,,0.00,,,ATHENS WAY,,,,0.00,Y,T-Intersection, ,Intersection,None,,,         ,Charles,Holmes,Clear,Front to Rear,no,no,no,no,no,False
101186933,METROPOLITAN NASHVILLE POLICE DEPT,20160397435,Davidson,Nashville,5/1/2016 10:11:00 PM,3,0,0,36.255990,-86.712370,NEELYS BEND RD,,,,127.00,Feet,East,ARGLE AV,,,,0.00,N,Not at Intersection,N,Non-Junction,None,,,         ,Christopher,Valdez,Cloudy,HeadOn,no,no,no,no,no,False
101186941,METROPOLITAN NASHVILLE POLICE DEPT,20160402777,Davidson,Nashville,5/3/2016 4:15:00 PM,2,0,0,36.190220,-86.790390,I 65,,,,0.00,,,,,,,85.70,N,Not at Intersection,N,Non-Junction,None,,,         ,Michael,Brooks,Cloudy,Front to Rear,no,no,no,no,no,False
101186942,METROPOLITAN NASHVILLE POLICE DEPT,20160402897,Davidson,Nashville,5/3/2016 5:08:00 PM,2,0,0,36.230830,-86.833190,CLARKSVILLE PKE,,,,97.00,Feet,North,CLARKSVILLE PKE SB EXT RAMP,,,,0.00,N,Not at Intersection,N,Non-Junction,None,,,         ,Michael,Brooks,Cloudy,Front to Rear,no,no,no,no,no,False
101186943,METROPOLITAN NASHVILLE POLICE DEPT,20160402799,Davidson,Nashville,5/3/2016 4:20:00 PM,2,0,0,36.189270,-86.792090,I 65,,,,0.00,,,,,,,85.60,N,Not at Intersection, ,Non-Junction,None,,,         ,Michael,Brooks,Cloudy,"Sideswipe, Same Direction",no,no,no,no,no,False
101186944,METROPOLITAN NASHVILLE POLICE DEPT,20160403724,Davidson,Nashville,5/3/2016 10:04:00 PM,2,0,0,36.222870,-86.801150,REVELS DR,,,,0.00,,,WOODALE LN,,,,0.00,Y,T-Intersection,N,Intersection,None,,,         ,Michael,Brooks,Cloudy,Angle,no,no,no,no,yes,False
101186947,METROPOLITAN NASHVILLE POLICE DEPT,20160403238,Davidson,Nashville,5/3/2016 7:23:00 PM,2,0,0,36.167800,-86.663760,LEBANON PKE,,,,130.00,Feet,West,DONELSON PKE,,,,0.00,N,Not at Intersection, ,Non-Junction,None,,,         ,Felipe,Pereira,Clear,Angle,no,no,no,no,no,False
101186949,METROPOLITAN NASHVILLE POLICE DEPT,20160396021,Davidson,Nashville,5/1/2016 12:00:00 AM,1,0,0,36.157090,-86.834320,CLIFTON AV,,,,0.00,,,40TH AVN,,,,0.00,Y,OTHER,N,Non-Junction,None,,,         ,Kenneth,Bray,Cloudy,Not Collision with Motor Vehicle in Transport,no,no,no,yes,yes,False
101186953,METROPOLITAN NASHVILLE POLICE DEPT,20160403892,Davidson,Nashville,5/3/2016 12:00:00 AM,2,0,0,36.156680,-86.781310,8TH AVS,,,,155.00,Feet,West,DEMONBREUN ST,,,,0.00,N,Not at Intersection,N,Non-Junction,None,,,         ,Christopher,Hanor,Clear,Angle,no,no,no,yes,yes,False
101186975,METROPOLITAN NASHVILLE POLICE DEPT,20160403943,Davidson,Nashville,5/3/2016 11:17:00 PM,2,1,0,36.155500,-86.784080,DEMONBREUN ST,,,,326.00,Feet,East,11TH AVS,,,,0.00,N,Not at Intersection,N,Non-Junction,None,,,         ,Kyle,Burks,Clear,Angle,no,no,no,no,no,False
101186980,METROPOLITAN NASHVILLE POLICE DEPT,20160403995,Davidson,Nashville,5/3/2016 11:34:00 PM,1,1,0,36.147070,-86.743710,I 40,,,,0.00,,,,,,,212.00,N,Not at Intersection,Y,Non-Junction,None,,,         ,Curtis,Fisher,Clear,Not Collision with Motor Vehicle in Transport,no,no,no,no,no,False
101186981,METROPOLITAN NASHVILLE POLICE DEPT,20160403983,Davidson,Nashville,5/3/2016 11:29:00 PM,4,1,0,36.135940,-86.778950,8TH AVS,,,,93.00,Feet,South,EAST ARGYLE AV,,,,0.00,N,Not at Intersection,N,Non-Junction,None,,,         ,Steven,Wiser,Clear,Front to Rear,no,no,no,no,no,False
101186990,METROPOLITAN NASHVILLE POLICE DEPT,20160404302,Davidson,Nashville,5/4/2016 1:01:00 AM,1,0,0,36.143910,-86.696210,I40 E EXT RAMP,,,,0.00,,,I 40,,,,0.00,Y,OTHER,N,Entrance/Exit Ramp Related,None,,,         ,Bridget,Griepentrog,Clear,Not Collision with Motor Vehicle in Transport,no,no,no,no,no,False
101186991,METROPOLITAN NASHVILLE POLICE DEPT,20160404248,Davidson,Nashville,5/4/2016 12:55:00 AM,1,0,0,36.193070,-86.776260,I 24,,,,0.00,,,,,,,46.70,N,Not at Intersection,Y,Non-Junction,None,,,         ,Geoffrey,Daugherty,Clear,Not Collision with Motor Vehicle in Transport,no,no,no,no,no,False
101186996,METROPOLITAN NASHVILLE POLICE DEPT,20160403971,Davidson,Nashville,5/3/2016 11:19:00 PM,1,0,0,36.143430,-86.626650,BELL RD,,,,925.00,Feet,North,ELM HILL PKE,,,,0.00,N,Not at Intersection,N,Non-Junction,None,,,         ,Bridget,Griepentrog,Clear,Not Collision with Motor Vehicle in Transport,no,no,no,no,yes,False
101186998,METROPOLITAN NASHVILLE POLICE DEPT,20160393919,Davidson,Nashville,4/30/2016 3:41:00 AM,1,0,0,36.134370,-86.721990,MURFREESBORO PKE,,,,0.00,,,,,,,0.00,,,N,Non-Junction,None,,,         ,Bridget,Griepentrog,Clear,Not Collision with Motor Vehicle in Transport,no,no,no,yes,yes,False
101187010,METROPOLITAN NASHVILLE POLICE DEPT,20160404451,Davidson,Nashville,5/3/2016 10:15:00 PM,2,0,0,36.077280,-86.629210,CLEARWATER DR,,,,1410.00,Feet,West,CREEKVIEW DR,,,,0.00,N,Not at Intersection,N,Non-Junction,None,,,         ,Marcus,Darden,Clear,Unknown,no,no,no,no,yes,False
101187022,METROPOLITAN NASHVILLE POLICE DEPT,2016-0401259,Davidson,Nashville,5/3/2016 6:15:00 AM,2,0,0,36.201580,-86.776840,I 65,,,,0.00,,,,,,,87.00,N,Not at Intersection, ,Non-Junction,None,,,         ,Anthony,Cavis,Clear,HeadOn,no,no,no,no,no,False
101187024,METROPOLITAN NASHVILLE POLICE DEPT,20160404589,Davidson,Nashville,5/4/2016 3:40:00 AM,1,1,0,36.144050,-86.696070,I40 E EXT RAMP,,,,0.00,,,,,,,0.00,,,N,Entrance/Exit Ramp Related,None,,,         ,Seth,Quiles,Clear,Not Collision with Motor Vehicle in Transport,no,no,no,no,no,False
101187028,METROPOLITAN NASHVILLE POLICE DEPT,20160403928,Davidson,Nashville,5/3/2016 11:02:00 PM,3,1,0,36.162190,-86.798000,16TH AVN,,,,0.00,,,JO JOHNSTON AV,,,,0.00,Y,OTHER,N,Intersection,None,,,         ,Joshua,Green,Clear,Angle,no,no,no,no,no,False
101187034,METROPOLITAN NASHVILLE POLICE DEPT,2016-0398390,Davidson,Nashville,5/2/2016 6:20:00 AM,3,0,0,36.201580,-86.776840,I 65,,,,0.00,,,,,,,87.00,N,Not at Intersection,N,Non-Junction,None,,,         ,Anthony,Cavis,Clear,Front to Rear,no,no,no,no,yes,False
101187054,METROPOLITAN NASHVILLE POLICE DEPT,2016-0402476,Davidson,Nashville,5/3/2016 2:10:00 PM,2,0,0,36.248230,-86.720210,GALLATIN PKES,,,,72.00,Feet,North,DUE WEST AVE,,,,0.00,N,Not at Intersection, ,Non-Junction,None,,,         ,Michael,Agee,Clear,"Sideswipe, Same Direction",no,no,no,no,no,False
101187055,METROPOLITAN NASHVILLE POLICE DEPT,20160404933,Davidson,Nashville,5/4/2016 6:00:00 AM,1,0,0,36.097530,-86.823450,BURTON HILLS BLVD,,,,0.00,,,HILLSBORO PKE,,,,0.00,Y,Four-Way, ,Non-Junction,None,,,         ,Harold,Willmore IV,Clear,Not Collision with Motor Vehicle in Transport,no,no,no,no,no,False
101187065,METROPOLITAN NASHVILLE POLICE DEPT,2016-0404989,Davidson,Nashville,5/4/2016 7:10:00 AM,3,0,0,36.121520,-86.910460,I 40,,,,0.00,,,,,,,200.20,N,Not at Intersection, ,Non-Junction,None,,,         ,Curtis,Rich,Clear,Front to Rear,no,no,no,no,no,False
101187078,METROPOLITAN NASHVILLE POLICE DEPT,20160404931,Davidson,Not in City Limit,5/4/2016 6:50:00 AM,2,0,0,36.265500,-86.680630,RIO VISTA DR,,,,113.00,Feet,South,N DUPONT AV,,,,0.00,N,Not at Intersection,N,Non-Junction,None,,,         ,Eric,Richardson,Clear,Angle,no,no,no,no,no,False
101187097,METROPOLITAN NASHVILLE POLICE DEPT,20160405058,Davidson,Nashville,5/4/2016 7:45:00 AM,2,0,0,36.121750,-86.915150,CHARLOTTE PKE,,,,224.00,Feet,West,OLD CHARLOTTE PKE,,,,0.00,N,Not at Intersection,N,Non-Junction,None,,,         ,Wesley,Tilley,Clear,Front to Rear,no,no,no,no,no,False
101187103,METROPOLITAN NASHVILLE POLICE DEPT,20160404985,Davidson,Nashville,5/4/2016 7:15:00 AM,2,0,0,36.170080,-86.807000,I 40,,,,0.00,,,,,,,207.30,N,Not at Intersection,N,Non-Junction,None,,,         ,Joshua,Baker,Clear,Front to Rear,no,no,no,no,no,False
101187108,METROPOLITAN NASHVILLE POLICE DEPT,20160404953,Davidson,Nashville,5/4/2016 6:55:00 AM,3,0,0,36.105270,-86.767080,I 65,,,,0.00,,,,,,,79.45,N,Not at Intersection,N,Non-Junction,None,,,         ,Earl,Davis,Clear,Front to Rear,no,no,no,no,yes,False
101187111,METROPOLITAN NASHVILLE POLICE DEPT,2016-0405177,Davidson,Nashville,5/4/2016 8:30:00 AM,3,0,0,36.153610,-86.847250,I 40,,,,0.00,,,,,,,204.55,N,Not at Intersection,N,Non-Junction,None,,,         ,Curtis,Rich,Clear,Front to Rear,no,no,no,no,no,False
101187122,METROPOLITAN NASHVILLE POLICE DEPT,16-0405037,Davidson,Nashville,5/4/2016 7:37:00 AM,2,2,0,36.161690,-86.760810,I 24,,,,0.00,,,,,,,49.35,N,Not at Intersection,N,Non-Junction,None,,,         ,Frank,Campbell,Clear,Front to Rear,no,no,no,no,no,False
101187126,METROPOLITAN NASHVILLE POLICE DEPT,2016-0404935,Davidson,Antioch,5/4/2016 6:39:00 AM,2,0,0,36.060450,-86.595730,HOBSON PIKE,PIKE,SR171,,855.00,Feet,North,HAMILTON CHURCH RD,RD,,,0.00,N,Not at Intersection,N,Non-Junction,None,,,         ,William,Whitworth,Clear,Front to Rear,no,no,no,no,no,False
101187127,METROPOLITAN NASHVILLE POLICE DEPT,2016-0405132,Davidson,Nashville,5/4/2016 7:51:00 AM,2,0,0,36.057480,-86.676980,I 24,,,,0.00,,,,,,,58.10,N,Not at Intersection, ,Non-Junction,None,,,         ,William,Whitworth,Clear,Front to Rear,no,no,no,no,no,False
101187131,METROPOLITAN NASHVILLE POLICE DEPT,20160405163,Davidson,Nashville,5/4/2016 8:27:00 AM,3,0,0,36.167430,-86.815940,I 40,,,,0.00,,,,,,,206.75,N,Not at Intersection, ,Non-Junction,None,,,         ,Gordon,Stovall,Clear,Front to Rear,no,no,no,no,yes,False
101187132,METROPOLITAN NASHVILLE POLICE DEPT,20160403083,Davidson,Nashville,5/3/2016 6:15:00 PM,2,0,0,36.095360,-86.707380,I 24,,,,0.00,,,,,,,55.00,N,Not at Intersection, ,Non-Junction,None,,,         ,Jessie,Meadows,Clear,Front to Rear,no,no,no,no,no,False
101187143,METROPOLITAN NASHVILLE POLICE DEPT,20160405086,Davidson,Nashville,5/4/2016 7:57:00 AM,2,1,0,36.153960,-86.818220,28TH AVN,,,,0.00,Feet,,CHARLOTTE AV,,,,0.00,Y,OTHER,Y,Intersection,None,,,         ,James,Jarvis,Clear,"Sideswipe, Opposite Direction",no,no,no,no,no,False
101187144,METROPOLITAN NASHVILLE POLICE DEPT,20160390798,Davidson,Nashville,4/29/2016 6:44:00 AM,2,1,0,36.200850,-86.823760,BUENA VISTA PKE,,,,771.00,Feet,East,EAST LN,,,,0.00,N,Not at Intersection,N,Non-Junction,None,,,         ,Earnest,Fields,Clear,"Sideswipe, Same Direction",no,no,no,no,no,False
101187147,METROPOLITAN NASHVILLE POLICE DEPT,2016-0405141,Davidson,Nashville,5/4/2016 8:12:00 AM,2,0,0,36.115810,-86.810600,HILLSBORO PKE,,,,5.00,Feet,North,HAMPTON PL,,,,0.00,N,Not at Intersection,N,Non-Junction,None,,,         ,Paul,Junkmann,Clear,Front to Rear,no,no,no,no,no,False
101187150,METROPOLITAN NASHVILLE POLICE DEPT,20160405193,Davidson,Nashville,5/4/2016 8:15:00 AM,2,0,0,36.086830,-86.693960,HARDING PL,,,,560.00,Feet,West,ANTIOCH PKE,,,,0.00,N,Not at Intersection,N,Non-Junction,None,,,         ,Terrance,Stuckey,Clear,Front to Rear,no,no,no,no,yes,False