master_record_number,agency,agency_tracking_number,county,city,collision_date,vehicles_involved,number_injured,number_dead,latitude,longitude,roadway_name,roadway_suffix,roadway_number,roadway_local_id,distance_from_reference,miles-feet_indicator,direction_from_reference,intersection_road_name,intersection_road_name_suffix,intersection_road_number,intersection_local_id,mile_marker,intersection_indicator,intersect_type,interchange_related_indicator,relation_to_junction,work_zone_type,construction_maintenance_zone,construction_maintenance_zone_location,fatal_case_number,officer_first_name,officer_last_name,weather_condition(s),manner_of_crash,pedestrian,bicycle,scooter,parking,hitrun,mou
101187158,METROPOLITAN NASHVILLE POLICE DEPT,2016-0398899,Davidson,Nashville,5/2/2016 10:25:00 AM,2,0,0,36.233770,-86.699430,LOCK TWO RD,,,,93.00,Feet,North,PENNINGTON BEND RD,,,,0.00,N,Not at Intersection, ,Non-Junction,None,,,         ,Jeb,Johnston,Rain,"Sideswipe, Same Direction",no,no,no,no,no,False
101187168,METROPOLITAN NASHVILLE POLICE DEPT,2016-0402814,Davidson,Not in City Limit,5/3/2016 3:15:00 PM,2,0,0,36.027810,-87.008920,HIGHWAY 100,,,,460.00,Feet,East,OLD HARDING PKE,,,,0.00,N,Not at Intersection, ,Non-Junction,None,,,         ,Walter,Gray II,Cloudy,Front to Rear,no,no,no,no,no,False
101187170,METROPOLITAN NASHVILLE POLICE DEPT,20160405088,Davidson,Nashville,5/4/2016 8:04:00 AM,5,1,0,36.071020,-86.635240,MURFREESBORO PKE,,,,415.00,Feet,South,BELL RD,,,,0.00,N,Not at Intersection,N,Non-Junction,None,,,         ,Roderic,Williams,Clear,Front to Rear,no,no,no,no,no,False
101187179,METROPOLITAN NASHVILLE POLICE DEPT,2016-0405060,Davidson,Nashville,5/4/2016 7:10:00 AM,2,0,0,36.239470,-86.753860,I 65,,,,0.00,,,,,,,90.20,N,Not at Intersection, ,Non-Junction,None,,,         ,Michael,Agee,Clear,Front to Rear,no,no,no,no,no,False
101187194,METROPOLITAN NASHVILLE POLICE DEPT,20160404947,Davidson,Nashville,5/4/2016 6:55:00 AM,2,2,0,36.173270,-86.791400,ROSA L PARKS BLVD,,,,0.00,,,JEFFERSON ST,,,,0.00,Y,Four-Way,N,Intersection-Related,None,,,         ,Gordon,Stovall,Clear,Angle,no,no,no,no,no,False
101187199,METROPOLITAN NASHVILLE POLICE DEPT,2016-0405320,Davidson,Nashville,5/4/2016 9:44:00 AM,2,0,0,36.128000,-86.851960,WHITE BRIDGE PKE,,,,0.00,,,POST PL,,,,0.00,Y,Four-Way,N,Intersection,None,,,         ,Walter,Gray II,Clear,Angle,no,no,no,no,no,False
101187201,METROPOLITAN NASHVILLE POLICE DEPT,20160405575,Davidson,Nashville,5/4/2016 12:10:00 PM,2,1,0,36.102640,-86.665560,MURFREESBORO PKE,,,,248.00,Feet,East,OLD MURFREESBORO PKE,,,,0.00,N,Not at Intersection,N,Non-Junction,None,,,         ,Jessie,Meadows,Clear,Angle,no,no,no,no,no,False
101187218,METROPOLITAN NASHVILLE POLICE DEPT,20160401395,Davidson,Nashville,5/3/2016 6:59:00 AM,2,0,0,36.118280,-86.631120,BELL RD,,,,0.00,,,HERON POINTE DR,,,,0.00,Y,T-Intersection, ,Non-Junction,None,,,         ,James,Curtis,Cloudy,Front to Rear,no,no,no,no,no,False
101187219,METROPOLITAN NASHVILLE POLICE DEPT,20160401453,Davidson,Nashville,5/3/2016 7:45:00 AM,2,0,0,36.118650,-86.631050,BELL RD,,,,169.00,Feet,North,HERON POINTE DR,,,,0.00,N,Not at Intersection,N,Non-Junction,None,,,         ,James,Curtis,Cloudy,Front to Rear,no,no,no,no,no,False
101187220,METROPOLITAN NASHVILLE POLICE DEPT,20160402079,Davidson,Nashville,5/3/2016 11:49:00 AM,2,0,0,36.145550,-86.743980,FESSLERS LN,,,,326.00,Feet,North,ELM HILL PKE,,,,0.00,N,Not at Intersection, ,Non-Junction,None,,,         ,James,Curtis,Cloudy,"Sideswipe, Same Direction",no,no,no,no,no,False
101187221,METROPOLITAN NASHVILLE POLICE DEPT,20160404970,Davidson,Nashville,5/4/2016 7:12:00 AM,2,0,0,36.155140,-86.743420,FESSLERS LN,,,,296.00,Feet,North,LEBANON PKE,,,,0.00,N,Not at Intersection, ,,None,,,         ,James,Curtis,,,no,no,no,no,no,False
101187222,METROPOLITAN NASHVILLE POLICE DEPT,20160405070,Davidson,Nashville,5/4/2016 7:45:00 AM,4,0,0,36.109000,-86.679760,MURFREESBORO PKE,,,,922.00,Feet,South,AIR FREIGHT BLVD,,,,0.00,N,Not at Intersection,N,Non-Junction,None,,,         ,Eric,Thomas,Clear,Front to Rear,no,no,no,no,no,False
101187230,METROPOLITAN NASHVILLE POLICE DEPT,20160405358,Davidson,Nashville,5/4/2016 10:05:00 AM,2,0,0,36.045260,-86.717040,OLD HICKORY BLVD,,,,0.00,,,HICKORY PLZ,,,,0.00,Y,Four-Way,N,Intersection-Related,None,,,         ,Brent,Bauer,Clear,Angle,no,no,no,no,no,False
101187236,METROPOLITAN NASHVILLE POLICE DEPT,2016-0405720,Davidson,Nashville,5/4/2016 12:24:00 PM,2,0,0,36.150060,-86.858340,CHARLOTTE PKE,,,,120.00,Feet,West,WHITE BRIDGE PKE,,,,0.00,N,Not at Intersection,N,Non-Junction,None,,,         ,Walter,Gray II,Cloudy,"Sideswipe, Same Direction",no,no,no,no,yes,False
101187241,METROPOLITAN NASHVILLE POLICE DEPT,2016-0405770,Davidson,Nashville,5/4/2016 12:44:00 PM,2,0,0,36.086050,-86.920700,OLD HICKORY BLVD,,,,307.00,Feet,North,AMBERWOOD CIR,,,,0.00,N,Not at Intersection, ,Non-Junction,None,,,         ,Curtis,Rich,Cloudy,Angle,no,no,no,no,no,False
101187251,VANDERBILT UNIVERSITY POLICE,16-0405564,Davidson,Nashville,5/4/2016 11:00:00 AM,2,0,0,36.140750,-86.805950,25TH AVS,,,,0.00,,,,,,,0.00,,Not at Intersection, ,Non-Junction,None,,,         ,Martin,Hill,Clear,Angle,no,no,no,yes,no,Campus
101187253,METROPOLITAN NASHVILLE POLICE DEPT,20160405621,Davidson,Nashville,5/4/2016 11:47:00 AM,2,0,0,36.160720,-86.777880,BROADWAY,,,,228.00,Feet,West,4TH AVN,,,,0.00,N,Not at Intersection, ,Non-Junction,None,,,         ,William,Waters,Clear,"Sideswipe, Same Direction",no,no,no,no,no,False
101187271,METROPOLITAN NASHVILLE POLICE DEPT,20160405742,Davidson,Nashville,5/4/2016 12:33:00 PM,2,2,0,36.139170,-86.807000,CHILDRENS WAY,,,,0.00,,,25TH AVS,,,,0.00,Y,Four-Way,N,Intersection,None,,,         ,Nathan,Kemp,Clear,Angle,no,no,no,no,no,Campus
101187272,METROPOLITAN NASHVILLE POLICE DEPT,20160405799,Davidson,Nashville,5/4/2016 12:45:00 PM,2,1,0,36.174050,-86.788160,JEFFERSON ST,,,,172.00,Feet,East,6TH AVN,,,,0.00,N,Not at Intersection,N,Non-Junction,None,,,         ,Gordon,Stovall,Cloudy,Front to Rear,no,no,no,no,no,False
101187274,METROPOLITAN NASHVILLE POLICE DEPT,20160405780,Davidson,Nashville,5/4/2016 12:47:00 PM,2,0,0,36.231280,-86.758950,DICKERSON PKE,,,,0.00,,,OAK VALLEY DR,,,,0.00,Y,T-Intersection, ,Non-Junction,None,,,         ,Joseph,Zambardi,Cloudy,Angle,no,no,no,no,no,False
101187285,METROPOLITAN NASHVILLE POLICE DEPT,20160405861,Davidson,Nashville,5/4/2016 1:00:00 PM,2,0,0,36.110540,-86.811410,HILLSBORO PKE,,,,248.00,Feet,South,GRAYBAR LN,,,,0.00,N,Not at Intersection, ,Non-Junction,None,,,         ,Harold,Willmore IV,Cloudy,Angle,no,no,no,yes,yes,False
101187290,METROPOLITAN NASHVILLE POLICE DEPT,20160405866,Davidson,Nashville,5/4/2016 1:00:00 PM,2,0,0,36.182370,-86.797540,BUCHANAN ST,,,,0.00,,,ROSA L PARKS BLVD,,,,0.00,Y,OTHER, ,,None,,,         ,James,Jarvis,,,no,no,no,no,no,False
101187292,METROPOLITAN NASHVILLE POLICE DEPT,20160398472,Davidson,Nashville,5/2/2016 7:01:00 AM,2,1,0,36.058500,-86.596930,HAMILTON CHURCH,RD,SR3600,,50.00,Feet,South,HOBSON,PIKE,SR,,0.00,N,Not at Intersection,N,Non-Junction,None,,,         ,Steven,Williams,Cloudy,Angle,no,no,no,no,no,False
101187296,METROPOLITAN NASHVILLE POLICE DEPT,20160405884,Davidson,Nashville,5/4/2016 1:23:00 PM,1,0,0,36.087470,-86.695850,METROPLEX DR,,,,223.00,Feet,North,HARDING PL,,,,0.00,N,Not at Intersection, ,Non-Junction,None,,,         ,Paul,Ellis,Cloudy,Not Collision with Motor Vehicle in Transport,no,no,no,no,no,False
101187302,METROPOLITAN NASHVILLE POLICE DEPT,20160399402,Davidson,Nashville,5/2/2016 1:29:00 PM,2,0,0,36.226310,-86.603190,SHUTE LN,,,,0.00,,,SAUNDERSVILLE RD,,,,0.00,Y,T-Intersection, ,,None,,,         ,James,Curtis,,,no,no,no,no,no,False
101187308,METROPOLITAN NASHVILLE POLICE DEPT,20160405907,Davidson,Nashville,5/4/2016 1:33:00 PM,2,0,0,36.039830,-86.781430,I65 N EXT RAMP,,,,0.00,Feet,East,I 65,,,,0.00,N,Not at Intersection, ,Entrance/Exit Ramp Related,None,,,         ,Brent,Bauer,Cloudy,Front to Rear,no,no,no,no,no,False
101187309,METROPOLITAN NASHVILLE POLICE DEPT,20160405228,Davidson,Not in City Limit,5/4/2016 8:45:00 AM,2,0,0,36.275870,-86.713020,E CAMPBELL RD,,,,466.00,Feet,East,HIGHLAND CIR,,,,0.00,N,Not at Intersection, ,,None,,,         ,Ethan,Usherwood,,,no,no,no,no,no,False
101187320,METROPOLITAN NASHVILLE POLICE DEPT,20160402118,Davidson,Nashville,5/3/2016 12:00:00 PM,2,0,0,36.183810,-86.797880,I65 N ENT RAMP,,,,0.00,,,I 65,,,,0.00,Y,OTHER,Y,Entrance/Exit Ramp Related,None,,,         ,Gordon,Stovall,Cloudy,Front to Rear,no,no,no,no,no,False
101187368,METROPOLITAN NASHVILLE POLICE DEPT,20160399569,Davidson,Nashville,5/2/2016 3:22:00 PM,2,0,0,36.250900,-86.689970,NEELYS BEND RD,,,,208.00,Feet,East,KINSEY BLVD,,,,0.00,N,Not at Intersection, ,Non-Junction,None,,,         ,Samuel,Miller,Cloudy,Front to Rear,no,no,no,no,no,False
101187369,METROPOLITAN NASHVILLE POLICE DEPT,20160399623,Davidson,Not in City Limit,5/2/2016 3:48:00 PM,2,0,0,36.261600,-86.677850,SANDHURST DR,,,,0.00,,,E OLD HICKORY BLVD,,,,0.00,Y,OTHER, ,Intersection-Related,None,,,         ,Samuel,Miller,Rain,Angle,no,no,no,no,no,False
101187370,METROPOLITAN NASHVILLE POLICE DEPT,2016-0405915,Davidson,Nashville,5/4/2016 1:34:00 PM,2,0,0,36.153930,-86.857660,ROBERTSON AV,,,,50.00,Feet,West,BRILEY PKWYS,,,,0.00,N,Not at Intersection, ,Non-Junction,None,,,         ,Walter,Gray II,Rain,Angle,no,no,no,no,no,False
101187372,METROPOLITAN NASHVILLE POLICE DEPT,20160406039,Davidson,Nashville,5/4/2016 2:31:00 PM,2,2,0,36.201500,-86.689490,OPRY MILLS DR,,,,471.00,Feet,North,BRILEY PKWYS,,,,0.00,N,Not at Intersection,N,Non-Junction,None,,,         ,Mikala,Moore,Clear,Angle,no,no,no,no,no,False
101187375,METROPOLITAN NASHVILLE POLICE DEPT,20160406087,Davidson,Nashville,5/4/2016 2:59:00 PM,2,1,0,36.068790,-86.716280,HOPEDALE DR,,,,11.00,Feet,North,HAYWOOD LN,,,,0.00,N,Not at Intersection,N,Non-Junction,None,,,         ,Jared,Jenkins,Clear,Angle,no,no,no,no,no,False
101187382,METROPOLITAN NASHVILLE POLICE DEPT,20160406078,Davidson,Nashville,5/4/2016 2:41:00 PM,1,0,0,36.133030,-86.635080,HARBORWOOD CIR,,,,0.00,,,HARBORVIEW DR,,,,0.00,Y,Y-Intersection, ,Intersection-Related,None,,,         ,Marcus,Mitchell,Clear,Not Collision with Motor Vehicle in Transport,no,no,no,no,no,False
101187385,METROPOLITAN NASHVILLE POLICE DEPT,20160406061,Davidson,Not in City Limit,5/4/2016 2:44:00 PM,2,0,0,36.263630,-86.711720,GALLATIN PKEN,,,,221.00,Feet,North,STATE RT 45,,,,0.00,N,Not at Intersection,N,Non-Junction,None,,,         ,Corteze,Armstrong,Clear,Angle,no,no,no,yes,yes,False
101187388,METROPOLITAN NASHVILLE POLICE DEPT,2016-0406050,Davidson,Nashville,5/4/2016 2:48:00 PM,2,1,0,36.145920,-86.822310,I 440,,,,0.00,,,,,,,1.15,N,Not at Intersection,N,Non-Junction,None,,,         ,Walter,Gray II,Cloudy,Front to Rear,no,no,no,no,no,False
101187396,METROPOLITAN NASHVILLE POLICE DEPT,2016-0402464,Davidson,Antioch,5/3/2016 2:10:00 PM,2,3,0,36.058600,-86.597750,HOBSON PIKE,,,,0.00,,,HAMILTON CHURCH ROAD,,SR,,0.00,Y,Four-Way,Y,Intersection,None,,,         ,Kevin,Lovell,Cloudy,Angle,no,no,no,no,no,False
101187409,METROPOLITAN NASHVILLE POLICE DEPT,20160399087,Davidson,Nashville,5/2/2016 11:30:00 AM,2,0,0,36.155070,-86.759870,I40 E ENT RAMP,,,,0.00,,,I 40,,,,0.00,Y,OTHER,N,Non-Junction,None,,,         ,Jason,Smith,Rain,"Sideswipe, Same Direction",no,no,no,no,no,False
101187411,METROPOLITAN NASHVILLE POLICE DEPT,20160406146,Davidson,Nashville,5/4/2016 2:43:00 PM,2,0,0,36.194740,-86.776160,I 65,,,,0.00,,,,,,,86.50,N,Not at Intersection,N,Non-Junction,None,,,         ,Victor,Alexander,Clear,"Sideswipe, Same Direction",no,no,no,no,yes,False
101187421,METROPOLITAN NASHVILLE POLICE DEPT,20160395127,Davidson,Madison,4/30/2016 7:34:00 PM,2,0,0,36.262870,-86.681110,STATE RT 45,,,,55.00,Feet,West,RIO VISTA DR,,,,0.00,N,Not at Intersection,N,Non-Junction,None,,,         ,Carlos,Urrutia,Cloudy,Front to Rear,no,no,no,no,no,False
101187422,METROPOLITAN NASHVILLE POLICE DEPT,20160406095,Davidson,Nashville,5/4/2016 2:37:00 PM,2,0,0,36.113950,-86.810880,WOODMONT BLVD,,,,0.00,,,HILLSBORO PKE,,,,0.00,Y,Four-Way, ,Intersection,None,,,         ,Clyde,Stambaugh,Clear,Front to Rear,no,no,no,no,no,False
101187423,METROPOLITAN NASHVILLE POLICE DEPT,20160406186,Davidson,Nashville,5/4/2016 2:37:00 PM,3,0,0,36.113990,-86.811320,WOODMONT BLVD,,,,131.00,Feet,West,HILLSBORO PKE,,,,0.00,N,Not at Intersection,N,Non-Junction,None,,,         ,Clyde,Stambaugh,Rain,Front to Rear,no,no,no,no,no,False
101187425,METROPOLITAN NASHVILLE POLICE DEPT,20160406206,Davidson,Nashville,5/4/2016 3:03:00 PM,2,0,0,36.138020,-86.795450,17TH AVS,,,,215.00,Feet,North,DOROTHY PL,,,,0.00,N,Not at Intersection, ,Non-Junction,None,,,         ,Jacob,Masteller,Clear,Front to Rear,no,no,no,no,no,False
101187434,METROPOLITAN NASHVILLE POLICE DEPT,20160406115,Davidson,Nashville,5/4/2016 3:10:00 PM,1,1,0,36.104670,-86.729000,SOUTHLAKE DR,,,,53.00,Feet,South,LAKE PARK DR,,,,0.00,N,Not at Intersection,N,Non-Junction,None,,,         ,Ian,Lynch,Clear,Not Collision with Motor Vehicle in Transport,no,no,no,yes,no,False
101187438,METROPOLITAN NASHVILLE POLICE DEPT,20160406149,Davidson,Nashville,5/4/2016 3:21:00 PM,2,1,0,36.141540,-86.740550,MURFREESBORO PKE,,,,0.00,,,FOSTER AV,,,,0.00,Y,T-Intersection,N,Intersection,None,,,         ,Bryan,Byrnes,Clear,"Sideswipe, Same Direction",no,no,no,no,yes,False
101187446,BERRY HILL POLICE DEPT,16-1589,Davidson,Nashville,5/4/2016 4:05:00 PM,2,0,0,36.118320,-86.751670,KLINE AV,,,,0.00,,,NEWSOME ST,,,,0.00,Y,T-Intersection, ,Intersection,None,,,         ,Monty,Sands,Clear,Angle,no,no,no,no,no,False
101187450,METROPOLITAN NASHVILLE POLICE DEPT,20160406195,Davidson,Nashville,5/4/2016 2:58:00 PM,2,0,0,36.082170,-86.651950,UNA ANTIOCH PKE,,,,0.00,,,PICCADILLY ROW,,,,0.00,Y,T-Intersection, ,,None,,,         ,Matthew,Johnson,,,no,no,no,no,no,False
101187460,METROPOLITAN NASHVILLE POLICE DEPT,20160406177,Davidson,Nashville,5/4/2016 3:20:00 PM,2,0,0,36.153710,-86.844490,I 40,,,,0.00,,,,,,,204.70,N,Not at Intersection, ,Entrance/Exit Ramp Related,None,,,         ,Zachary,Ronan,Clear,"Sideswipe, Same Direction",no,no,no,no,no,False
101187481,METROPOLITAN NASHVILLE POLICE DEPT,20160406106,Davidson,Nashville,5/4/2016 3:05:00 PM,6,2,0,36.043030,-86.654810,I 24,,,,0.00,,,,,,,59.70,N,Not at Intersection,N,Non-Junction,None,,,         ,William,Durham,Rain,Front to Rear,no,no,no,no,yes,False
101187484,METROPOLITAN NASHVILLE POLICE DEPT,20160406448,Davidson,Nashville,5/4/2016 4:59:00 PM,2,2,0,36.217570,-86.588350,BIG HORN DR,,,,850.00,Feet,North,LEBANON PKE,,,,0.00,N,Not at Intersection,N,Non-Junction,None,,,         ,Tyler,Conrads,Rain,Front to Rear,no,no,no,no,no,False
101187486,METROPOLITAN NASHVILLE POLICE DEPT,2016-0403065,Davidson,Nashville,5/3/2016 5:53:00 PM,2,0,0,36.041210,-86.779550,FRANKLIN PIKE CIR,,,,125.00,Feet,North,OLD HICKORY BLVD,,,,0.00,N,Not at Intersection, ,"Driveway, Alley Access, etc",None,,,         ,William,King,Clear,Angle,no,no,no,no,no,False
101187490,METROPOLITAN NASHVILLE POLICE DEPT,20160406598,Davidson,Nashville,5/4/2016 5:42:00 PM,2,0,0,36.142530,-86.631580,ELM HILL PKE,,,,0.00,,,NOBLE VALLEY DR,,,,0.00,Y,T-Intersection, ,Intersection,None,,,         ,Michael,Apsey,Cloudy,Front to Rear,no,no,no,no,no,False
101187492,METROPOLITAN NASHVILLE POLICE DEPT,2016-0406112,Davidson,Nashville,5/4/2016 2:58:00 PM,2,1,0,36.189690,-86.687430,BRILEY PKWY N EXT RAMP,,,,0.00,Feet,,STONES RIVER GRNWY,,,,0.00,Y,T-Intersection,N,Entrance/Exit Ramp Related,None,,,         ,Sandra,Talavera,Clear,Angle,no,no,no,no,no,False
101187497,METROPOLITAN NASHVILLE POLICE DEPT,20160406500,Davidson,Nashville,5/4/2016 5:14:00 PM,3,0,0,36.108670,-86.812140,GLEN ECHO RD,,,,0.00,,,US HWY 431,,,,0.00,Y,Four-Way, ,Intersection,None,,,         ,Megan,Lamon,Clear,Front to Rear,no,no,no,no,no,False
101187498,METROPOLITAN NASHVILLE POLICE DEPT,20160399576,Davidson,Nashville,5/2/2016 3:29:00 PM,1,0,0,36.238520,-86.783890,I24 W ENT RAMP,,,,123.00,Feet,West,I 24,,,,0.00,N,Not at Intersection, ,,None,,,         ,Carlos,Urrutia,,,no,no,no,no,no,False
101187505,METROPOLITAN NASHVILLE POLICE DEPT,20160405890,Davidson,Nashville,5/4/2016 1:37:00 PM,2,0,0,36.110760,-86.742720,THOMPSON LN,,,,72.00,Feet,East,FOSTER AV,,,,0.00,N,Not at Intersection, ,Non-Junction,None,,,         ,Jessie,Meadows,Rain,Front to Rear,no,no,no,no,no,False
101187506,METROPOLITAN NASHVILLE POLICE DEPT,20160406012,Davidson,Nashville,5/4/2016 2:13:00 PM,2,0,0,36.071670,-86.635960,MURFREESBORO PKE,,,,96.00,Feet,South,BELL RD,,,,0.00,N,Not at Intersection,N,Non-Junction,None,,,         ,Jessie,Meadows,Rain,HeadOn,no,no,no,no,no,False
101187507,METROPOLITAN NASHVILLE POLICE DEPT,20160406203,Davidson,Nashville,5/4/2016 3:50:00 PM,2,0,0,36.064120,-86.629180,HAMILTON CHURCH RD,,,,323.00,Feet,South,MURFREESBORO PKE,,,,0.00,N,Not at Intersection,N,Non-Junction,None,,,         ,Jessie,Meadows,Rain,Angle,no,no,no,no,no,False
101187508,METROPOLITAN NASHVILLE POLICE DEPT,20160405942,Davidson,Nashville,5/4/2016 4:08:00 PM,2,0,0,36.109180,-86.725900,BRILEY PKWYS,,,,156.00,Feet,West,BRILEY PKWYN,,,,0.00,N,Not at Intersection, ,Non-Junction,None,,,         ,Jessie,Meadows,Rain,Front to Rear,no,no,no,no,no,False
101187510,METROPOLITAN NASHVILLE POLICE DEPT,20160406520,Davidson,Nashville,5/4/2016 5:15:00 PM,2,0,0,36.151020,-86.783860,DIVISION ST,,,,214.00,Feet,West,MAGAZINE ST,,,,0.00,N,Not at Intersection,N,Non-Junction,None,,,         ,Jason,Thomas,Clear,Front to Rear,no,no,no,no,yes,False
101187512,METROPOLITAN NASHVILLE POLICE DEPT,20160406657,Davidson,Nashville,5/4/2016 6:22:00 PM,2,1,0,36.045360,-86.702590,OLD HICKORY BLVD,,,,268.00,Feet,West,BENZING RD,,,,0.00,N,Not at Intersection,N,Non-Junction,None,,,         ,Larry,Preuett,Clear,Front to Rear,no,no,no,no,no,False
101187516,METROPOLITAN NASHVILLE POLICE DEPT,20160406589,Davidson,Nashville,5/4/2016 5:20:00 PM,2,0,0,36.170560,-86.797930,I 40,,,,0.00,,,,,,,208.00,N,Not at Intersection,N,Non-Junction,None,,,         ,Royce,McLester,Rain,Front to Rear,no,no,no,no,no,False
101187519,METROPOLITAN NASHVILLE POLICE DEPT,20160406670,Davidson,Nashville,5/4/2016 5:44:00 PM,1,0,0,36.170190,-86.669770,KNOBVIEW DR,,,,0.00,,,,,,,0.00,,, ,,None,,,         ,Mikala,Moore,,,no,no,no,no,no,False
101187520,METROPOLITAN NASHVILLE POLICE DEPT,20160406548,Davidson,Nashville,5/4/2016 5:30:00 PM,2,0,0,36.239860,-86.770690,BRILEY PKWYW,,,,253.00,Feet,South,BRILEY PKWYE,,,,0.00,N,Not at Intersection,N,Non-Junction,None,,,         ,Samuel,Miller,Cloudy,Front to Rear,no,no,no,no,no,False
101187521,METROPOLITAN NASHVILLE POLICE DEPT,20160406456,Davidson,Not in City Limit,5/4/2016 4:10:00 PM,2,0,0,36.269260,-86.755740,OLD HICKORY BLVDW,,,,0.00,,,DICKERSON PKE,,,,0.00,Y,Four-Way,Y,Intersection-Related,None,,,         ,Samuel,Miller,Cloudy,Front to Rear,no,no,no,no,yes,False
101187531,METROPOLITAN NASHVILLE POLICE DEPT,20160406549,Davidson,Nashville,5/4/2016 5:30:00 PM,2,0,0,36.186950,-86.768040,CLEVELAND ST,,,,0.00,,,MERIDIAN ST,,,,0.00,Y,Four-Way,N,Intersection,None,,,         ,Myriah,Iles,Cloudy,Angle,no,no,no,no,no,False
101187533,METROPOLITAN NASHVILLE POLICE DEPT,20160406540,Davidson,Nashville,5/4/2016 5:32:00 PM,2,0,0,36.174280,-86.787420,JEFFERSON ST,,,,0.00,,,5TH AVN,,,,0.00,Y,OTHER, ,Non-Junction,None,,,         ,Jacob,Partin,Rain,Not Collision with Motor Vehicle in Transport,no,no,no,no,no,False
101187534,METROPOLITAN NASHVILLE POLICE DEPT,20160406505,Davidson,Nashville,5/4/2016 5:17:00 PM,1,0,0,36.239710,-86.775260,BRILEY PKWYW,,,,334.00,Feet,West,BRILEY PKWYE,,,,0.00,N,Not at Intersection, ,Non-Junction,None,,,         ,Samuel,Miller,Rain,Not Collision with Motor Vehicle in Transport,no,no,no,no,no,False
101187535,METROPOLITAN NASHVILLE POLICE DEPT,20160406682,Davidson,Not in City Limit,5/4/2016 6:40:00 PM,1,0,0,36.262270,-86.711790,E OLD HICKORY BLVD,,,,126.00,Feet,East,GALLATIN PKES,,,,0.00,N,Not at Intersection,N,Non-Junction,None,,,         ,Corteze,Armstrong,Clear,Not Collision with Motor Vehicle in Transport,no,no,no,no,no,False
101187537,METROPOLITAN NASHVILLE POLICE DEPT,20160406602,Davidson,Nashville,5/4/2016 12:00:00 AM,2,1,0,36.126240,-86.711930,EAST THOMPSON LN,,,,298.00,Feet,West,THOMPSON PL,,,,0.00,N,Not at Intersection,N,Non-Junction,None,,,         ,Ian,Lynch,Clear,"Sideswipe, Same Direction",no,no,no,no,no,False
101187539,METROPOLITAN NASHVILLE POLICE DEPT,20160406460,Davidson,Nashville,5/4/2016 4:59:00 PM,2,0,0,36.156560,-86.665000,EMERY DR,,,,0.00,Feet,East,DONELSON PKE,,,,0.00,N,Not at Intersection,N,Non-Junction,None,,,         ,Bradley,McIntyre,Rain,Angle,no,no,no,no,no,False
101187540,METROPOLITAN NASHVILLE POLICE DEPT,20160406668,Davidson,Nashville,5/4/2016 6:05:00 PM,2,0,0,36.152670,-86.787400,I 40,,,,0.00,,,,,,,209.40,N,Not at Intersection, ,Non-Junction,None,,,         ,Eric,Burford,Clear,Angle,no,no,no,no,no,False
101187541,METROPOLITAN NASHVILLE POLICE DEPT,20160406599,Davidson,Nashville,5/4/2016 5:59:00 PM,2,2,0,36.154270,-86.848670,DELAWARE AV,,,,0.00,,,51ST AVN,,,,0.00,Y,Four-Way,N,Intersection-Related,None,,,         ,Shaun,Heath,Clear,Other,no,no,no,no,no,False
101187542,METROPOLITAN NASHVILLE POLICE DEPT,20160406675,Davidson,Nashville,5/4/2016 6:35:00 PM,2,2,0,36.142300,-86.709900,I 40,,,,0.00,,,,,,,214.20,N,Not at Intersection,Y,Non-Junction,None,,,         ,Marcus,Mitchell,Clear,Front to Rear,no,no,no,no,no,False
101187552,METROPOLITAN NASHVILLE POLICE DEPT,20160406507,Davidson,Nashville,5/4/2016 5:17:00 PM,2,1,0,36.144170,-86.697990,I 40,,,,0.00,,,,,,,214.85,N,Not at Intersection,N,Non-Junction,None,,,         ,Brian,Smith,,Front to Rear,no,no,no,no,no,False
101187566,METROPOLITAN NASHVILLE POLICE DEPT,20160406463,Davidson,Nashville,5/4/2016 4:58:00 PM,3,1,0,36.144110,-86.822250,I 440,,,,0.00,,,,,,,1.05,N,Not at Intersection,N,Non-Junction,None,,,         ,Clyde,Stambaugh,Clear,Front to Rear,no,no,no,no,no,False
101187569,METROPOLITAN NASHVILLE POLICE DEPT,20160406217,Davidson,Nashville,5/4/2016 3:37:00 PM,2,0,0,36.149620,-86.798020,BROADWAY,,,,0.00,,,20TH AVS,,,,0.00,Y,T-Intersection, ,Non-Junction,None,,,         ,David,Collins,Clear,"Sideswipe, Same Direction",no,no,no,no,no,Campus
101187572,METROPOLITAN NASHVILLE POLICE DEPT,20160406508,Davidson,Nashville,5/4/2016 5:10:00 PM,2,1,0,36.177130,-86.809830,OSAGE ST,,,,0.00,,,DR D B TODD JR BLVD,,,,0.00,Y,T-Intersection,N,Intersection-Related,None,,,         ,Andy,Esqueda,Cloudy,Angle,no,no,no,no,no,False
101187573,METROPOLITAN NASHVILLE POLICE DEPT,20160406196,Davidson,Not in City Limit,5/4/2016 3:37:00 PM,2,0,0,36.264940,-86.738230,OLD HICKORY BLVDW,,,,0.00,,,I65 S ENT RAMP,,,,0.00,Y,OTHER,Y,Entrance/Exit Ramp Related,None,,,         ,Samuel,Miller,Cloudy,Front to Rear,no,no,no,no,no,False
101187579,METROPOLITAN NASHVILLE POLICE DEPT,20160406772,Davidson,Nashville,5/4/2016 5:39:00 PM,2,1,0,36.040900,-86.779380,STONE BROOK DR,,,,0.00,,,FRANKLIN PIKE CIR,,,,0.00,Y,Four-Way,N,Intersection,None,,,         ,Clyde,Stambaugh,Clear,Front to Rear,no,no,no,no,yes,False