master_record_number,agency,agency_tracking_number,county,city,collision_date,vehicles_involved,number_injured,number_dead,latitude,longitude,roadway_name,roadway_suffix,roadway_number,roadway_local_id,distance_from_reference,miles-feet_indicator,direction_from_reference,intersection_road_name,intersection_road_name_suffix,intersection_road_number,intersection_local_id,mile_marker,intersection_indicator,intersect_type,interchange_related_indicator,relation_to_junction,work_zone_type,construction_maintenance_zone,construction_maintenance_zone_location,fatal_case_number,officer_first_name,officer_last_name,weather_condition(s),manner_of_crash,pedestrian,bicycle,scooter,parking,hitrun,mou
101187588,METROPOLITAN NASHVILLE POLICE DEPT,20160406851,Davidson,Nashville,5/4/2016 8:01:00 PM,2,0,0,36.090330,-86.626500,SMITH SPRINGS RD,,,,0.00,,,BELL RD,,,,0.00,Y,Four-Way,N,Intersection,None,,,         ,Michael,Apsey,Cloudy,Angle,no,no,no,no,yes,False
101187592,METROPOLITAN NASHVILLE POLICE DEPT,20160406754,Davidson,Nashville,5/4/2016 7:26:00 PM,2,0,0,36.167670,-86.663330,LEBANON PKE,,,,4.00,Feet,West,DONELSON PKE,,,,0.00,N,Not at Intersection, ,,None,,,         ,Bradley,McIntyre,,,no,no,no,no,no,False
101187602,BERRY HILL POLICE DEPT,16-1566,Davidson,Berry Hill,5/2/2016 3:31:00 PM,2,0,0,36.120590,-86.764050,MELROSE AV,,,,78.00,Feet,West,FOUR FORTY CENTER PVTDR,,,,0.00,N,Not at Intersection, ,Non-Junction,None,,,         ,John,Gleixner,Cloudy,Front to Rear,no,no,no,no,no,False
101187621,METROPOLITAN NASHVILLE POLICE DEPT,20160406902,Davidson,Antioch,5/4/2016 8:31:00 PM,2,1,0,36.025530,-86.587330,MURFREESBORO PKE,,,,0.00,,,W NIR SHREIBMAN BLVD,,,,0.00,Y,Four-Way,Y,Intersection,None,,,         ,Larry,Preuett,Clear,Front to Rear,no,no,no,no,no,False
101187623,METROPOLITAN NASHVILLE POLICE DEPT,20160406791,Davidson,Nashville,5/4/2016 7:40:00 PM,2,2,0,36.152590,-86.830980,38TH AVN,,,,0.00,,,CHARLOTTE AV,,,,0.00,Y,T-Intersection,N,Intersection,None,,,         ,Brandon,Pedigo,Cloudy,Angle,no,no,no,no,yes,False
101187630,METROPOLITAN NASHVILLE POLICE DEPT,20160407071,Davidson,Nashville,5/4/2016 10:00:00 PM,2,0,0,36.124580,-86.696300,BRILEY PKWY,,,,131.00,Feet,North,VULTEE BLVD,,,,0.00,N,Not at Intersection, ,,None,,,         ,Thomas,Barnes,,,no,no,no,no,no,False
101187642,METROPOLITAN NASHVILLE POLICE DEPT,20160406693,Davidson,Nashville,5/4/2016 6:30:00 PM,3,0,0,36.109310,-86.727470,BRILEY PKWYN,,,,177.00,Feet,East,BRILEY PKWYS,,,,0.00,N,Not at Intersection,N,Non-Junction,None,,,         ,Darryl,Williams,Clear,Front to Rear,no,no,no,no,no,False
101187643,METROPOLITAN NASHVILLE POLICE DEPT,20160406736,Davidson,Nashville,5/4/2016 5:57:00 PM,3,0,0,36.037510,-86.786520,US HWY 31,,,,0.00,,,STATE HWY 254,,,,0.00,Y,Four-Way, ,Intersection,None,,,         ,Megan,Lamon,Clear,Front to Rear,no,no,no,no,no,False
101187645,METROPOLITAN NASHVILLE POLICE DEPT,20160407087,Davidson,Nashville,5/4/2016 9:29:00 PM,3,0,0,36.248050,-86.720330,GALLATIN PKES,,,,0.00,,,DUE WEST AVE,,,,0.00,Y,Four-Way, ,Intersection-Related,None,,,         ,Samuel,Miller,Clear,Front to Rear,no,no,no,no,no,False
101187646,METROPOLITAN NASHVILLE POLICE DEPT,20160407042,Davidson,Nashville,5/4/2016 9:05:00 PM,2,0,0,36.183500,-86.610760,OLD HICKORY BLVD,,,,0.00,,,ANDREW JACKSON PKWY,,,,0.00,Y,Four-Way, ,Intersection,None,,,         ,Codey,Mullins,Cloudy,Front to Rear,no,no,no,no,no,False
101187649,METROPOLITAN NASHVILLE POLICE DEPT,20160403423,Davidson,Nashville,5/3/2016 8:24:00 PM,2,0,0,36.067250,-86.718350,NOLENSVILLE PKE,,,,245.00,Feet,North,NORTHCREST DR,,,,0.00,N,Not at Intersection, ,Non-Junction,None,,,         ,Miguel,Garcia,Clear,Front to Rear,no,no,no,no,no,False
101187650,METROPOLITAN NASHVILLE POLICE DEPT,20160406077,Davidson,Not in City Limit,5/4/2016 3:37:00 PM,3,0,0,36.002120,-86.696510,NOLENSVILLE PKE,,,,279.00,Feet,North,ANDER DR,,,,0.00,N,Not at Intersection, ,Non-Junction,None,,,         ,Miguel,Garcia,Clear,Front to Rear,no,no,no,no,no,False
101187651,METROPOLITAN NASHVILLE POLICE DEPT,20160406211,Davidson,Nashville,5/4/2016 3:16:00 PM,2,0,0,36.062350,-86.739980,EDMONDSON PKE,,,,253.00,Feet,North,ELLINGTON AG CENTER PVTDR,,,,0.00,N,Not at Intersection, ,Non-Junction,None,,,         ,Miguel,Garcia,Clear,Front to Rear,no,no,no,no,no,False
101187653,METROPOLITAN NASHVILLE POLICE DEPT,20160406948,Davidson,Nashville,5/4/2016 7:35:00 PM,2,0,0,36.125820,-86.846490,KENNER AV,,,,0.00,,,HARDING PKE,,,,0.00,Y,Four-Way, ,Intersection,None,,,         ,Mark,Hatt,Clear,Angle,no,no,no,no,no,False
101187666,METROPOLITAN NASHVILLE POLICE DEPT,20160393639,Davidson,Nashville,4/30/2016 12:45:00 AM,2,0,0,36.205350,-86.821250,TUCKER RD,,,,281.00,Feet,North,BUENA VISTA PKE,,,,0.00,N,Not at Intersection,N,Non-Junction,None,,,         ,Garet,Davidson,Clear,Rear to Rear,no,no,no,yes,yes,False
101187695,METROPOLITAN NASHVILLE POLICE DEPT,20160406443,Davidson,Nashville,5/4/2016 4:57:00 PM,2,0,0,36.101760,-86.730470,SOUTHLAKE DR,,,,89.00,Feet,South,ELKMONT DR,,,,0.00,N,Not at Intersection,N,Non-Junction,None,,,         ,William,Durham,Rain,Front to Rear,no,no,no,no,yes,False
101187696,METROPOLITAN NASHVILLE POLICE DEPT,20160406453,Davidson,Nashville,5/4/2016 6:14:00 PM,2,0,0,36.096170,-86.708300,I 24,,,,0.00,,,,,,,54.90,N,Not at Intersection, ,Non-Junction,None,,,         ,Jessie,Meadows,Clear,Front to Rear,no,no,no,no,no,False
101187707,METROPOLITAN NASHVILLE POLICE DEPT,20160406601,Davidson,Nashville,5/4/2016 5:54:00 PM,2,0,0,36.105850,-86.718410,I 24,,,,0.00,,,,,,,54.00,N,Not at Intersection,N,Non-Junction,None,,,         ,William,Durham,Cloudy,Front to Rear,no,no,no,no,no,False
101187712,METROPOLITAN NASHVILLE POLICE DEPT,20160406896,Davidson,Nashville,5/4/2016 8:29:00 PM,2,1,0,36.054830,-86.642510,BELL RD,,,,71.00,Feet,South,ZELIDA AV,,,,0.00,N,Not at Intersection,N,Non-Junction,None,,,         ,William,Durham,Cloudy,Front to Rear,no,no,no,no,yes,False
101187715,METROPOLITAN NASHVILLE POLICE DEPT,20160406127,Davidson,Nashville,5/4/2016 3:10:00 PM,3,2,0,36.078510,-86.643290,MURFREESBORO PKE,,,,107.00,Feet,West,MARTWAY DR,,,,0.00,N,Not at Intersection,Y,Non-Junction,None,,,         ,Reuben,Hewit,Clear,Angle,no,no,no,no,no,False
101187719,METROPOLITAN NASHVILLE POLICE DEPT,20160407033,Davidson,Not in City Limit,5/4/2016 9:18:00 PM,2,2,0,36.023180,-86.686070,BARNES RD,,,,0.00,Feet,West,STANFORD VILLAGE DR,,,,0.00,N,Not at Intersection,N,Non-Junction,None,,,         ,William,Durham,Cloudy,"Sideswipe, Same Direction",no,no,no,no,no,False
101187721,METROPOLITAN NASHVILLE POLICE DEPT,20160404400,Davidson,Nashville,5/4/2016 2:07:00 AM,1,0,0,36.238850,-86.779340,BRILEY PKWY W EXT RAMP,,,,490.00,Feet,East,BRILEY PKWYW,,,,0.00,N,Not at Intersection,Y,Entrance/Exit Ramp Related,None,,,         ,Christina,Buckner,Clear,Not Collision with Motor Vehicle in Transport,no,no,no,no,yes,False
101187724,METROPOLITAN NASHVILLE POLICE DEPT,20160407524,Davidson,Not in City Limit,5/5/2016 12:00:00 AM,1,0,0,36.115170,-87.003900,OLD CHARLOTTE PKE,,,,635.00,Feet,North,MANNING HOLLOW RD,,,,0.00,N,Not at Intersection,N,Non-Junction,None,,,         ,Aaron,Wigginton,Clear,Not Collision with Motor Vehicle in Transport,no,no,no,no,no,False
101187728,METROPOLITAN NASHVILLE POLICE DEPT,20160407485,Davidson,Nashville,5/5/2016 12:14:00 AM,1,0,0,36.041860,-86.703390,CEDARMONT DR,,,,93.00,Feet,South,CEDARVIEW DR,,,,0.00,N,Not at Intersection,N,Non-Junction,None,,,         ,Justin,McCormick,Clear,Not Collision with Motor Vehicle in Transport,no,no,no,no,no,False
101187787,METROPOLITAN NASHVILLE POLICE DEPT,20160401301,Davidson,Not in City Limit,5/3/2016 12:00:00 AM,1,1,0,36.262470,-86.737480,I65 N EXT RAMP,,,,0.00,,,I 65,,,,0.00,Y,OTHER,N,Entrance/Exit Ramp Related,None,,,         ,Chad,Brown,Clear,Not Collision with Motor Vehicle in Transport,no,no,no,no,no,False
101187820,METROPOLITAN NASHVILLE POLICE DEPT,20160407472,Davidson,Nashville,5/4/2016 11:49:00 PM,2,1,0,36.169180,-86.578280,I 40,,,,0.00,,,,,,,222.10,N,Not at Intersection,N,Non-Junction,None,,,         ,Blake,Giles,Clear,Front to Rear,no,no,no,no,no,False
101187822,METROPOLITAN NASHVILLE POLICE DEPT,20160391236,Davidson,Not in City Limit,5/1/2016 9:57:00 AM,2,1,0,36.263810,-86.711660,GALLATIN PKEN,,,,0.00,Feet,East,OLD TIME VILLAGE PVTDR,,,,0.00,N,Not at Intersection,N,Non-Junction,None,,,         ,Brandon,Wood,Clear,Angle,no,no,no,no,no,False
101187833,METROPOLITAN NASHVILLE POLICE DEPT,20160399322,Davidson,Nashville,5/2/2016 12:59:00 PM,2,0,0,36.113140,-86.800010,BELMONT BLVD,,,,32.00,Feet,North,WOODMONT BLVD,,,,0.00,N,Not at Intersection, ,Non-Junction,None,,,         ,Paul,Joyner,Cloudy,Front to Rear,no,no,no,no,no,False
101187835,METROPOLITAN NASHVILLE POLICE DEPT,20160396518,Davidson,Goodlettsville,5/1/2016 11:09:00 AM,2,0,0,36.290770,-86.703590,GALLATIN PKEN,,,,0.00,,,ALTUS AV,,,,0.00,Y,T-Intersection, ,Intersection-Related,None,,,         ,Brandon,Wood,Clear,Angle,no,no,no,no,no,False
101187844,METROPOLITAN NASHVILLE POLICE DEPT,2016-0408372,Davidson,Not in City Limit,5/5/2016 7:10:00 AM,2,0,0,36.078540,-86.950810,HIGHWAY 70S,,,,0.00,,,BELLEVUE CTR PVTDR,,,,0.00,Y,Four-Way,N,Intersection,None,,,         ,Curtis,Rich,Cloudy,Front to Rear,no,no,no,no,no,False
101187855,METROPOLITAN NASHVILLE POLICE DEPT,20160408348,Davidson,Nashville,5/5/2016 7:00:00 AM,2,0,0,36.155800,-86.827300,I 40,,,,0.00,,,,,,,205.65,N,Not at Intersection, ,Non-Junction,None,,,         ,Jordan,Vrbas,Clear,"Sideswipe, Same Direction",no,no,no,no,yes,False
101187856,METROPOLITAN NASHVILLE POLICE DEPT,20160408390,Davidson,Nashville,5/5/2016 7:26:00 AM,3,0,0,36.041180,-86.776650,OLD HICKORY BLVD,,,,131.00,Feet,West,BRENTWOOD COMMONS WAY,,,,0.00,N,Not at Intersection, ,Non-Junction,None,,,         ,Nathan,Kemp,Clear,Front to Rear,no,no,no,no,no,False
101187862,METROPOLITAN NASHVILLE POLICE DEPT,2016-0399224,Davidson,Nashville,5/2/2016 12:25:00 PM,2,0,0,36.156310,-86.787300,12TH,,,,0.00,,South,,,,,1.00,N,Not at Intersection, ,Non-Junction,None,,,         ,Daniel,Russett,Rain,Angle,no,no,no,no,no,False
101187867,METROPOLITAN NASHVILLE POLICE DEPT,20160408436,Davidson,Nashville,5/5/2016 7:15:00 AM,2,0,0,36.168570,-86.813360,I40 E EXT RAMP,,,,0.00,,,I 40,,,,0.00,Y,Y-Intersection, ,Entrance/Exit Ramp Related,None,,,         ,Nathan,Mayo,Clear,Front to Rear,no,no,no,no,no,False
101187868,METROPOLITAN NASHVILLE POLICE DEPT,20160406009,Davidson,Not in City Limit,5/4/2016 2:20:00 PM,1,0,0,36.277990,-86.754180,HUNTERS LN,,,,0.00,,,YOEST DR,,,,0.00,Y,T-Intersection,Y,Intersection-Related,None,,,         ,Jeffery,Burnette,Clear,Not Collision with Motor Vehicle in Transport,no,no,no,no,no,False
101187871,METROPOLITAN NASHVILLE POLICE DEPT,20160408412,Davidson,Nashville,5/5/2016 7:33:00 AM,2,0,0,36.152740,-86.828190,CHARLOTTE AV,,,,0.00,,,37TH AVN,,,,0.00,Y,T-Intersection,N,Intersection,None,,,         ,Darrell,Osment,Clear,Front to Rear,no,no,no,no,yes,False
101187873,METROPOLITAN NASHVILLE POLICE DEPT,20160408276,Davidson,Nashville,5/5/2016 6:23:00 AM,2,1,0,36.143640,-86.702520,I 40,,,,0.00,,,,,,,214.60,N,Not at Intersection,N,Non-Junction,None,,,         ,James,Curtis,Clear,Front to Rear,no,no,no,no,no,False
101187874,METROPOLITAN NASHVILLE POLICE DEPT,20160408454,Davidson,Nashville,5/5/2016 8:30:00 AM,2,0,0,36.168200,-86.765960,I 24,,,,0.00,,,,,,,48.80,N,Not at Intersection, ,,None,,,         ,Michael,Johnson,,,no,no,no,no,no,False
101187877,METROPOLITAN NASHVILLE POLICE DEPT,20160408492,Davidson,Nashville,5/5/2016 8:02:00 AM,2,0,0,36.111000,-86.770990,I 65,,,,0.00,,,,,,,79.80,N,Not at Intersection,N,Non-Junction,None,,,         ,Harold,Willmore IV,Clear,Front to Rear,no,no,no,no,no,False
101187887,METROPOLITAN NASHVILLE POLICE DEPT,20160408522,Davidson,Nashville,5/5/2016 9:02:00 AM,2,0,0,36.176910,-86.774550,SPRING ST,,,,0.00,,,N 1ST ST,,,,0.00,Y,Four-Way, ,,None,,,         ,Michael,Johnson,,,no,no,no,no,no,False
101187895,METROPOLITAN NASHVILLE POLICE DEPT,2016-399130,Davidson,Nashville,5/2/2016 8:44:00 AM,2,0,0,36.158410,-86.790610,GEORGE L DAVIS BLVD,,,,0.00,,,I40 W ENT RAMP,,,,0.00,Y,Four-Way, ,Intersection,None,,,         ,Daniel,Russett,Rain,Front to Rear,no,no,no,no,no,False
101187896,METROPOLITAN NASHVILLE POLICE DEPT,20160394392,Davidson,Nashville,4/30/2016 11:12:00 AM,3,1,0,36.172380,-86.807830,DR D B TODD JR BLVD,,,,0.00,,,KNOWLES ST,,,,0.00,Y,Four-Way,N,Non-Junction,None,,,         ,James,Wray,Rain,Not Collision with Motor Vehicle in Transport,no,no,no,no,yes,False
101187897,METROPOLITAN NASHVILLE POLICE DEPT,20160396311,Davidson,Nashville,5/1/2016 12:00:00 AM,3,1,0,36.177780,-86.805940,14TH AVN,,,,0.00,,,WHELESS ST,,,,0.00,Y,Four-Way,N,Non-Junction,None,,,         ,James,Wray,Rain,Front to Rear,no,no,no,no,yes,False
101187899,METROPOLITAN NASHVILLE POLICE DEPT,20160408378,Davidson,Nashville,5/5/2016 7:30:00 AM,3,0,0,36.172850,-86.649100,LEBANON PKE,,,,146.00,Feet,East,DISSPAYNE DR,,,,0.00,N,Not at Intersection, ,Non-Junction,None,,,         ,Roy,Sain Jr.,Clear,Front to Rear,no,no,no,no,no,False
101187900,METROPOLITAN NASHVILLE POLICE DEPT,20160408461,Davidson,Nashville,5/5/2016 7:53:00 AM,2,0,0,36.170920,-86.798420,I 40,,,,0.00,,,,,,,208.00,N,Not at Intersection, ,Non-Junction,None,,,         ,Akira,McSwain,Clear,Front to Rear,no,no,no,no,no,False
101187905,GOODLETTSVILLE POLICE DEPT,16-15974,Davidson,Goodlettsville,5/1/2016 1:00:00 PM,2,3,0,36.302591,-86.695445,RIVERGATE PKWY,,,RIVERGATE MALL,0.00,,,FOOD COURT PARKING LOT,,,,0.00,Y,T-Intersection,N,"Driveway, Alley Access, etc",None,,,         ,John,Spencer,Clear,"Sideswipe, Opposite Direction",no,no,no,yes,no,False
101187915,Nashville Airport Police,2016-1112,Davidson,Nashville,5/4/2016 7:26:00 AM,2,0,0,36.108310,-86.671930,DONELSON PKE,,,,521.00,Feet,South,KNAPP BLVD,,,,0.00,N,Not at Intersection,N,Non-Junction,None,,,         ,George,Rusho,Clear,Front to Rear,no,no,no,no,no,False
101187916,METROPOLITAN NASHVILLE POLICE DEPT,20160408538,Davidson,Nashville,5/5/2016 8:15:00 AM,2,1,0,36.153250,-86.821510,CHARLOTTE AV,,,,192.00,Feet,West,31ST AVN,,,,0.00,N,Not at Intersection,N,Non-Junction,None,,,         ,Gordon,Stovall,Clear,Front to Rear,no,no,no,no,no,False
101187923,METROPOLITAN NASHVILLE POLICE DEPT,2016-0506594,Davidson,Nashville,5/3/2016 11:15:00 AM,2,0,0,36.157880,-86.771430,1ST AVS,,,,0.00,,,HERMITAGE AV,,,,0.00,Y,T-Intersection, ,Intersection-Related,None,,,         ,Daniel,Massey,Clear,"Sideswipe, Same Direction",no,no,no,no,no,False
101187924,METROPOLITAN NASHVILLE POLICE DEPT,2016-0402235,Davidson,Nashville,5/3/2016 12:25:00 PM,2,0,0,36.154600,-86.786200,DEMONBREUN ST,,,,0.00,,,12TH AVS,,,,0.00,Y,Four-Way, ,Intersection-Related,None,,,         ,Daniel,Massey,Clear,Front to Rear,no,no,no,no,no,False
101187925,METROPOLITAN NASHVILLE POLICE DEPT,20160399364,Davidson,Nashville,5/2/2016 1:43:00 PM,2,1,0,36.153710,-86.771160,ELM ST,,,,0.00,,,3RD AVS,,,,0.00,Y,Four-Way,N,Intersection,None,,,         ,Daniel,Russett,Rain,Angle,no,no,no,no,no,False
101187929,METROPOLITAN NASHVILLE POLICE DEPT,20150405919,Davidson,Nashville,5/4/2016 1:34:00 PM,2,0,0,36.183820,-86.748370,EASTLAND AV,,,,0.00,,,GALLATIN AV,,,,0.00,Y,OTHER,N,Non-Junction,None,,,         ,Randal,Owsley,Rain,Angle,no,no,no,no,no,False
101187930,METROPOLITAN NASHVILLE POLICE DEPT,20160408747,Davidson,Nashville,5/5/2016 9:31:00 AM,2,0,0,36.080120,-86.758480,TROUSDALE DR,,,,188.00,Feet,North,RICHMAR DR,,,,0.00,N,Not at Intersection, ,Non-Junction,None,,,         ,Micah,Wright,Cloudy,"Sideswipe, Same Direction",no,no,no,no,no,False
101187931,METROPOLITAN NASHVILLE POLICE DEPT,20160408770,Davidson,Nashville,5/5/2016 9:13:00 AM,2,0,0,36.057710,-86.621030,MURFREESBORO PKE,,,,0.64,Miles,South,HAMILTON CHURCH RD,,,,0.00,N,Not at Intersection,N,Non-Junction,None,,,         ,Brian,Lamb,Clear,Front to Rear,no,no,no,no,yes,False
101187935,THP District 9 - Administrative,316026619,Davidson,Nashville,5/5/2016 7:12:00 AM,2,0,0,36.169920,-86.590680,I 40,,,,0.00,,,,,,,221.40,N,Not at Intersection, ,Non-Junction,None,,,         ,Kevin,Kennett,Clear,Front to Rear,no,no,no,no,no,False
101187939,THP District 3 - Nashville,316026209,Davidson,Nashville,5/3/2016 3:03:00 PM,2,0,0,36.230300,-86.582500,SAUNDERSVILLE,,,,50.00,Feet,East,MATTERHORN,,,,0.00,N,Not at Intersection,N,Non-Junction,None,,,         ,Jeremy,Austin,Clear,"Sideswipe, Opposite Direction",no,no,no,no,yes,False
101187943,METROPOLITAN NASHVILLE POLICE DEPT,2016-0406334,Davidson,Nashville,5/4/2016 4:10:00 PM,2,0,0,36.127320,-86.815330,I 440,,,,0.00,,,,,,,2.20,N,Not at Intersection,N,Non-Junction,None,,,         ,Walter,Gray II,Cloudy,Front to Rear,no,no,no,no,no,False
101187945,METROPOLITAN NASHVILLE POLICE DEPT,20160399351,Davidson,Nashville,5/2/2016 1:30:00 PM,2,1,0,36.193350,-86.753290,ELLINGTON PKWY S ENT RAMP,,,,0.00,,,DOUGLAS AV,,,,0.00,Y,Four-Way,Y,Entrance/Exit Ramp Related,None,,,         ,Randall,Smith,Cloudy,Other,no,no,no,no,no,False
101187946,METROPOLITAN NASHVILLE POLICE DEPT,2016-0391501,Davidson,Nashville,4/29/2016 11:02:00 AM,2,0,0,36.126700,-86.711090,MURFREESBORO PKE,,,,0.00,,,EAST THOMPSON LN,,,,0.00,Y,Four-Way,N,Intersection,None,,,         ,William,Whitworth,Cloudy,Angle,no,no,no,no,no,False
101187947,METROPOLITAN NASHVILLE POLICE DEPT,20160405974,Davidson,Nashville,5/4/2016 1:50:00 PM,3,0,0,36.062470,-86.625960,MURFREESBORO PKE,,,,1126.00,Feet,South,HAMILTON CHURCH RD,,,,0.00,N,Not at Intersection, ,Non-Junction,None,,,         ,Julius,Gallon,Rain,Front to Rear,no,no,no,no,no,False
101187951,METROPOLITAN NASHVILLE POLICE DEPT,20160408914,Davidson,Nashville,5/5/2016 11:05:00 AM,2,0,0,36.133050,-86.726870,I24E,,,,79.00,Feet,East,I24 W EXT RAMP,,,,0.00,N,Not at Intersection, ,Non-Junction,None,,,         ,Jessie,Meadows,Clear,Front to Rear,no,no,no,no,no,False
101187953,METROPOLITAN NASHVILLE POLICE DEPT,20160408620,Davidson,Not in City Limit,5/5/2016 8:40:00 AM,2,2,0,36.263000,-86.680930,STATE HWY 45,,,,0.00,,,RIO VISTA DR,,,,0.00,Y,Four-Way,N,Intersection,None,,,         ,Brian,Otto,Cloudy,Angle,no,no,no,no,no,False
101187967,METROPOLITAN NASHVILLE POLICE DEPT,2016-0408327,Davidson,Nashville,5/5/2016 6:55:00 AM,3,0,0,36.165160,-86.765090,I24 E EXT RAMP,,,,0.00,,,I 24,,,,0.00,Y,Four-Way,Y,Entrance/Exit Ramp Related,None,,,         ,Paul,Sorace,Clear,"Sideswipe, Opposite Direction",no,no,no,no,no,False
101187980,METROPOLITAN NASHVILLE POLICE DEPT,2016-0406396,Davidson,Nashville,5/4/2016 3:37:00 PM,2,0,0,36.171690,-86.865480,CENTENNIAL BLVD,,,,91.00,Feet,East,BRILEY PKWY N ENT RAMP,,,,0.00,N,Not at Intersection,N,Non-Junction,None,,,         ,Walter,Gray II,Cloudy,"Sideswipe, Same Direction",no,no,no,no,no,False
101188008,METROPOLITAN NASHVILLE POLICE DEPT,20160409392,Davidson,Nashville,5/5/2016 12:45:00 PM,1,1,0,36.214130,-86.730760,GALLATIN PKE,,,,0.00,,,GILLOCK ST,,,,0.00,Y,T-Intersection,N,Intersection,None,,,         ,Jared,Eaves,Clear,Not Collision with Motor Vehicle in Transport,yes,no,no,no,no,False
101188021,METROPOLITAN NASHVILLE POLICE DEPT,20160409034,Davidson,Nashville,5/5/2016 11:08:00 AM,2,0,0,36.101220,-86.818430,HILLSBORO PKE,,,,132.00,Feet,North,OVERHILL DR,,,,0.00,N,Not at Intersection,N,Non-Junction,None,,,         ,Justin,Fox,Cloudy,Angle,no,no,no,no,no,False
101188023,METROPOLITAN NASHVILLE POLICE DEPT,20160409428,Davidson,Nashville,5/5/2016 1:03:00 PM,1,0,0,36.099860,-86.669130,TOWN PARK DR,,,,416.00,Feet,South,D VILLE DR,,,,0.00,N,Not at Intersection, ,Non-Junction,None,,,         ,Jessie,Meadows,Clear,Not Collision with Motor Vehicle in Transport,no,no,no,no,no,False
101188036,METROPOLITAN NASHVILLE POLICE DEPT,20160409365,Davidson,Not in City Limit,5/5/2016 12:00:00 PM,2,0,0,36.272390,-86.704310,BIXLER AV,,,,280.00,Feet,South,ANDERSON LN,,,,0.00,N,Not at Intersection, ,Non-Junction,None,,,         ,Julie,Nabors,Clear,Rear to Side,no,no,no,no,no,False
101188047,METROPOLITAN NASHVILLE POLICE DEPT,2016-0406545,Davidson,Nashville,5/4/2016 5:26:00 PM,4,0,0,36.152080,-86.791360,DIVISION ST,,,,0.00,,,DEMONBREUN ST,,,,0.00,Y,Roundabout,Y,Intersection-Related,None,,,         ,Chaz,Pace,Rain,"Sideswipe, Same Direction",no,no,no,no,yes,False
101188048,METROPOLITAN NASHVILLE POLICE DEPT,2016-0409471,Davidson,Nashville,5/5/2016 1:07:00 PM,2,0,0,36.150090,-86.858200,CHARLOTTE PKE,,,,75.00,Feet,West,WHITE BRIDGE PKE,,,,0.00,N,Not at Intersection, ,Non-Junction,None,,,         ,Walter,Gray II,Cloudy,"Sideswipe, Same Direction",no,no,no,no,no,False
101188050,METROPOLITAN NASHVILLE POLICE DEPT,20160409111,Davidson,Nashville,5/5/2016 11:41:00 AM,2,1,0,36.204690,-86.750480,E TRINITY LN,,,,33.00,Feet,West,ELLINGTON PKWYS,,,,0.00,N,Not at Intersection,N,Entrance/Exit Ramp Related,None,,,         ,Jared,Eaves,Clear,Front to Rear,no,no,no,no,no,False
101188062,METROPOLITAN NASHVILLE POLICE DEPT,20160409211,Davidson,Nashville,5/5/2016 12:00:00 PM,2,0,0,36.161070,-86.793730,14TH AVN,,,,0.00,,,I40 E EXT RAMP,,,,0.00,Y,Y-Intersection, ,Non-Junction,None,,,         ,Akira,McSwain,Clear,Angle,no,no,no,no,no,False
101188073,METROPOLITAN NASHVILLE POLICE DEPT,2016-0409570,Davidson,Nashville,5/5/2016 2:00:00 PM,2,0,0,36.154000,-86.840170,I 40,,,,0.00,,,,,,,204.95,N,Not at Intersection, ,,None,,,         ,Curtis,Rich,,,no,no,no,no,no,False
101188086,METROPOLITAN NASHVILLE POLICE DEPT,20160409598,Davidson,Nashville,5/5/2016 1:41:00 PM,2,0,0,36.112540,-86.747500,GRANDVIEW AV,,,,11.00,Feet,South,MCCLAIN AV,,,,0.00,N,Not at Intersection, ,Non-Junction,None,,,         ,Gary,Sneed,Cloudy,Angle,no,no,no,no,no,False
101188094,METROPOLITAN NASHVILLE POLICE DEPT,20160407070,Davidson,Nashville,5/4/2016 9:34:00 PM,2,0,0,36.191020,-86.798950,ROSA L PARKS BLVD,,,,0.00,,,VANTAGE WAY,,,,0.00,Y,Four-Way,Y,Intersection,None,,,         ,Matthew,Dixon,Clear,Front to Rear,no,no,no,no,yes,False
101188099,Nashville Airport Police,2016-001128,Davidson,Nashville,5/5/2016 1:10:00 PM,2,0,0,0.000000,0.000000,OLEN TAYLOR DRIVE,DR,,,100.00,Feet,East,HANGAR LANE,LN,,,0.00,N,Not at Intersection, ,Non-Junction,None,,,         ,Brian,Wolters,Cloudy,Other,no,no,no,yes,no,False
101188119,METROPOLITAN NASHVILLE POLICE DEPT,2016-0409334,Davidson,Nashville,5/5/2016 12:00:00 PM,2,0,0,36.168560,-86.766170,I 24,,,,0.00,,,,,,,48.80,N,Not at Intersection, ,Non-Junction,None,,,         ,William,Whitworth,Cloudy,Other,no,no,no,no,no,False
101188131,METROPOLITAN NASHVILLE POLICE DEPT,20160409691,Davidson,Nashville,5/5/2016 2:40:00 PM,1,0,0,36.175700,-86.672000,KNOBVIEW DR,,,,223.00,Feet,North,LINCOYA DR,,,,0.00,N,Not at Intersection,N,OtherLocation,None,,,         ,Mikala,Moore,Cloudy,Not Collision with Motor Vehicle in Transport,no,no,no,no,no,False
101188135,METROPOLITAN NASHVILLE POLICE DEPT,2016-0409009,Davidson,Nashville,5/5/2016 11:00:00 AM,2,0,0,36.039500,-86.737690,OLD HICKORY BLVD,,,,0.00,,,MYRTLEWOOD DR,,,,0.00,Y,T-Intersection,N,Non-Junction,None,,,         ,Keith,Covert,Cloudy,Front to Rear,no,no,no,no,no,False
101188141,METROPOLITAN NASHVILLE POLICE DEPT,20160409689,Davidson,Nashville,5/5/2016 2:40:00 PM,2,0,0,36.191860,-86.781130,I 65,,,,0.00,,,,,,,86.25,N,Not at Intersection,N,Non-Junction,None,,,         ,Caleb,Rogan,Clear,Front to Rear,no,no,no,no,no,False
101188150,THP District 9 - Administrative,316026271,Davidson,Nashville,5/3/2016 5:46:00 PM,2,0,0,36.078790,-86.837000,TYNE BLVD,,,,0.00,,,HILLSBORO PKE,,,,0.00,Y,Four-Way, ,Intersection,None,,,         ,Kelly,Kirby,Clear,Angle,no,no,no,no,no,False