master_record_number,agency,agency_tracking_number,county,city,collision_date,vehicles_involved,number_injured,number_dead,latitude,longitude,roadway_name,roadway_suffix,roadway_number,roadway_local_id,distance_from_reference,miles-feet_indicator,direction_from_reference,intersection_road_name,intersection_road_name_suffix,intersection_road_number,intersection_local_id,mile_marker,intersection_indicator,intersect_type,interchange_related_indicator,relation_to_junction,work_zone_type,construction_maintenance_zone,construction_maintenance_zone_location,fatal_case_number,officer_first_name,officer_last_name,weather_condition(s),manner_of_crash,pedestrian,bicycle,scooter,parking,hitrun,mou
101188617,METROPOLITAN NASHVILLE POLICE DEPT,2016-0408549,Davidson,Nashville,5/5/2016 8:25:00 AM,2,1,0,36.154600,-86.786200,12TH AVS,,,,0.00,,,DEMONBREUN ST,,,,0.00,Y,Four-Way,N,Intersection,None,,,         ,Daniel,Russett,Clear,Front to Rear,no,no,no,no,no,False
101188618,METROPOLITAN NASHVILLE POLICE DEPT,20160412449,Davidson,Nashville,5/6/2016 7:35:00 AM,2,0,0,36.071980,-86.841500,HILLSBORO PKE,,,,0.00,Feet,East,CASTLEWOOD CT,,,,0.00,N,Not at Intersection, ,"Driveway, Alley Access, etc",None,,,         ,Ronald,Raynore,Clear,Angle,no,no,no,no,no,False
101188619,METROPOLITAN NASHVILLE POLICE DEPT,20160409683,Davidson,Nashville,5/5/2016 2:25:00 PM,1,1,0,36.048250,-86.713610,NOLENSVILLE PKE,,,,250.00,Feet,South,HICKORYVIEW DR,,,,0.00,N,Not at Intersection,N,Non-Junction,None,,,         ,Randall,Combs,Clear,Not Collision with Motor Vehicle in Transport,no,no,no,no,no,False
101188636,METROPOLITAN NASHVILLE POLICE DEPT,20160412518,Davidson,Nashville,5/6/2016 8:16:00 AM,2,0,0,36.080230,-86.696340,I 24,,,,0.00,,,,,,,56.20,N,Not at Intersection, ,,None,,,         ,Robert,Erickson,,,no,no,no,no,no,False
101188643,METROPOLITAN NASHVILLE POLICE DEPT,20160412331,Davidson,Not in City Limit,5/6/2016 6:50:00 AM,2,0,0,36.322220,-86.859130,I 24,,,,0.00,,,,,,,35.50,N,Not at Intersection, ,Non-Junction,None,,,         ,Alan,Jordan,Clear,Front to Rear,no,no,no,no,no,False
101188651,METROPOLITAN NASHVILLE POLICE DEPT,20160412529,Davidson,Nashville,5/6/2016 8:30:00 AM,2,0,0,36.078500,-86.744940,STATE HWY 255,,,,0.00,,,,,,,0.00,,, ,Intersection-Related,None,,,         ,Nathan,Smith,Clear,Front to Rear,no,no,no,no,no,False
101188665,METROPOLITAN NASHVILLE POLICE DEPT,20160408294,Davidson,Nashville,5/5/2016 6:37:00 AM,8,4,0,36.028370,-86.635960,I 24,,,,0.00,,,,,,,61.20,N,Not at Intersection,N,Non-Junction,None,,,         ,Kenneth,Alexandrow,Clear,Other,no,no,no,no,no,False
101188666,METROPOLITAN NASHVILLE POLICE DEPT,20160412635,Davidson,Not in City Limit,5/6/2016 9:07:00 AM,1,1,0,36.262760,-86.686330,E OLD HICKORY BLVD,,,,271.00,Feet,East,ARCHWOOD DR,,,,0.00,N,Not at Intersection,N,Non-Junction,None,,,         ,Brian,Otto,Clear,Not Collision with Motor Vehicle in Transport,no,no,no,no,no,False
101188671,METROPOLITAN NASHVILLE POLICE DEPT,20160412636,Davidson,Nashville,5/6/2016 9:03:00 AM,2,0,0,36.201940,-86.776850,I 65,,,,0.00,,,,,,,87.00,N,Not at Intersection, ,,None,,,         ,Michael,McCord,,,no,no,no,no,no,False
101188672,METROPOLITAN NASHVILLE POLICE DEPT,20160412591,Davidson,Not in City Limit,5/6/2016 7:40:00 AM,2,0,0,36.324540,-86.872390,I 24,,,,0.00,,,,,,,34.70,N,Not at Intersection, ,,None,,,         ,Kyle,Sanderson,,,no,no,no,no,no,False
101188678,BELLE MEADE POLICE DEPT,16-0097,Davidson,Belle Meade,5/6/2016 8:13:00 AM,2,0,0,36.109720,-86.856410,BELLE MEADE BLVD,,,,0.00,,,JACKSON BLVD,,,,0.00,Y,Four-Way,N,Intersection,None,,,         ,Doris,Howell,Clear,Angle,no,no,no,no,no,False
101188681,METROPOLITAN NASHVILLE POLICE DEPT,20160412691,Davidson,Nashville,5/6/2016 9:44:00 AM,1,0,0,36.141380,-86.776520,I 65,,,,0.00,,,,,,,81.90,N,Not at Intersection, ,Non-Junction,None,,,         ,Justin,Fox,Clear,Not Collision with Motor Vehicle in Transport,no,no,no,no,no,False
101188696,METROPOLITAN NASHVILLE POLICE DEPT,20160412917,Davidson,Nashville,5/6/2016 10:48:00 AM,2,0,0,36.192840,-86.829900,CLARKSVILLE PKE,,,,312.00,Feet,West,CLIFF DR,,,,0.00,N,Not at Intersection, ,Non-Junction,None,,,         ,Michael,Parman,Clear,Front to Rear,no,no,no,no,no,False
101188699,METROPOLITAN NASHVILLE POLICE DEPT,20160412822,Davidson,Antioch,5/6/2016 11:10:00 AM,1,0,0,36.032670,-86.569650,W NIR SHRIEBMAN RD,,,,392.00,Feet,North,CONSTITUTION AVE,,,,0.00,N,Not at Intersection,N,Non-Junction,None,,,         ,Jessie,Meadows,Clear,Not Collision with Motor Vehicle in Transport,no,no,no,no,no,False
101188700,METROPOLITAN NASHVILLE POLICE DEPT,20160412483,Davidson,Nashville,5/6/2016 8:00:00 AM,2,0,0,36.068960,-86.688880,I 24,,,,0.00,,,,,,,57.05,N,Not at Intersection, ,Non-Junction,None,,,         ,Jason,Dudley,Clear,Front to Rear,no,no,no,no,no,False
101188718,METROPOLITAN NASHVILLE POLICE DEPT,20160412968,Davidson,Nashville,5/6/2016 11:04:00 AM,1,0,0,36.042080,-86.776150,BRENTWOOD COMMONS WAY,,,,343.00,Feet,North,OLD HICKORY BLVD,,,,0.00,N,Not at Intersection, ,Non-Junction,None,,,         ,Ronald,Raynore,Clear,Not Collision with Motor Vehicle in Transport,no,no,no,no,no,False
101188732,METROPOLITAN NASHVILLE POLICE DEPT,20160412718,Davidson,Nashville,5/6/2016 11:59:00 AM,2,0,0,36.120440,-86.750550,MELROSE AV,,,,17.00,Feet,East,GRANDVIEW AV,,,,0.00,N,Not at Intersection, ,Non-Junction,None,,,         ,Jessie,Meadows,Clear,Angle,no,no,no,no,no,False
101188733,METROPOLITAN NASHVILLE POLICE DEPT,20160412585,Davidson,Nashville,5/5/2016 9:00:00 PM,1,0,0,36.152290,-86.804890,STATE ST,,,,197.00,Feet,South,22ND AVN,,,,0.00,N,Not at Intersection,N,Non-Junction,None,,,         ,Darrell,Osment,Clear,Not Collision with Motor Vehicle in Transport,no,no,no,yes,yes,False
101188738,METROPOLITAN NASHVILLE POLICE DEPT,20160412999,Davidson,Nashville,5/6/2016 11:13:00 AM,2,1,0,36.040910,-86.774170,OLD HICKORY BLVD,,,,208.00,Feet,West,AMERICAN GENERAL WAY,,,,0.00,N,Not at Intersection,N,Non-Junction,None,,,         ,Phillip,Murphy,Clear,Front to Rear,no,no,no,no,no,False
101188745,METROPOLITAN NASHVILLE POLICE DEPT,2016-0413198,Davidson,Nashville,5/6/2016 12:10:00 PM,2,3,0,36.048910,-86.868570,OLD HICKORY BLVD,,,,356.00,Feet,East,CHICKERING MEADOW,,,,0.00,N,Not at Intersection,N,Non-Junction,None,,,         ,Curtis,Rich,Clear,Front to Rear,no,no,no,no,no,False
101188746,VANDERBILT UNIVERSITY POLICE,16-0413156,Davidson,Nashville,5/6/2016 11:49:00 AM,2,0,0,36.146070,-86.799550,SCARRITT PL,,,,0.00,,,21ST AVS,,,,0.00,Y,Four-Way, ,Intersection-Related,None,,,         ,Samuel,McClain,Clear,Front to Rear,no,no,no,no,no,Campus
101188747,METROPOLITAN NASHVILLE POLICE DEPT,20160413226,Davidson,Nashville,5/6/2016 1:06:00 PM,1,0,0,36.072610,-86.667050,JASON DR,,,,166.00,Feet,North,APOLLO DR,,,,0.00,N,Not at Intersection, ,,None,,,         ,Jessie,Meadows,,,no,no,no,no,no,False
101188758,METROPOLITAN NASHVILLE POLICE DEPT,20160410306,Davidson,Nashville,5/5/2016 6:26:00 PM,2,0,0,36.070700,-86.636610,BELL RD,,,,446.00,Feet,South,MURFREESBORO PKE,,,,0.00,N,Not at Intersection, ,Non-Junction,None,,,         ,Richard,Olive,Clear,Angle,no,no,no,no,no,False
101188762,METROPOLITAN NASHVILLE POLICE DEPT,20160412710,Davidson,Nashville,5/6/2016 12:00:00 AM,2,0,0,36.170130,-86.739010,SHELBY AV,,,,0.00,,,S 18TH ST,,,,0.00,Y,OTHER,N,Non-Junction,None,,,         ,Michael,Johnson,Cloudy,Unknown,no,no,no,no,yes,False
101188785,GOODLETTSVILLE POLICE DEPT,16-16565,Davidson,Goodlettsville,5/6/2016 11:38:00 AM,2,1,0,36.326110,-86.699510,NORTHCREEK,BLVD,,KROGER PARKING LOT,0.00,Feet,East,NORTHCREEK,BLVD,,KROGER PARKING LOT,0.00,N,Not at Intersection,N,"Driveway, Alley Access, etc",None,,,         ,Benny,Alexander,Clear,Angle,no,no,no,yes,no,False
101188787,METROPOLITAN NASHVILLE POLICE DEPT,20160413277,Davidson,Nashville,5/6/2016 12:44:00 PM,2,0,0,36.039530,-86.781730,I65 N EXT RAMP,,,,0.00,,,I 65,,,,0.00,Y,OTHER,Y,Entrance/Exit Ramp Related,None,,,         ,Ronald,Raynore,Clear,Front to Rear,no,no,no,no,no,False
101188792,METROPOLITAN NASHVILLE POLICE DEPT,2016-0413369,Davidson,Nashville,5/6/2016 1:22:00 PM,2,0,0,36.099220,-86.871940,HARDING PKE,,,,89.00,Feet,East,HEADY DR,,,,0.00,N,Not at Intersection, ,,None,,,         ,Curtis,Rich,,,no,no,no,no,no,False
101188793,METROPOLITAN NASHVILLE POLICE DEPT,2016-0412828,Davidson,Nashville,5/6/2016 10:05:00 AM,2,0,0,36.138260,-86.765420,HAMILTON AV,,,,391.00,Feet,East,PILLOW ST,,,,0.00,N,Not at Intersection, ,Non-Junction,None,,,         ,Harold,Willmore IV,Clear,Front to Rear,no,no,no,no,no,False
101188800,METROPOLITAN NASHVILLE POLICE DEPT,20160413030,Davidson,Not in City Limit,5/6/2016 11:20:00 AM,2,0,0,36.157650,-86.571470,JOHN HAGAR RD,,,,538.00,Feet,East,GOLDFINCH CIR,,,,0.00,N,Not at Intersection, ,"Driveway, Alley Access, etc",None,,,         ,Gregory,Lindstrom,Clear,Angle,no,no,no,no,no,False
101188802,METROPOLITAN NASHVILLE POLICE DEPT,20160406886,Davidson,Nashville,5/4/2016 8:17:00 PM,2,0,0,36.061300,-86.716680,NOLENSVILLE PKE,,,,0.00,,,MCMURRAY DR,,,,0.00,Y,T-Intersection, ,Non-Junction,None,,,         ,Miguel,Garcia,Clear,Front to Rear,no,no,no,no,no,False
101188808,METROPOLITAN NASHVILLE POLICE DEPT,20160413320,Davidson,Nashville,5/6/2016 12:45:00 PM,2,0,0,36.136550,-86.727200,I24 E EXT RAMP,,,,0.00,Feet,East,I 24,,,,0.00,N,Not at Intersection, ,Entrance/Exit Ramp Related,None,,,         ,Terrance,Stuckey,Clear,Front to Rear,no,no,no,no,no,False
101188818,METROPOLITAN NASHVILLE POLICE DEPT,20160412352,Davidson,Nashville,5/6/2016 7:20:00 AM,4,3,0,36.092640,-86.705160,I 24,,,,0.00,,,,,,,55.20,N,Not at Intersection,N,Non-Junction,None,,,         ,David,Simmonds,Clear,Front to Rear,no,no,no,no,no,False
101188821,METROPOLITAN NASHVILLE POLICE DEPT,20160413463,Davidson,Nashville,5/6/2016 2:18:00 PM,2,0,0,36.066520,-86.717870,NOLENSVILLE PKE,,,,57.00,Feet,South,NORTHCREST DR,,,,0.00,N,Not at Intersection, ,Non-Junction,None,,,         ,Jessie,Meadows,Clear,Front to Rear,no,no,no,no,no,False
101188822,METROPOLITAN NASHVILLE POLICE DEPT,2016-0413267,Davidson,Nashville,5/6/2016 12:33:00 PM,2,0,0,36.171400,-86.794120,PHILLIPS ST,,,,0.00,,,10TH AVN,,,,0.00,Y,Four-Way,N,Intersection,None,,,         ,Paul,Sorace,Clear,Angle,no,no,no,no,yes,False
101188824,METROPOLITAN NASHVILLE POLICE DEPT,2016-0413451,Davidson,Not in City Limit,5/6/2016 1:40:00 PM,2,0,0,36.076770,-86.965980,I 40,,,,0.00,,,,,,,195.70,N,Not at Intersection,N,Non-Junction,None,,,         ,Douglas,Atwood,Clear,"Sideswipe, Same Direction",no,no,no,no,no,False
101188847,METROPOLITAN NASHVILLE POLICE DEPT,2016-0410270,Davidson,Nashville,5/5/2016 5:32:00 PM,2,0,0,36.153010,-86.857450,I40 W EXT RAMP,,,,50.00,Feet,East,BRILEY PKWY,,,,0.00,N,Not at Intersection,N,Non-Junction,None,,,         ,Walter,Gray II,Cloudy,Other,no,no,no,no,yes,False
101188848,METROPOLITAN NASHVILLE POLICE DEPT,2016-0413285,Davidson,Nashville,5/6/2016 12:48:00 PM,2,0,0,36.151380,-86.852850,CHARLOTTE AV,,,,234.00,Feet,East,RICHLAND CREEK SHOPPING CENTER,,,,0.00,N,Not at Intersection,N,Non-Junction,None,,,         ,Walter,Gray II,Cloudy,Angle,no,no,no,no,no,False
101188853,METROPOLITAN NASHVILLE POLICE DEPT,20160411196,Davidson,Nashville,5/5/2016 9:20:00 PM,2,0,0,36.206180,-86.772300,W TRINITY LN,,,,356.00,Feet,West,LUCAS LN,,,,0.00,N,Not at Intersection,N,Non-Junction,None,,,         ,Charles,Wakefield,Clear,"Sideswipe, Same Direction",no,no,no,no,yes,False
101188865,METROPOLITAN NASHVILLE POLICE DEPT,2016-0405933,Davidson,Nashville,5/4/2016 1:31:00 PM,2,0,0,36.165310,-86.783150,6TH AVN,,,,0.00,,,CHARLOTTE AV,,,,0.00,Y,T-Intersection, ,,None,,,         ,William,Vincion,,,no,no,no,no,no,False
101188889,METROPOLITAN NASHVILLE POLICE DEPT,2016-0413347,Davidson,Nashville,5/6/2016 1:08:00 PM,2,1,0,36.150380,-86.857020,CHARLOTTE PKE,,,,107.00,Feet,East,ORLANDO AV,,,,0.00,N,Not at Intersection,N,Non-Junction,None,,,         ,Walter,Gray II,Clear,Angle,no,no,no,no,no,False
101188899,METROPOLITAN NASHVILLE POLICE DEPT,20160413669,Davidson,Nashville,5/6/2016 2:25:00 PM,3,0,0,36.120530,-86.750020,NOLENSVILLE PKE,,,,0.00,,,I440 E ENT RAMP,,,,0.00,Y,Four-Way,N,Non-Junction,None,,,         ,Jonathan,Frith,Clear,Front to Rear,no,no,no,no,no,False
101188917,METROPOLITAN NASHVILLE POLICE DEPT,20160413619,Davidson,Nashville,5/6/2016 3:00:00 PM,2,0,0,36.192560,-86.829440,CLARKSVILLE PKE,,,,142.00,Feet,West,CLIFF DR,,,,0.00,N,Not at Intersection, ,,None,,,         ,Melvin,Taylor,,,no,no,no,no,no,False
101188919,METROPOLITAN NASHVILLE POLICE DEPT,2016-0410532,Davidson,Nashville,5/5/2016 6:43:00 PM,3,0,0,36.081100,-86.758360,HARDING PL,,,,0.00,,,TROUSDALE DR,,,,0.00,Y,Four-Way, ,Intersection-Related,None,,,         ,William,King,Clear,Front to Rear,no,no,no,no,no,False
101188948,METROPOLITAN NASHVILLE POLICE DEPT,20160413755,Davidson,Nashville,5/6/2016 3:48:00 PM,2,0,0,36.183420,-86.773840,DICKERSON PKE,,,,89.00,Feet,North,GRACE ST,,,,0.00,N,Not at Intersection, ,,None,,,         ,Charles,Wakefield,,,no,no,no,no,no,False
101188954,METROPOLITAN NASHVILLE POLICE DEPT,20160413771,Davidson,Nashville,5/6/2016 3:57:00 PM,2,1,0,36.116420,-86.798880,I 440,,,,0.00,,,,,,,3.30,N,Not at Intersection,N,Non-Junction,None,,,         ,Nicholas,Smith,Clear,Front to Rear,no,no,no,no,no,False
101188955,METROPOLITAN NASHVILLE POLICE DEPT,20160413745,Davidson,Goodlettsville,5/6/2016 3:43:00 PM,2,0,0,36.294440,-86.717650,I 65,,,,0.00,,,,,,,94.65,N,Not at Intersection, ,Non-Junction,None,,,         ,Lawrence,Lacy,Clear,Front to Rear,no,no,no,no,no,False
101188958,METROPOLITAN NASHVILLE POLICE DEPT,20160413676,Davidson,Nashville,5/6/2016 3:01:00 PM,2,0,0,36.158180,-86.791230,I 40,,,,0.00,,,,,,,209.00,N,Not at Intersection, ,Non-Junction,None,,,         ,Maria,Cortez,Clear,Front to Rear,no,no,no,no,no,False
101188960,METROPOLITAN NASHVILLE POLICE DEPT,20160413696,Davidson,Nashville,5/6/2016 3:20:00 PM,2,0,0,36.153940,-86.857620,BRILEY PKWY S EXT RAMP,,,,0.00,,,ROBERTSON AV,,,,0.00,Y,Four-Way, ,,None,,,         ,Barrett,Teague,,,no,no,no,no,no,False
101188970,METROPOLITAN NASHVILLE POLICE DEPT,20160413754,Davidson,Nashville,5/6/2016 3:38:00 PM,2,0,0,36.131240,-86.756210,NOLENSVILLE PKE,,,,153.00,Feet,North,WOODYCREST AV,,,,0.00,N,Not at Intersection,N,Non-Junction,None,,,         ,Jacob,Masteller,Clear,Front to Rear,no,no,no,no,no,False
101188982,METROPOLITAN NASHVILLE POLICE DEPT,20160413782,Davidson,Not in City Limit,5/6/2016 3:50:00 PM,2,0,0,36.271820,-86.689600,MYATT DR,,,,100.00,Feet,South,ANDERSON LN,,,,0.00,N,Not at Intersection,N,Non-Junction,None,,,         ,Peter,Knisley,Clear,Angle,no,no,no,no,no,False
101188987,METROPOLITAN NASHVILLE POLICE DEPT,2016-0413880,Davidson,Nashville,5/6/2016 4:23:00 PM,2,0,0,36.148950,-86.822610,I 440,,,,0.00,,,,,,,1.40,N,Not at Intersection, ,Non-Junction,None,,,         ,Ryan,Allen,Clear,Front to Rear,no,no,no,no,no,False
101188997,THP District 9 - Administrative,316026888,Davidson,Nashville,5/6/2016 11:34:00 AM,2,0,0,36.125350,-86.742390,FOSTER AVE,,,,0.00,,,GLENROSE AVE,,,,0.00,Y,Four-Way, ,Intersection,None,,,         ,Raymond,Gaskill,Clear,Angle,no,no,no,no,no,False
101188999,METROPOLITAN NASHVILLE POLICE DEPT,20160413883,Davidson,Nashville,5/6/2016 4:24:00 PM,3,1,0,36.176900,-86.774400,SPRING ST,,,,52.00,Feet,East,N 1ST ST,,,,0.00,N,Not at Intersection,N,Non-Junction,None,,,         ,Caleb,Rogan,Clear,Front to Rear,no,no,no,no,no,False
101189011,METROPOLITAN NASHVILLE POLICE DEPT,20160413998,Davidson,Nashville,5/6/2016 5:00:00 PM,2,0,0,36.165740,-86.764420,I 24,,,,0.00,,,,,,,49.00,N,Not at Intersection, ,,None,,,         ,Caleb,Rogan,,,no,no,no,no,no,False
101189013,METROPOLITAN NASHVILLE POLICE DEPT,20160414016,Davidson,Nashville,5/6/2016 4:55:00 PM,2,0,0,36.194120,-86.744380,STROUSE AV,,,,216.00,Feet,East,TREVECCA AV,,,,0.00,N,Not at Intersection, ,Non-Junction,None,,,         ,Christopher,Valdez,Clear,Angle,no,no,no,no,no,False
101189015,METROPOLITAN NASHVILLE POLICE DEPT,20160413901,Davidson,Nashville,5/6/2016 4:19:00 PM,2,1,0,36.154630,-86.779160,8TH AVS,,,,0.00,,,LAFAYETTE ST,,,,0.00,Y,Traffic Circle,N,Intersection,None,,,         ,Jason,King,Clear,"Sideswipe, Same Direction",no,no,no,no,no,False
101189016,METROPOLITAN NASHVILLE POLICE DEPT,20160414064,Davidson,Nashville,5/6/2016 5:17:00 PM,2,0,0,36.074170,-86.638350,MURFREESBORO PKE,,,,143.00,Feet,South,RURAL HILL RD,,,,0.00,N,Not at Intersection, ,Non-Junction,None,,,         ,Jarret,Sonnenberg,Clear,Front to Rear,no,no,no,no,no,False
101189017,METROPOLITAN NASHVILLE POLICE DEPT,20160411295,Davidson,Nashville,5/5/2016 9:55:00 PM,2,0,0,36.156010,-86.788830,13TH AVE S,,,,0.00,,,US HWY 70,,,,0.00,Y,Four-Way,Y,Intersection,None,,,         ,Wesley,Feinstein,Clear,Angle,no,no,no,no,no,False
101189018,METROPOLITAN NASHVILLE POLICE DEPT,20160414054,Davidson,Not in City Limit,5/6/2016 4:30:00 PM,2,0,0,36.262880,-86.737900,I 65,,,,0.00,,,,,,,92.15,N,Not at Intersection, ,,None,,,         ,Jerry,Pirtle,,,no,no,no,no,no,False
101189033,METROPOLITAN NASHVILLE POLICE DEPT,20160414254,Davidson,Nashville,5/6/2016 12:00:00 AM,2,0,0,36.204020,-86.739040,E TRINITY LN,,,,0.00,,,,,,,0.00,,, ,Non-Junction,None,,,         ,Christopher,Valdez,Clear,Angle,no,no,no,yes,yes,False
101189034,METROPOLITAN NASHVILLE POLICE DEPT,2016-0413718,Davidson,Nashville,5/6/2016 3:38:00 PM,1,2,0,36.084220,-86.920600,OLD HICKORY BLVD,,,,362.00,Feet,South,AMBERWOOD CIR,,,,0.00,N,Not at Intersection,N,Non-Junction,None,,,         ,Michael,Rogers,Clear,Not Collision with Motor Vehicle in Transport,no,no,no,no,no,False
101189037,METROPOLITAN NASHVILLE POLICE DEPT,20160414018,Davidson,Nashville,5/6/2016 5:03:00 PM,2,0,0,36.215070,-86.750010,BETHWOOD DR,,,,1400.00,Feet,East,OAKWOOD AV,,,,0.00,N,Not at Intersection,N,Non-Junction,None,,,         ,Joshua,Reece,Clear,Angle,no,no,no,no,no,False
101189057,METROPOLITAN NASHVILLE POLICE DEPT,20160414283,Davidson,Nashville,5/6/2016 5:45:00 PM,2,0,0,36.141690,-86.670680,I 40,,,,0.00,,,,,,,215.00,N,Not at Intersection, ,,None,,,         ,Bradley,McIntyre,,,no,no,no,no,no,False
101189060,METROPOLITAN NASHVILLE POLICE DEPT,20160413750,Davidson,Nashville,5/6/2016 1:52:00 PM,3,0,0,36.217160,-86.697820,MCGAVOCK PKE,,,,0.00,,,,,,,0.00,,, ,Non-Junction,None,,,         ,Mikala,Moore,Clear,Not Collision with Motor Vehicle in Transport,no,no,no,no,no,False
101189063,METROPOLITAN NASHVILLE POLICE DEPT,20160413602,Davidson,Nashville,5/6/2016 2:56:00 PM,2,0,0,36.192630,-86.778150,I 65,,,,0.00,,,,,,,86.45,N,Not at Intersection, ,Entrance/Exit Ramp Related,None,,,         ,Thomas,Burns,Clear,"Sideswipe, Same Direction",no,no,no,no,no,False
101189066,METROPOLITAN NASHVILLE POLICE DEPT,20160414320,Davidson,Nashville,5/6/2016 6:48:00 PM,2,2,0,36.129390,-86.816700,I 440,,,,0.00,,,,,,,2.00,N,Not at Intersection,N,Non-Junction,None,,,         ,Nicholas,Smith,Clear,Front to Rear,no,no,no,no,no,False
101189070,METROPOLITAN NASHVILLE POLICE DEPT,20160410313,Davidson,Nashville,5/5/2016 5:35:00 PM,2,1,0,36.145150,-86.740320,I 40,,,,0.00,,,,,,,212.25,N,Not at Intersection,N,Non-Junction,None,,,         ,Bradley,McIntyre,Clear,Front to Rear,no,no,no,no,no,False
101189075,METROPOLITAN NASHVILLE POLICE DEPT,20160414204,Davidson,Not in City Limit,5/6/2016 6:04:00 PM,4,2,0,36.041290,-86.961160,HIGHWAY 100,,,,0.00,,,CHAFFIN DR,,,,0.00,Y,T-Intersection,N,Intersection-Related,None,,,         ,John,Thomas,Clear,Front to Rear,no,no,no,no,no,False
101189076,METROPOLITAN NASHVILLE POLICE DEPT,20160414391,Davidson,Nashville,5/6/2016 6:59:00 PM,2,0,0,36.075950,-86.693980,I 24,,,,0.00,,,,,,,56.50,N,Not at Intersection,N,Non-Junction,None,,,         ,Oscar,Gomez,Clear,Front to Rear,no,no,no,no,yes,False
101189085,METROPOLITAN NASHVILLE POLICE DEPT,20160413792,Davidson,Nashville,5/6/2016 4:04:00 PM,3,3,0,36.084450,-86.647530,MURFREESBORO PKE,,,,302.00,Feet,North,BROOKSBORO PL,,,,0.00,N,Not at Intersection,N,Non-Junction,None,,,         ,Michael,Apsey,Clear,Front to Rear,no,no,no,no,no,False
101189086,METROPOLITAN NASHVILLE POLICE DEPT,2016-0414034,Davidson,Nashville,5/6/2016 4:27:00 PM,1,0,0,36.149830,-86.869030,EAST BEND DR,,,,0.00,,,OBRIEN AV,,,,0.00,Y,T-Intersection,N,Intersection,None,,,         ,Ryan,Allen,Clear,Not Collision with Motor Vehicle in Transport,no,no,no,no,no,False
101189087,METROPOLITAN NASHVILLE POLICE DEPT,20160410918,Davidson,Nashville,5/5/2016 8:30:00 PM,4,16,0,36.154710,-86.791870,BROADWAY,,,,342.00,Feet,East,16TH AVN,,,,0.00,N,Not at Intersection,N,Non-Junction,None,,,         ,Clyde,Stambaugh,Clear,Front to Rear,no,no,no,no,no,False
101189088,METROPOLITAN NASHVILLE POLICE DEPT,20160413897,Davidson,Nashville,5/6/2016 4:29:00 PM,2,0,0,36.149980,-86.784710,I 40,,,,0.00,,,,,,,209.55,N,Not at Intersection,N,Non-Junction,None,,,         ,Clyde,Stambaugh,Clear,Front to Rear,no,no,no,no,yes,False
101189089,METROPOLITAN NASHVILLE POLICE DEPT,20160414337,Davidson,Nashville,5/6/2016 5:38:00 PM,2,0,0,36.142710,-86.822510,I 440,,,,0.00,,,,,,,1.00,N,Not at Intersection, ,Non-Junction,None,,,         ,Clyde,Stambaugh,Clear,Front to Rear,no,no,no,no,no,False
101189099,METROPOLITAN NASHVILLE POLICE DEPT,20160414350,Davidson,Nashville,5/6/2016 6:40:00 PM,3,0,0,36.048560,-86.664820,I 24,,,,0.00,,,,,,,59.00,N,Not at Intersection,N,Non-Junction,None,,,         ,Darryl,Williams,Clear,Front to Rear,no,no,no,no,no,False
101189106,METROPOLITAN NASHVILLE POLICE DEPT,20160413751,Davidson,Nashville,5/6/2016 3:43:00 PM,2,0,0,36.171500,-86.765640,WOODLAND ST,,,,286.00,Feet,West,S 5TH ST,,,,0.00,N,Not at Intersection,N,Non-Junction,None,,,         ,Audrean,Manquero,Clear,Front to Rear,no,no,no,no,no,False
101189108,METROPOLITAN NASHVILLE POLICE DEPT,20160414138,Davidson,Nashville,5/6/2016 12:00:00 AM,2,0,0,36.174330,-86.758280,WOODLAND ST,,,,113.00,Feet,East,S 8TH ST,,,,0.00,N,Not at Intersection, ,Non-Junction,None,,,         ,Tyler,Adcock,Clear,Front to Rear,no,no,no,no,no,False
101189118,METROPOLITAN NASHVILLE POLICE DEPT,20160413884,Davidson,Nashville,5/6/2016 4:24:00 PM,1,1,0,36.247850,-86.742920,I 65,,,,0.00,,,,,,,91.00,N,Not at Intersection,N,Non-Junction,None,,,         ,Samuel,Miller,Clear,Not Collision with Motor Vehicle in Transport,no,no,no,no,no,False
101189119,METROPOLITAN NASHVILLE POLICE DEPT,20160414251,Davidson,Not in City Limit,5/6/2016 6:20:00 PM,2,1,0,36.264450,-86.732280,N GRAYCROFT AV,,,,0.00,,,OLD HICKORY BLVDW,,,,0.00,Y,Four-Way,Y,Intersection-Related,None,,,         ,Samuel,Miller,Clear,Front to Rear,no,no,no,no,no,False
101189123,METROPOLITAN NASHVILLE POLICE DEPT,2016-0414224,Davidson,Nashville,5/6/2016 5:20:00 PM,2,1,0,36.089960,-86.809270,HARDING PL,,,,194.00,Feet,East,SHYS HILL RD,,,,0.00,N,Not at Intersection,N,Non-Junction,None,,,         ,Candice,Soper,Clear,Front to Rear,no,no,no,no,no,False
101189125,METROPOLITAN NASHVILLE POLICE DEPT,20160414734,Davidson,Nashville,5/6/2016 8:55:00 PM,2,0,0,36.169550,-86.600990,I40 E EXT RAMP,,,,0.00,,,I 40,,,,0.00,Y,Four-Way,N,Entrance/Exit Ramp Related,None,,,         ,Tyler,Conrads,Clear,Front to Rear,no,no,no,no,yes,False
101189126,METROPOLITAN NASHVILLE POLICE DEPT,20160414723,Davidson,Nashville,5/6/2016 8:53:00 PM,2,0,0,36.044590,-86.725100,OLD HICKORY BLVD,,,,100.00,Feet,South,ENCLAVE CIR,,,,0.00,N,Not at Intersection,N,Non-Junction,None,,,         ,Clyde,Stambaugh,Clear,Front to Rear,no,no,no,no,no,False