master_record_number,agency,agency_tracking_number,county,city,collision_date,vehicles_involved,number_injured,number_dead,latitude,longitude,roadway_name,roadway_suffix,roadway_number,roadway_local_id,distance_from_reference,miles-feet_indicator,direction_from_reference,intersection_road_name,intersection_road_name_suffix,intersection_road_number,intersection_local_id,mile_marker,intersection_indicator,intersect_type,interchange_related_indicator,relation_to_junction,work_zone_type,construction_maintenance_zone,construction_maintenance_zone_location,fatal_case_number,officer_first_name,officer_last_name,weather_condition(s),manner_of_crash,pedestrian,bicycle,scooter,parking,hitrun,mou
101189133,METROPOLITAN NASHVILLE POLICE DEPT,20160414337,Davidson,Nashville,5/6/2016 5:38:00 PM,2,0,0,36.105980,-86.813240,HILLSBORO PKE,,,,0.00,,,,,,,0.00,,,N,Non-Junction,None,,,         ,Clyde,Stambaugh,Clear,"Sideswipe, Same Direction",no,no,no,no,yes,False
101189134,METROPOLITAN NASHVILLE POLICE DEPT,20160414717,Davidson,Nashville,5/6/2016 8:48:00 PM,1,1,0,36.168110,-86.796190,I 40,,,,0.00,,,,,,,208.20,N,Not at Intersection,N,Non-Junction,None,,,         ,Christian,Martin,Clear,Not Collision with Motor Vehicle in Transport,no,no,no,no,no,False
101189135,METROPOLITAN NASHVILLE POLICE DEPT,20160414727,Davidson,Nashville,5/6/2016 8:50:00 PM,2,1,0,36.073870,-86.623510,ANDERSON RD,,,,0.00,,,OWENDALE DR,,,,0.00,Y,Four-Way,N,Non-Junction,None,,,         ,Michael,Apsey,Clear,Angle,no,no,no,no,no,False
101189145,METROPOLITAN NASHVILLE POLICE DEPT,20160414751,Davidson,Nashville,5/6/2016 9:00:00 PM,1,0,0,35.991990,-86.609240,WOODCREST DR,,,,159.00,Feet,North,SUMMER HILL LN,,,,0.00,N,Not at Intersection,N,Non-Junction,None,,,         ,Alyson,Cook,Clear,Not Collision with Motor Vehicle in Transport,no,no,no,no,no,False
101189146,METROPOLITAN NASHVILLE POLICE DEPT,20160414331,Davidson,Nashville,5/6/2016 6:50:00 PM,3,1,0,36.039970,-86.742790,OLD HICKORY BLVD,,,,206.00,Feet,East,EDMONDSON PKE,,,,0.00,N,Not at Intersection,N,Non-Junction,None,,,         ,Jarred,Ruhlman,Clear,Front to Rear,no,no,no,no,no,False
101189147,METROPOLITAN NASHVILLE POLICE DEPT,20160413577,Davidson,Nashville,5/6/2016 2:50:00 PM,2,0,0,36.168490,-86.813980,I40 E EXT RAMP,,,,0.00,,,I 40,,,,0.00,Y,OTHER,Y,Entrance/Exit Ramp Related,None,,,         ,Michael,Brooks,Cloudy,Angle,no,no,no,no,yes,False
101189148,METROPOLITAN NASHVILLE POLICE DEPT,20160413692,Davidson,Nashville,5/6/2016 3:26:00 PM,2,0,0,36.210120,-86.873000,ASHLAND CITY HWY WB ENT RAMP,,,,0.00,Feet,East,ASHLAND CITY HWY,,,,0.00,N,Not at Intersection, ,,None,,,         ,Michael,Brooks,,,no,no,no,no,no,False
101189149,METROPOLITAN NASHVILLE POLICE DEPT,20160414179,Davidson,Nashville,5/6/2016 5:24:00 PM,2,0,0,36.164240,-86.819900,ALBION ST,,,,0.00,,,28TH AVN,,,,0.00,Y,Four-Way, ,Intersection-Related,None,,,         ,Michael,Brooks,Cloudy,Front to Rear,no,no,no,no,no,False
101189150,METROPOLITAN NASHVILLE POLICE DEPT,20160414262,Davidson,Nashville,5/6/2016 6:29:00 PM,2,0,0,36.164920,-86.820060,I40 W EXT RAMP,,,,0.00,,,I 40,,,,0.00,Y,OTHER, ,,None,,,         ,Michael,Brooks,,,no,no,no,no,no,False
101189151,METROPOLITAN NASHVILLE POLICE DEPT,20160414139,Davidson,Nashville,5/6/2016 5:05:00 PM,2,0,0,36.182520,-86.797680,ROSA L PARKS BLVD,,,,0.00,,,I65 N EXT RAMP,,,,0.00,Y,OTHER, ,Intersection,None,,,         ,Michael,Brooks,Cloudy,Front to Rear,no,no,no,no,no,False
101189152,METROPOLITAN NASHVILLE POLICE DEPT,20160414027,Davidson,Nashville,5/6/2016 4:22:00 PM,2,0,0,36.171800,-86.798820,I 40,,,,0.00,,,,,,,207.90,N,Not at Intersection, ,Entrance/Exit Ramp Related,None,,,         ,Michael,Brooks,Cloudy,Front to Rear,no,no,no,no,no,False
101189153,METROPOLITAN NASHVILLE POLICE DEPT,20160414756,Davidson,Nashville,5/6/2016 9:03:00 PM,2,1,0,36.206710,-86.779370,W TRINITY LN,,,,280.00,Feet,West,HAMPTON ST,,,,0.00,N,Not at Intersection,N,Non-Junction,None,,,         ,Michael,Brooks,Cloudy,Angle,no,no,no,no,yes,False
101189157,METROPOLITAN NASHVILLE POLICE DEPT,20160414158,Davidson,Not in City Limit,5/6/2016 5:14:00 PM,2,0,0,36.268700,-86.755970,DICKERSON PKE,,,,150.00,Feet,North,BELL GRIMES LN,,,,0.00,N,Not at Intersection, ,Non-Junction,None,,,         ,Samuel,Miller,Clear,Front to Rear,no,no,no,no,no,False
101189160,METROPOLITAN NASHVILLE POLICE DEPT,20160414092,Davidson,Nashville,5/6/2016 3:40:00 PM,2,0,0,36.123940,-86.848920,ROYAL OAKS CONDOS PVTDR,,,,40.00,Feet,South,HARDING PKE,,,,0.00,N,Not at Intersection,N,Non-Junction,None,,,         ,Bryant,Presley,Clear,Front to Rear,no,no,no,no,no,False
101189168,METROPOLITAN NASHVILLE POLICE DEPT,20160414815,Davidson,Nashville,5/6/2016 9:23:00 PM,2,0,0,36.106210,-86.673060,MURFREESBORO PKE,,,,0.00,,,DONELSON PKE,,,,0.00,Y,Four-Way,N,Intersection,None,,,         ,Jaby,Djabbarov,Clear,Front to Rear,no,no,no,no,no,False
101189169,METROPOLITAN NASHVILLE POLICE DEPT,2016395167,Davidson,Nashville,4/30/2016 6:43:00 PM,1,0,0,36.044890,-86.650230,CROSSINGS BLVD,,,,265.00,Feet,East,HICKORY HOLLOW PKWY,,,,0.00,N,Not at Intersection, ,Non-Junction,None,,,         ,Tamara,Zurawski,Rain,Not Collision with Motor Vehicle in Transport,no,no,no,no,no,False
101189170,METROPOLITAN NASHVILLE POLICE DEPT,20160414123,Davidson,Antioch,5/6/2016 5:36:00 PM,1,0,0,36.032670,-86.569650,W NIR SHRIEBMAN RD,,,,392.00,Feet,North,CONSTITUTION AVE,,,,0.00,N,Not at Intersection,N,Non-Junction,None,,,         ,Tamara,Zurawski,Clear,Not Collision with Motor Vehicle in Transport,no,no,no,yes,no,False
101189172,METROPOLITAN NASHVILLE POLICE DEPT,20160414814,Davidson,Nashville,5/6/2016 9:28:00 PM,2,2,0,36.098880,-86.872470,HARDING PKE,,,,111.00,Feet,West,HEADY DR,,,,0.00,N,Not at Intersection,N,Non-Junction,None,,,         ,Brandon,Pedigo,Clear,Angle,no,no,no,no,no,False
101189181,METROPOLITAN NASHVILLE POLICE DEPT,20160413896,Davidson,Nashville,5/6/2016 4:13:00 PM,2,0,0,36.154130,-86.756910,HERMITAGE AV,,,,266.00,Feet,West,FAIRFIELD AV,,,,0.00,N,Not at Intersection, ,Non-Junction,None,,,         ,Dontaveous,Eubanks,Clear,Angle,no,no,no,no,no,False
101189217,METROPOLITAN NASHVILLE POLICE DEPT,20160411711,Davidson,Nashville,5/5/2016 5:10:00 PM,3,1,0,36.154730,-86.788680,I 40,,,,0.00,,,,,,,209.20,N,Not at Intersection,N,Non-Junction,None,,,         ,Steven,Carrick,Clear,Front to Rear,no,no,no,no,yes,False
101189224,METROPOLITAN NASHVILLE POLICE DEPT,20160414305,Davidson,Nashville,5/6/2016 4:30:00 PM,2,0,0,36.070610,-86.684520,ANTIOCH PKE,,,,271.00,Feet,North,HAYWOOD LN,,,,0.00,N,Not at Intersection, ,Non-Junction,None,,,         ,John,Joyce,Clear,Rear to Side,no,no,no,yes,yes,False
101189225,METROPOLITAN NASHVILLE POLICE DEPT,20160414981,Davidson,Nashville,5/6/2016 10:24:00 PM,2,0,0,36.125880,-86.710070,MURFREESBORO PKE,,,,113.00,Feet,West,BOWWOOD CT,,,,0.00,N,Not at Intersection, ,,None,,,         ,Daniel,Caruth,,,no,no,no,no,no,False
101189228,METROPOLITAN NASHVILLE POLICE DEPT,20160415192,Davidson,Nashville,5/7/2016 12:35:00 AM,2,0,0,36.161020,-86.777200,BROADWAY,,,,0.00,,,4TH AVN,,,,0.00,Y,Four-Way, ,,None,,,         ,Kyle,Burks,,,no,no,no,no,no,False
101189230,METROPOLITAN NASHVILLE POLICE DEPT,20160400745,Davidson,Nashville,5/3/2016 12:20:00 AM,2,2,0,36.137570,-86.800760,WEDGEWOOD AV,,,,0.00,,,21ST AVS,,,,0.00,Y,Four-Way,N,Intersection,None,,,         ,Craig,Oakley,Clear,Angle,no,no,no,no,no,Campus
101189239,METROPOLITAN NASHVILLE POLICE DEPT,20160415064,Davidson,Nashville,5/6/2016 11:14:00 PM,2,0,0,36.229380,-86.759280,BROADMOOR DR,,,,0.00,,,DICKERSON PKE,,,,0.00,Y,Four-Way,Y,Intersection,None,,,         ,James,Tucker,Clear,Angle,no,no,no,no,yes,False
101189241,METROPOLITAN NASHVILLE POLICE DEPT,20160415160,Davidson,Nashville,5/6/2016 11:21:00 PM,2,0,0,36.169060,-86.682400,LEBANON PKE,,,,0.00,,,FAIRWAY DR,,,,0.00,Y,Four-Way,N,Intersection,None,,,         ,Curtis,Fisher,Clear,Angle,no,no,no,no,no,False
101189242,METROPOLITAN NASHVILLE POLICE DEPT,20160415264,Davidson,Nashville,5/7/2016 12:16:00 AM,2,0,0,36.042390,-86.654230,I 24,,,,0.00,,,,,,,59.70,N,Not at Intersection,N,Non-Junction,None,,,         ,Douglas,Sykes,Clear,Front to Rear,no,no,no,no,no,False
101189250,METROPOLITAN NASHVILLE POLICE DEPT,2016-00412221,Davidson,Nashville,5/6/2016 5:50:00 AM,1,1,0,36.167330,-86.610350,I 40,,,,0.00,,,,,,,220.30,N,Not at Intersection,Y,Non-Junction,None,,,         ,Keith,Holley,Clear,Not Collision with Motor Vehicle in Transport,no,no,no,no,no,False
101189251,METROPOLITAN NASHVILLE POLICE DEPT,20160415042,Davidson,Nashville,5/6/2016 11:30:00 PM,2,0,0,36.099630,-86.739440,NOLENSVILLE PKE,,,,0.00,,,MCCALL ST,,,,0.00,Y,T-Intersection,N,Intersection,None,,,         ,Caleb,Jernigan,Clear,Angle,no,no,no,no,yes,False
101189257,METROPOLITAN NASHVILLE POLICE DEPT,20160415088,Davidson,Nashville,5/6/2016 11:49:00 PM,2,0,0,36.056790,-86.676570,I 24,,,,0.00,,,,,,,58.15,N,Not at Intersection, ,,None,,,         ,Benjamin,Smith,,,no,no,no,no,no,False
101189272,METROPOLITAN NASHVILLE POLICE DEPT,20160415371,Davidson,Nashville,5/7/2016 2:15:00 AM,2,0,0,36.149380,-86.782290,I 40,,,,0.00,,,,,,,209.70,N,Not at Intersection,N,Non-Junction,None,,,         ,Christopher,Hanor,Clear,"Sideswipe, Same Direction",no,no,no,no,yes,False
101189305,METROPOLITAN NASHVILLE POLICE DEPT,20160415486,Davidson,Nashville,5/7/2016 3:21:00 AM,1,3,0,36.058710,-86.678260,I 24,,,,0.00,,,,,,,58.00,N,Not at Intersection,N,Non-Junction,None,,,         ,William,Coy,Clear,Not Collision with Motor Vehicle in Transport,no,no,no,no,no,False
101189326,METROPOLITAN NASHVILLE POLICE DEPT,20160413622,Davidson,Nashville,5/6/2016 3:27:00 PM,2,0,0,36.079100,-86.727780,HARDING PL,,,,469.00,Feet,West,NOLENSVILLE PKE,,,,0.00,N,Not at Intersection,N,Non-Junction,None,,,         ,Jessie,Meadows,Clear,Angle,no,no,no,no,no,False
101189327,METROPOLITAN NASHVILLE POLICE DEPT,20160413795,Davidson,Not in City Limit,5/6/2016 4:40:00 PM,1,0,0,36.010440,-86.691920,CULBERTSON RD,,,,669.00,Feet,South,MILL CREEK LENOX VILLAGE GRNWY,,,,0.00,N,Not at Intersection,N,Non-Junction,None,,,         ,Jessie,Meadows,Clear,Not Collision with Motor Vehicle in Transport,no,no,no,no,no,False
101189335,METROPOLITAN NASHVILLE POLICE DEPT,20160415743,Davidson,Nashville,5/7/2016 6:26:00 AM,2,0,0,36.194500,-86.743420,GALLATIN AV,,,,200.00,Feet,South,CHESTER AV,,,,0.00,N,Not at Intersection, ,Non-Junction,None,,,         ,Christopher,Dameron,Clear,"Sideswipe, Same Direction",no,no,no,no,no,False
101189338,METROPOLITAN NASHVILLE POLICE DEPT,2016-0409040,Davidson,Nashville,5/5/2016 11:11:00 AM,2,1,0,36.138940,-86.723250,SPENCE LN,,,,63.00,Feet,South,CORNELIA ST,,,,0.00,N,Not at Intersection,N,Non-Junction,None,,,         ,Jeb,Johnston,Cloudy,Front to Rear,no,no,no,no,no,False
101189340,METROPOLITAN NASHVILLE POLICE DEPT,20160413502,Davidson,Nashville,5/6/2016 1:57:00 PM,2,0,0,36.035440,-86.637900,CROSSINGS BLVD,,,,159.00,Feet,East,OLD FRANKLIN RD,,,,0.00,N,Not at Intersection,N,Non-Junction,None,,,         ,Jason,Dudley,Clear,"Sideswipe, Same Direction",no,no,no,yes,yes,False
101189358,VANDERBILT UNIVERSITY POLICE,16-0415063,Davidson,Nashville,5/6/2016 11:35:00 PM,2,0,0,36.142610,-86.815490,31ST AVE S,,,,0.00,,,US HWY 70S,,,,0.00,Y,Four-Way, ,,None,,,         ,Rachel,Meyer,,,no,no,no,no,no,Campus
101189359,METROPOLITAN NASHVILLE POLICE DEPT,2016-0408561,Davidson,Nashville,5/5/2016 8:23:00 AM,2,0,0,36.140340,-86.731010,I 40,,,,0.00,,,,,,,212.90,N,Not at Intersection, ,Non-Junction,None,,,         ,Jeb,Johnston,Cloudy,Front to Rear,no,no,no,no,yes,False
101189376,METROPOLITAN NASHVILLE POLICE DEPT,2016-0412526,Davidson,Nashville,5/6/2016 8:35:00 AM,2,0,0,36.168510,-86.687220,LEBANON PKE,,,,221.00,Feet,East,BRILEY PKWY N ENT RAMP,,,,0.00,N,Not at Intersection, ,Non-Junction,None,,,         ,Jeb,Johnston,Cloudy,"Sideswipe, Same Direction",no,no,no,no,no,False
101189377,METROPOLITAN NASHVILLE POLICE DEPT,20160408706,Davidson,Not in City Limit,5/5/2016 9:13:00 AM,2,1,0,36.263450,-86.684150,STATE RT 45,,,,34.00,Feet,East,LARKIN SPRINGS RD,,,,0.00,N,Not at Intersection,N,Non-Junction,Work Zone,Work On Shoulder Or Median,Activity Area,         ,Brandon,Wood,Clear,Front to Rear,no,no,no,no,no,False
101189384,METROPOLITAN NASHVILLE POLICE DEPT,20160412634,Davidson,Not in City Limit,5/6/2016 9:23:00 AM,2,0,0,36.308060,-86.821810,I 24,,,,0.00,,,,,,,38.00,N,Not at Intersection, ,Non-Junction,None,,,         ,James,Wray,Clear,"Sideswipe, Same Direction",no,no,no,no,no,False
101189388,METROPOLITAN NASHVILLE POLICE DEPT,20160415756,Davidson,Antioch,5/7/2016 6:25:00 AM,1,0,0,36.049840,-86.562440,3204 TOWNE VILLAGE,RD,,,0.00,,North,DOGWOOD,VLY,,,0.00,N,Not at Intersection,N,Non-Junction,None,,,         ,Julius,Gallon,Clear,Not Collision with Motor Vehicle in Transport,no,no,no,no,no,False
101189391,METROPOLITAN NASHVILLE POLICE DEPT,2016-0413524,Davidson,Nashville,5/6/2016 10:00:00 AM,2,1,0,36.168420,-86.687960,LEBANON PKE,,,,0.00,,,BRILEY PKWY N ENT RAMP,,,,0.00,Y,Four-Way,N,Intersection,None,,,         ,Jeb,Johnston,Clear,HeadOn,no,no,no,no,no,False
101189402,METROPOLITAN NASHVILLE POLICE DEPT,20160413381,Davidson,Nashville,5/6/2016 1:00:00 PM,2,0,0,36.161360,-86.793770,I40 E EXT RAMP,,,,100.00,Feet,North,14TH AVN,,,,0.00,N,Not at Intersection, ,Entrance/Exit Ramp Related,None,,,         ,Garren,Hoskins,Clear,Front to Rear,no,no,no,no,no,False
101189409,METROPOLITAN NASHVILLE POLICE DEPT,20160415988,Davidson,Nashville,5/7/2016 9:13:00 AM,2,2,0,36.110860,-86.671200,DONELSON PKE,,,,432.00,Feet,North,KNAPP BLVD,,,,0.00,N,Not at Intersection,N,Non-Junction,None,,,         ,Evan,Hibschman,Clear,Front to Rear,no,no,no,no,no,False
101189410,METROPOLITAN NASHVILLE POLICE DEPT,2016-0409313,Davidson,Nashville,5/5/2016 12:30:00 PM,2,0,0,36.155590,-86.771070,2ND AVS,,,,0.00,,,LEA AV,,,,0.00,Y,Four-Way,N,Intersection,None,,,         ,Daniel,Massey,Clear,Angle,no,no,no,no,no,False
101189419,METROPOLITAN NASHVILLE POLICE DEPT,20160415824,Davidson,Nashville,5/7/2016 7:30:00 AM,2,0,0,36.185320,-86.798070,I65 S EXT RAMP,,,,0.00,,East,I 65,,,,0.00,N,Not at Intersection,N,Entrance/Exit Ramp Related,None,,,         ,Joshua,Baker,Clear,Front to Rear,no,no,no,no,no,False
101189437,METROPOLITAN NASHVILLE POLICE DEPT,20160415827,Davidson,Nashville,5/7/2016 7:25:00 AM,2,2,0,36.171840,-86.764770,S 5TH ST,,,,0.00,,,WOODLAND ST,,,,0.00,Y,Four-Way,N,Intersection,None,,,         ,Jared,Eaves,Clear,Angle,no,no,no,no,yes,False
101189438,METROPOLITAN NASHVILLE POLICE DEPT,20160416128,Davidson,Nashville,5/7/2016 10:15:00 AM,2,1,0,36.176640,-86.772380,I 24,,,,0.00,,,,,,,47.95,N,Not at Intersection,N,Non-Junction,None,,,         ,Jared,Eaves,Clear,Front to Rear,no,no,no,no,no,False
101189445,METROPOLITAN NASHVILLE POLICE DEPT,20160413523,Davidson,Nashville,5/6/2016 1:40:00 PM,2,2,0,36.153960,-86.818220,28TH AVN,,,,0.00,,,CHARLOTTE AV,,,,0.00,Y,Four-Way,Y,Intersection,None,,,         ,Gordon,Stovall,Clear,Angle,no,no,no,no,no,False
101189455,METROPOLITAN NASHVILLE POLICE DEPT,2016-0416237,Davidson,Nashville,5/7/2016 11:05:00 AM,2,0,0,36.113970,-86.811080,WOODMONT BLVD,,,,62.00,Feet,West,HILLSBORO PKE,,,,0.00,N,Not at Intersection, ,,None,,,         ,Paul,Junkmann,,,no,no,no,no,no,False
101189458,METROPOLITAN NASHVILLE POLICE DEPT,20160413196,Davidson,Nashville,5/6/2016 12:23:00 PM,2,0,0,36.173030,-86.792400,9TH AVN,,,,0.00,,,JEFFERSON ST,,,,0.00,Y,Four-Way,N,Non-Junction,None,,,         ,James,Wray,Clear,Not Collision with Motor Vehicle in Transport,yes,no,no,no,no,False
101189462,METROPOLITAN NASHVILLE POLICE DEPT,20160416239,Davidson,Nashville,5/7/2016 11:14:00 AM,3,1,0,36.222240,-86.774580,I 65,,,,0.00,,,,,,,88.45,N,Not at Intersection,N,Non-Junction,Maintenance Zone,,,         ,Michael,Parman,Clear,Front to Rear,no,no,no,no,no,False
101189465,METROPOLITAN NASHVILLE POLICE DEPT,20160416161,Davidson,Nashville,5/7/2016 10:20:00 AM,2,0,0,36.239080,-86.723810,GALLATIN PKE,,,,0.00,,,GALLATIN PKES,,,,0.00,Y,OTHER, ,Non-Junction,None,,,         ,Joshua,Borum,Clear,Front to Rear,no,no,no,no,no,False
101189468,METROPOLITAN NASHVILLE POLICE DEPT,20160416176,Davidson,Nashville,5/7/2016 10:37:00 AM,2,0,0,36.150150,-86.857950,WHITE BRIDGE PKE,,,,0.00,,,CHARLOTTE PKE,,,,0.00,Y,Four-Way,N,Intersection,None,,,         ,Gregory,McDaniel,Clear,HeadOn,no,no,no,no,no,False
101189471,METROPOLITAN NASHVILLE POLICE DEPT,2016-0405749,Davidson,Nashville,5/4/2016 12:36:00 PM,2,0,0,36.071870,-86.636180,BELL RD,,,,0.00,,,MURFREESBORO PKE,,,,0.00,Y,Four-Way,N,Intersection,None,,,         ,William,Whitworth,Cloudy,Front to Rear,no,no,no,no,no,False
101189540,METROPOLITAN NASHVILLE POLICE DEPT,2016-0416291,Davidson,Nashville,5/7/2016 11:52:00 AM,2,1,0,36.249350,-86.677270,SIOUX TER,,,,287.00,Feet,East,INDIAN WOODS DR,,,,0.00,N,Not at Intersection,N,Non-Junction,None,,,         ,Michael,Agee,Clear,Angle,no,no,no,no,yes,False
101189546,METROPOLITAN NASHVILLE POLICE DEPT,20160414868,Davidson,Nashville,5/6/2016 8:10:00 PM,2,0,0,36.075320,-86.654690,DOVER GLEN DR,,,,148.00,Feet,East,SPLIT OAK TRL,,,,0.00,N,Not at Intersection, ,,None,,,         ,Richard,Olive,,,no,no,no,no,no,False
101189547,METROPOLITAN NASHVILLE POLICE DEPT,16-0408918,Davidson,Nashville,5/5/2016 10:40:00 AM,2,0,0,36.241960,-86.757080,DICKERSON PKE,,,,0.00,,,DICKERSON PKE ENT RAMP,,,,0.00,Y,OTHER,Y,Entrance/Exit Ramp Related,None,,,         ,Ethan,Usherwood,Clear,Other,no,no,no,no,no,False
101189550,METROPOLITAN NASHVILLE POLICE DEPT,20160416304,Davidson,Nashville,5/7/2016 12:00:00 PM,2,0,0,36.175240,-86.785360,JEFFERSON ST,,,,200.00,Feet,West,3RD AVN,,,,0.00,N,Not at Intersection, ,SharedUsePathOrTrail,None,,,         ,Garren,Hoskins,Clear,Unknown,no,no,no,yes,yes,False
101189556,METROPOLITAN NASHVILLE POLICE DEPT,20160405533,Davidson,Nashville,5/4/2016 11:10:00 AM,3,1,0,36.213390,-86.775460,I 65,,,,0.00,,,,,,,87.85,N,Not at Intersection,N,Non-Junction,None,,,         ,Jeremy,Stricklin,Clear,"Sideswipe, Same Direction",no,no,no,no,no,False
101189569,METROPOLITAN NASHVILLE POLICE DEPT,20160416403,Davidson,Nashville,5/7/2016 12:45:00 PM,2,0,0,36.040010,-86.743470,OLD HICKORY BLVD,,,,0.00,,,EDMONDSON PKE,,,,0.00,Y,Four-Way,N,Intersection,None,,,         ,Brent,Bauer,Clear,Front to Rear,no,no,no,no,yes,False
101189574,METROPOLITAN NASHVILLE POLICE DEPT,20160416373,Davidson,Nashville,5/7/2016 12:18:00 PM,2,0,0,36.044150,-86.661570,CANE RIDGE RD,,,,226.00,Feet,South,BELL RD,,,,0.00,N,Not at Intersection,N,Non-Junction,None,,,         ,Paul,Ellis,Clear,Angle,no,no,no,no,no,False
101189576,METROPOLITAN NASHVILLE POLICE DEPT,20160405240,Davidson,Nashville,5/4/2016 9:00:00 AM,2,0,0,36.156850,-86.632670,STEWARTS FERRY PKE,,,,0.00,,,LAUER DR,,,,0.00,Y,T-Intersection, ,,None,,,         ,Terry,Denton,,,no,no,no,no,no,False
101189579,METROPOLITAN NASHVILLE POLICE DEPT,2016-0416441,Davidson,Nashville,5/7/2016 1:20:00 PM,2,0,0,36.108560,-86.815420,GREEN HILLS VILLAGE DR,,,,358.00,Feet,South,HILLSBORO PKE,,,,0.00,N,Not at Intersection,N,Non-Junction,None,,,         ,Paul,Junkmann,Clear,Rear to Side,no,no,no,yes,yes,False
101189582,METROPOLITAN NASHVILLE POLICE DEPT,20160416343,Davidson,Nashville,5/7/2016 12:00:00 PM,2,0,0,36.178170,-86.751630,MAIN ST,,,,9.00,Feet,East,N 10TH ST,,,,0.00,N,Not at Intersection, ,Non-Junction,None,,,         ,Steven,Spillers,Clear,Angle,no,no,no,no,no,False
101189589,METROPOLITAN NASHVILLE POLICE DEPT,20160416477,Davidson,Nashville,5/7/2016 12:45:00 PM,2,0,0,36.163580,-86.783260,UNION ST,,,,90.00,Feet,East,7TH AVN,,,,0.00,N,Not at Intersection, ,Non-Junction,None,,,         ,Wesley,Henderson,Clear,Front to Rear,no,no,no,no,no,False
101189638,METROPOLITAN NASHVILLE POLICE DEPT,20160416608,Davidson,Nashville,5/7/2016 2:50:00 PM,2,0,0,36.152680,-86.802310,CHURCH ST,,,,136.00,Feet,East,21ST AVN,,,,0.00,N,Not at Intersection, ,Non-Junction,None,,,         ,Eric,Burford,Clear,"Sideswipe, Same Direction",no,no,no,no,no,Campus
101189642,GOODLETTSVILLE POLICE DEPT,16-16692,Davidson,Goodlettsville,5/7/2016 1:58:00 PM,1,1,0,36.305890,-86.693930,CONFERENCE DR,,,,0.00,,,1000 RIVERGATE PKWY ACCESS RD.,,,,0.00,Y,T-Intersection,N,Intersection-Related,None,,,         ,Benny,Alexander,Clear,Not Collision with Motor Vehicle in Transport,no,no,no,no,no,False
101189663,METROPOLITAN NASHVILLE POLICE DEPT,20160416541,Davidson,Not in City Limit,5/7/2016 11:30:00 AM,2,0,0,36.078100,-86.953650,COLEY DAVIS RD,,,,0.00,,,,,,,0.00,,, ,Non-Junction,None,,,         ,Amanda,Hane,Clear,Angle,no,no,no,yes,no,False
101189666,METROPOLITAN NASHVILLE POLICE DEPT,20160416602,Davidson,Nashville,5/7/2016 3:10:00 PM,2,1,0,36.069120,-86.683840,ANTIOCH PKE,,,,0.00,,,RICHARDS RD,,,,0.00,Y,T-Intersection,N,Intersection,None,,,         ,Alyson,Cook,Clear,Front to Rear,no,no,no,no,no,False
101189670,METROPOLITAN NASHVILLE POLICE DEPT,20160410635,Davidson,Nashville,5/5/2016 6:34:00 PM,2,0,0,36.094160,-86.624850,BELL RD,,,,0.00,,,,,,,0.00,,,N,Non-Junction,None,,,         ,Brian,Smith,Clear,Front to Rear,no,no,no,no,no,False
101189672,METROPOLITAN NASHVILLE POLICE DEPT,20160414441,Davidson,Nashville,5/6/2016 5:55:00 PM,2,1,0,36.108680,-86.812130,GLEN ECHO RD,,,,0.00,,,HILLSBORO PKE,,,,0.00,Y,Four-Way,N,Intersection,None,,,         ,Clyde,Stambaugh,Clear,Angle,no,no,no,no,no,False
101189680,METROPOLITAN NASHVILLE POLICE DEPT,20160416787,Davidson,Nashville,5/7/2016 4:32:00 PM,1,0,0,36.082040,-86.697690,I 24,,,,0.00,,,,,,,56.00,N,Not at Intersection,N,Non-Junction,None,,,         ,Brandon,Vance,Clear,Not Collision with Motor Vehicle in Transport,no,no,no,no,no,False
101189689,METROPOLITAN NASHVILLE POLICE DEPT,20160416778,Davidson,Nashville,5/7/2016 4:24:00 PM,2,0,0,36.081100,-86.758360,HARDING PL,,,,0.00,,,TROUSDALE DR,,,,0.00,Y,Four-Way, ,Intersection,None,,,         ,Clyde,Stambaugh,Clear,"Sideswipe, Same Direction",no,no,no,no,no,False
101189693,METROPOLITAN NASHVILLE POLICE DEPT,20160416774,Davidson,Nashville,5/7/2016 3:39:00 PM,3,0,0,36.149930,-86.765710,LAFAYETTE ST,,,,0.00,,,1ST AVS,,,,0.00,Y,Four-Way,N,Intersection,None,,,         ,Mikala,Moore,Clear,Angle,no,no,no,no,yes,False
101189697,METROPOLITAN NASHVILLE POLICE DEPT,2016-0416899,Davidson,Nashville,5/7/2016 5:37:00 PM,2,0,0,36.164110,-86.862000,LOUISIANA AV,,,,0.00,,,61ST AVN,,,,0.00,Y,Four-Way, ,Intersection,None,,,         ,Ryan,Allen,Clear,Angle,no,no,no,no,no,False
101189701,METROPOLITAN NASHVILLE POLICE DEPT,20160416428,Davidson,Nashville,5/7/2016 12:30:00 PM,2,0,0,36.177820,-86.800980,I 65,,,,0.00,,,,,,,84.85,N,Not at Intersection,N,Non-Junction,Construction Zone,,,         ,John,Kelley,Clear,"Sideswipe, Same Direction",no,no,no,no,yes,False
101189719,METROPOLITAN NASHVILLE POLICE DEPT,2016-0416840,Davidson,Nashville,5/7/2016 5:07:00 PM,1,0,0,36.128730,-86.906430,CHARLOTTE PKE,,,,0.00,,,RIVER RD,,,,0.00,Y,Y-Intersection,N,Intersection,None,,,         ,Michael,Rogers,Clear,Not Collision with Motor Vehicle in Transport,no,no,no,no,no,False
101189723,METROPOLITAN NASHVILLE POLICE DEPT,20160414153,Davidson,Nashville,5/6/2016 12:00:00 AM,2,0,0,36.149550,-86.690810,BRILEY PKWY N EXT RAMP,,,,0.00,,,BRILEY PKWYN,,,,0.00,Y,OTHER, ,Entrance/Exit Ramp Related,None,,,         ,Craig,Gentry,Clear,"Sideswipe, Same Direction",no,no,no,no,no,False