master_record_number,agency,agency_tracking_number,county,city,collision_date,vehicles_involved,number_injured,number_dead,latitude,longitude,roadway_name,roadway_suffix,roadway_number,roadway_local_id,distance_from_reference,miles-feet_indicator,direction_from_reference,intersection_road_name,intersection_road_name_suffix,intersection_road_number,intersection_local_id,mile_marker,intersection_indicator,intersect_type,interchange_related_indicator,relation_to_junction,work_zone_type,construction_maintenance_zone,construction_maintenance_zone_location,fatal_case_number,officer_first_name,officer_last_name,weather_condition(s),manner_of_crash,pedestrian,bicycle,scooter,parking,hitrun,mou
101189724,METROPOLITAN NASHVILLE POLICE DEPT,20160416915,Davidson,Nashville,5/7/2016 12:00:00 AM,2,1,0,36.170290,-86.666210,CLIFFDALE RD,,,,246.00,Feet,North,OLD LEBANON PKE,,,,0.00,N,Not at Intersection,N,Non-Junction,None,,,         ,Craig,Gentry,Clear,Angle,no,no,no,no,no,False
101189726,BERRY HILL POLICE DEPT,16-1637,Davidson,Berry Hill,5/7/2016 5:03:00 PM,2,0,0,36.127500,-86.777520,FRANKLIN PKE,,,,0.00,,,,,,,0.00,,Not at Intersection,N,Non-Junction,None,,,         ,Roy,Morris,Clear,Angle,no,no,no,yes,no,False
101189738,METROPOLITAN NASHVILLE POLICE DEPT,20160416907,Davidson,Nashville,5/7/2016 5:33:00 PM,2,1,0,36.209510,-86.776090,I 65,,,,0.00,,,,,,,87.55,N,Not at Intersection,N,Non-Junction,None,,,         ,Brandon,Rardin,Clear,"Sideswipe, Same Direction",no,no,no,no,no,False
101189750,METROPOLITAN NASHVILLE POLICE DEPT,20160416633,Davidson,Nashville,5/7/2016 3:15:00 PM,2,0,0,36.125820,-86.846490,KENNER AV,,,,0.00,,,HARDING PKE,,,,0.00,Y,Four-Way,Y,Intersection,None,,,         ,Bryant,Presley,Clear,HeadOn,no,no,no,no,no,False
101189760,METROPOLITAN NASHVILLE POLICE DEPT,20160417116,Davidson,Nashville,5/7/2016 7:14:00 PM,2,1,0,36.158060,-86.799970,DR D B TODD JR BLVD,,,,0.00,,,CHARLOTTE AV,,,,0.00,Y,T-Intersection,N,Intersection,None,,,         ,Nicholas,Smith,Clear,Angle,no,no,no,no,yes,False
101189787,METROPOLITAN NASHVILLE POLICE DEPT,20160417239,Davidson,Not in City Limit,5/7/2016 7:35:00 PM,1,0,0,36.121110,-86.934490,OLD CHARLOTTE PKE,,,,515.00,Feet,West,GOWER RD,,,,0.00,N,Not at Intersection, ,Non-Junction,None,,,         ,Amanda,Hane,Clear,Not Collision with Motor Vehicle in Transport,no,no,no,no,no,False
101189798,METROPOLITAN NASHVILLE POLICE DEPT,20160416773,Davidson,Not in City Limit,5/7/2016 2:41:00 PM,1,1,0,36.325970,-86.868990,WHITES CREEK PKE,,,,24.00,Feet,North,I24 W EXT RAMP,,,,0.00,N,Not at Intersection,Y,Non-Junction,None,,,         ,Thomas,Burns,Clear,Unknown,no,no,no,no,no,False
101189805,METROPOLITAN NASHVILLE POLICE DEPT,20160417409,Davidson,Nashville,5/7/2016 8:25:00 PM,2,0,0,36.157730,-86.788220,12TH AVN,,,,0.00,,,PORTER ST,,,,0.00,Y,T-Intersection, ,Non-Junction,None,,,         ,Wesley,Feinstein,Clear,"Sideswipe, Same Direction",no,no,no,no,no,False
101189807,METROPOLITAN NASHVILLE POLICE DEPT,20160416703,Davidson,Nashville,5/6/2016 10:30:00 PM,2,0,0,36.053590,-86.694200,OLD TUSCULUM RD,,,,322.00,Feet,North,TUSCULUM CT,,,,0.00,N,Not at Intersection,N,Non-Junction,None,,,         ,Tamara,Zurawski,Clear,Angle,no,no,no,no,yes,False
101189811,METROPOLITAN NASHVILLE POLICE DEPT,20160416911,Davidson,Nashville,5/7/2016 5:45:00 PM,2,1,0,36.197390,-86.775760,I 65,,,,0.00,,,,,,,86.70,N,Not at Intersection,N,Non-Junction,Construction Zone,Laneclosure,Activity Area,         ,Audrean,Manquero,Clear,Front to Rear,no,no,no,no,no,False
101189813,METROPOLITAN NASHVILLE POLICE DEPT,20160417311,Davidson,Nashville,5/7/2016 8:26:00 PM,2,2,0,36.059100,-86.714290,RAYWOOD LN,,,,0.00,,,TUSCULUM RD,,,,0.00,Y,Four-Way,N,Intersection,None,,,         ,Matthew,Johnson,Clear,Angle,no,no,no,no,no,False
101189814,METROPOLITAN NASHVILLE POLICE DEPT,20160417343,Davidson,Nashville,5/7/2016 8:22:00 PM,3,0,0,36.177540,-86.616720,CENTRAL PKE,,,,0.00,,,JAMES KAY LN,,,,0.00,Y,T-Intersection, ,,None,,,         ,Tyler,Conrads,,,no,no,no,no,no,False
101189817,METROPOLITAN NASHVILLE POLICE DEPT,20160417029,Davidson,Nashville,5/7/2016 6:46:00 PM,2,0,0,36.032560,-86.768700,CLOVERLAND DR,,,,0.00,,,JONES PKWY,,,,0.00,Y,Four-Way,N,Intersection,None,,,         ,Clyde,Stambaugh,Clear,Front to Rear,no,no,no,no,no,False
101189826,METROPOLITAN NASHVILLE POLICE DEPT,20160416977,Davidson,Nashville,5/7/2016 6:15:00 PM,3,0,0,36.229160,-86.759500,DICKERSON PKE,,,,0.00,,,,,,,0.00,,, ,Non-Junction,None,,,         ,Randy,Heinze,Clear,"Sideswipe, Same Direction",no,no,no,no,yes,False
101189828,METROPOLITAN NASHVILLE POLICE DEPT,20160417440,Davidson,Not in City Limit,5/7/2016 8:50:00 PM,1,0,0,36.268500,-86.710710,LOVELL ST,,,,0.00,,,GALLATIN PKEN,,,,0.00,Y,T-Intersection,N,Non-Junction,None,,,         ,George,Oden,Clear,Not Collision with Motor Vehicle in Transport,no,no,no,no,no,False
101189835,METROPOLITAN NASHVILLE POLICE DEPT,20160417095,Davidson,Nashville,5/7/2016 7:09:00 PM,2,1,0,36.090330,-86.626500,SMITH SPRINGS RD,,,,0.00,,,BELL RD,,,,0.00,Y,Four-Way,Y,Intersection,None,,,         ,Reuben,Hewit,Clear,Front to Rear,no,no,no,no,no,False
101189836,METROPOLITAN NASHVILLE POLICE DEPT,20160417017,Davidson,Madison,5/7/2016 6:39:00 PM,2,1,0,36.259610,-86.738280,I 65,,,,0.00,,,,,,,91.90,N,Not at Intersection,N,Non-Junction,None,,,         ,Christopher,Kelly,Clear,"Sideswipe, Same Direction",no,no,no,no,yes,False
101189847,METROPOLITAN NASHVILLE POLICE DEPT,2016-0417179,Davidson,Not in City Limit,5/7/2016 7:38:00 PM,1,0,0,36.066110,-86.936840,OLD HARDING PKE,,,,233.00,Feet,East,BELLEVUE RDN,,,,0.00,N,Not at Intersection,N,Non-Junction,None,,,         ,Michael,Rogers,Clear,Not Collision with Motor Vehicle in Transport,no,no,no,no,no,False
101189875,METROPOLITAN NASHVILLE POLICE DEPT,20160414040,Davidson,Nashville,5/6/2016 4:58:00 PM,2,0,0,0.000000,0.000000,MURFREESBORO,PIKE,,,0.00,,,DELL,PKWY,SR,,0.00,Y,OTHER, ,Non-Junction,None,,,         ,Victoria,Cunningham,Clear,Front to Rear,no,no,no,no,no,False
101189876,METROPOLITAN NASHVILLE POLICE DEPT,20160417317,Davidson,Antioch,5/7/2016 8:40:00 PM,2,0,0,0.000000,0.000000,HAMILTON CHURCH,RD,,,0.00,,,HAMILTON,XING,,,0.00,Y,Four-Way, ,,None,,,         ,Victoria,Cunningham,,,no,no,no,no,no,False
101189884,METROPOLITAN NASHVILLE POLICE DEPT,20160417855,Davidson,Nashville,5/8/2016 12:43:00 AM,1,1,0,36.156310,-86.794390,16TH AVN,,,,82.00,Feet,South,CHURCH ST,,,,0.00,N,Not at Intersection,N,Non-Junction,None,,,         ,Eugene,Martino,Clear,Not Collision with Motor Vehicle in Transport,yes,no,no,no,yes,False
101189889,METROPOLITAN NASHVILLE POLICE DEPT,20160417798,Davidson,Nashville,5/7/2016 10:40:00 PM,2,0,0,36.147970,-86.768680,4TH AVS,,,,127.00,Feet,North,CAMERON ST,,,,0.00,N,Not at Intersection, ,Non-Junction,None,,,         ,Douglas,Sykes,Clear,"Sideswipe, Same Direction",no,no,no,no,no,False
101189894,METROPOLITAN NASHVILLE POLICE DEPT,20160417867,Davidson,Nashville,5/8/2016 12:40:00 AM,1,0,0,36.142600,-86.765170,4TH AVS,,,,67.00,Feet,North,HART ST,,,,0.00,N,Not at Intersection,N,Non-Junction,None,,,         ,Thomas,West,Clear,Not Collision with Motor Vehicle in Transport,no,no,no,no,no,False
101189905,METROPOLITAN NASHVILLE POLICE DEPT,20160415712,Davidson,Nashville,5/7/2016 12:00:00 AM,3,1,0,36.144790,-86.739720,I 40,,,,0.00,,,,,,,212.30,N,Not at Intersection,N,Non-Junction,None,,,         ,Austin,Childress,Clear,Front to Rear,no,no,no,no,no,False
101189941,METROPOLITAN NASHVILLE POLICE DEPT,20160418040,Davidson,Nashville,5/8/2016 2:26:00 AM,2,0,0,0.000000,0.000000,CLAIBORNE,ST,,,100.00,Feet,West,CANNON,ST,,,0.00,N,Not at Intersection,N,Non-Junction,None,,,         ,Justin,Chisholm,Clear,Angle,no,no,no,no,no,False
101189954,METROPOLITAN NASHVILLE POLICE DEPT,20160418106,Davidson,Nashville,5/8/2016 3:02:00 AM,2,0,0,36.131760,-86.778970,SOUTH DOUGLAS AV,,,,0.00,,,8TH AVS,,,,0.00,Y,T-Intersection, ,,None,,,         ,Joshua,Billotte,,,no,no,no,no,no,False
101189961,METROPOLITAN NASHVILLE POLICE DEPT,20160417754,Davidson,Nashville,5/7/2016 11:55:00 PM,1,0,0,36.180180,-86.813770,BUCHANAN ST,,,,205.00,Feet,East,23RD AVN,,,,0.00,N,Not at Intersection, ,Non-Junction,None,,,         ,Trevin,Tolbert,Clear,Not Collision with Motor Vehicle in Transport,no,no,no,no,yes,False
101189984,METROPOLITAN NASHVILLE POLICE DEPT,20160418245,Davidson,Nashville,5/8/2016 4:38:00 AM,1,0,0,36.173650,-86.672890,CAPELLA CT,,,,231.00,Feet,West,KNOBVIEW DR,,,,0.00,N,Not at Intersection,N,Non-Junction,None,,,         ,Curtis,Fisher,Clear,Not Collision with Motor Vehicle in Transport,no,no,no,no,no,False
101189996,METROPOLITAN NASHVILLE POLICE DEPT,20160416437,Davidson,Nashville,5/7/2016 12:00:00 AM,2,0,0,36.172080,-86.812730,23RD AVN,,,,50.00,Feet,South,UNDERWOOD ST,,,,0.00,N,Not at Intersection, ,Non-Junction,None,,,         ,Garren,Hoskins,Unknown,Unknown,no,no,no,no,yes,False
101190023,METROPOLITAN NASHVILLE POLICE DEPT,20160416522,Davidson,Nashville,5/7/2016 1:30:00 PM,2,0,0,36.077940,-86.642530,MURFREESBORO PKE,,,,430.00,Feet,West,LAKEVILLA DR,,,,0.00,N,Not at Intersection, ,Non-Junction,None,,,         ,Paul,Ellis,Clear,Front to Rear,no,no,no,no,yes,False
101190033,METROPOLITAN NASHVILLE POLICE DEPT,20160418420,Davidson,Nashville,5/8/2016 6:55:00 AM,1,0,0,36.144880,-86.739870,I 40,,,,0.00,,,,,,,212.30,N,Not at Intersection,N,Non-Junction,None,,,         ,Richard,Hyatt,Clear,Not Collision with Motor Vehicle in Transport,no,no,no,no,no,False
101190038,METROPOLITAN NASHVILLE POLICE DEPT,2016046502,Davidson,Nashville,5/7/2016 1:35:00 PM,2,0,0,36.210180,-86.733660,GALLATIN PKE,,,,0.00,,,HOME RD,,,,0.00,Y,T-Intersection,N,Non-Junction,None,,,         ,Randal,Owsley,Clear,Angle,no,no,no,no,yes,False
101190055,METROPOLITAN NASHVILLE POLICE DEPT,20160418488,Davidson,Nashville,5/8/2016 12:00:00 AM,2,2,0,36.161580,-86.783890,CHURCH ST,,,,0.00,,,ROSA L PARKS AV,,,,0.00,Y,Four-Way,N,Intersection,None,,,         ,Daniel,Russett,Clear,Front to Rear,no,no,no,no,no,False
101190062,METROPOLITAN NASHVILLE POLICE DEPT,20160415775,Davidson,Not in City Limit,5/7/2016 12:00:00 AM,1,0,0,36.265900,-86.725040,HERITAGE DR,,,,446.00,Feet,South,HERITAGE TRACE DR,,,,0.00,N,Not at Intersection,N,Non-Junction,None,,,         ,Brandon,Wood,Clear,Not Collision with Motor Vehicle in Transport,no,no,no,yes,yes,False
101190063,METROPOLITAN NASHVILLE POLICE DEPT,2016-0416479,Davidson,Nashville,5/7/2016 12:00:00 AM,2,0,0,36.187510,-86.794630,I 65,,,,0.00,,,,,,,85.45,N,Not at Intersection, ,Non-Junction,None,,,         ,Daniel,Russett,Clear,Front to Rear,no,no,no,no,no,False
101190077,METROPOLITAN NASHVILLE POLICE DEPT,20160418536,Davidson,Nashville,5/8/2016 12:00:00 AM,1,0,0,36.045310,-86.727040,YORKSHIRE CIR,,,,79.00,Feet,South,YORKSHIRE RD,,,,0.00,N,Not at Intersection,N,Non-Junction,None,,,         ,Gary,Sneed,Clear,Not Collision with Motor Vehicle in Transport,no,no,no,yes,yes,False
101190079,METROPOLITAN NASHVILLE POLICE DEPT,20160418674,Davidson,Nashville,5/8/2016 9:45:00 AM,2,0,0,36.125640,-86.748180,GLENROSE AV,,,,0.00,,,SADLER AV,,,,0.00,Y,OTHER,Y,Intersection,None,,,         ,Kevin,Caperton,Clear,Front to Rear,no,no,no,no,yes,False
101190105,METROPOLITAN NASHVILLE POLICE DEPT,20160418739,Davidson,Nashville,5/8/2016 12:00:00 AM,2,0,0,36.150330,-86.759440,CANNON ST,,,,154.00,Feet,South,MAURY ST,,,,0.00,N,Not at Intersection,N,Non-Junction,None,,,         ,Michael,Dance,Unknown,HeadOn,no,no,no,yes,yes,False
101190106,METROPOLITAN NASHVILLE POLICE DEPT,20160418483,Davidson,Nashville,5/8/2016 7:45:00 AM,2,0,0,36.110100,-86.770360,I 65,,,,0.00,,,,,,,79.75,N,Not at Intersection,N,Non-Junction,None,,,         ,George,Ward,Cloudy,"Sideswipe, Same Direction",no,no,no,no,yes,False
101190107,METROPOLITAN NASHVILLE POLICE DEPT,20160418478,Davidson,Nashville,5/8/2016 7:45:00 AM,1,0,0,36.148000,-86.777790,I40 W ENT RAMP,,,,0.00,,,I 40,,,,0.00,Y,Y-Intersection,N,Entrance/Exit Ramp Related,None,,,         ,George,Ward,Cloudy,Not Collision with Motor Vehicle in Transport,no,no,no,no,no,False
101190108,METROPOLITAN NASHVILLE POLICE DEPT,20160416152,Davidson,Madison,5/7/2016 10:26:00 AM,2,0,0,0.000000,0.000000,,,I65,,0.10,Miles,South,,,,,89.00,N,Not at Intersection, ,Non-Junction,Construction Zone,,,         ,Faye,Denson,Clear,Front to Rear,no,no,no,no,no,False
101190115,METROPOLITAN NASHVILLE POLICE DEPT,20160418692,Davidson,Nashville,5/8/2016 10:09:00 AM,2,1,0,36.059070,-86.716220,TUSCULUM RD,,,,0.00,,,NOLENSVILLE PKE,,,,0.00,Y,Four-Way,N,Intersection,None,,,         ,Paul,Ellis,Clear,Other,no,no,no,no,no,False
101190121,METROPOLITAN NASHVILLE POLICE DEPT,20160412621,Davidson,Nashville,5/6/2016 8:30:00 AM,2,0,0,36.027370,-86.634850,I 24,,,,0.00,,,,,,,61.25,N,Not at Intersection, ,Non-Junction,None,,,         ,Jason,Dudley,Clear,Front to Rear,no,no,no,no,no,False
101190126,METROPOLITAN NASHVILLE POLICE DEPT,20160418791,Davidson,Nashville,5/8/2016 11:12:00 AM,2,1,0,36.100780,-86.740000,NOLENSVILLE PKE,,,,0.00,,,HIGH ST,,,,0.00,Y,T-Intersection,N,Intersection,None,,,         ,Earl,Davis,Clear,Front to Rear,no,no,no,no,no,False
101190137,METROPOLITAN NASHVILLE POLICE DEPT,20160416448,Davidson,Nashville,5/7/2016 1:05:00 PM,1,0,0,36.188380,-86.717630,CARTER AV,,,,66.00,Feet,East,PRESTON DR,,,,0.00,N,Not at Intersection,N,Non-Junction,None,,,         ,Richard,Conger,Clear,Not Collision with Motor Vehicle in Transport,no,no,no,no,no,False
101190145,METROPOLITAN NASHVILLE POLICE DEPT,20160416100,Davidson,Nashville,5/7/2016 9:59:00 AM,2,0,0,36.193070,-86.775530,I 24,,,,0.00,,,,,,,46.70,N,Not at Intersection, ,Non-Junction,Construction Zone,,,         ,Randall,Smith,Clear,Angle,no,no,no,no,no,False
101190154,METROPOLITAN NASHVILLE POLICE DEPT,20160418892,Davidson,Nashville,5/8/2016 12:10:00 PM,2,0,0,36.178130,-86.773230,I 24,,,,0.00,,,,,,,47.80,N,Not at Intersection, ,,None,,,         ,Richard,Conger,,,no,no,no,no,no,False
101190156,METROPOLITAN NASHVILLE POLICE DEPT,2016-0418676,Davidson,Nashville,5/8/2016 9:56:00 AM,2,1,0,36.250950,-86.690110,NEELYS BEND RD,,,,162.00,Feet,East,KINSEY BLVD,,,,0.00,N,Not at Intersection,N,Non-Junction,None,,,         ,Michael,Agee,Clear,Front to Rear,no,no,no,no,no,False
101190162,GOODLETTSVILLE POLICE DEPT,16-16796,Davidson,Goodlettsville,5/8/2016 12:32:00 PM,2,0,0,36.309470,-86.695630,VIETNAM VETERANS BLVD SB EXT R,,,,0.00,,,CONFERENCE DR,,,,0.00,Y,Y-Intersection,Y,Entrance/Exit Ramp Related,None,,,         ,Joseph,Waldron,Clear,Front to Rear,no,no,no,no,no,False
101190163,METROPOLITAN NASHVILLE POLICE DEPT,20160416810,Davidson,Nashville,5/7/2016 4:20:00 PM,2,0,0,36.110550,-86.714890,BRILEY PKWYN,,,,131.00,Feet,West,BRILEY PKWY N ENT RAMP,,,,0.00,N,Not at Intersection,N,Non-Junction,None,,,         ,Richard,Olive,Clear,Front to Rear,no,no,no,no,yes,False
101190166,METROPOLITAN NASHVILLE POLICE DEPT,20160418953,Davidson,Nashville,5/8/2016 12:28:00 PM,2,1,0,36.045610,-86.719770,OLD HICKORY BLVD,,,,0.00,,,ZERMATT AV,,,,0.00,Y,T-Intersection,N,Intersection,None,,,         ,Earl,Davis,Clear,Front to Rear,no,no,no,no,no,False
101190181,METROPOLITAN NASHVILLE POLICE DEPT,20160418863,Davidson,Nashville,5/8/2016 11:47:00 AM,2,1,0,36.165340,-86.763900,I 24,,,,0.00,,,,,,,49.05,N,Not at Intersection,N,Non-Junction,None,,,         ,Tony,Folad,Clear,Front to Rear,no,no,no,no,no,False
101190185,METROPOLITAN NASHVILLE POLICE DEPT,20160418930,Davidson,Nashville,5/8/2016 12:36:00 PM,2,0,0,36.214610,-86.604660,LEBANON PKE,,,,0.00,,,SHUTE LN,,,,0.00,Y,T-Intersection,N,Intersection,None,,,         ,Brian,Zullo,Clear,Front to Rear,no,no,no,no,no,False
101190188,METROPOLITAN NASHVILLE POLICE DEPT,20160418890,Davidson,Not in City Limit,5/8/2016 12:10:00 PM,2,0,0,36.263460,-86.684270,STATE RT 45,,,,0.00,,,LARKIN SPRINGS RD,,,,0.00,Y,T-Intersection, ,Intersection-Related,None,,,         ,Julie,Nabors,Clear,Front to Rear,no,no,no,no,no,False
101190192,METROPOLITAN NASHVILLE POLICE DEPT,20160418800,Davidson,Nashville,5/8/2016 11:21:00 AM,1,0,0,36.127210,-86.705750,THOMPSON PL,,,,232.00,Feet,West,COARSEY DR,,,,0.00,N,Not at Intersection,N,Non-Junction,None,,,         ,Steven,Rowlett,Clear,Not Collision with Motor Vehicle in Transport,no,no,no,yes,no,False
101190196,METROPOLITAN NASHVILLE POLICE DEPT,20160418964,Davidson,Nashville,5/8/2016 12:21:00 PM,2,0,0,36.169200,-86.681150,US HWY 70,,,,371.00,Feet,East,FAIRWAY DR,,,,0.00,N,Not at Intersection, ,,None,,,         ,Ralph,Harvey,,,no,no,no,no,no,False
101190197,METROPOLITAN NASHVILLE POLICE DEPT,20160418859,Davidson,Nashville,5/8/2016 12:40:00 PM,2,0,0,36.179140,-86.773700,I 24,,,,0.00,,,,,,,47.75,N,Not at Intersection, ,,None,,,         ,Jeremy,Stricklin,,,no,no,no,no,no,False
101190201,METROPOLITAN NASHVILLE POLICE DEPT,20160418810,Davidson,Nashville,5/8/2016 11:30:00 AM,2,0,0,36.192320,-86.829050,CLARKSVILLE PKE,,,,0.00,,,CLIFF DR,,,,0.00,Y,T-Intersection,N,Non-Junction,None,,,         ,James,Wray,Clear,Front to Rear,no,no,no,no,no,False
101190205,METROPOLITAN NASHVILLE POLICE DEPT,20160418990,Davidson,Nashville,5/8/2016 1:30:00 PM,2,0,0,36.089140,-86.720740,PARAGON MILLS RD,,,,0.00,,,DEWAIN DR,,,,0.00,Y,T-Intersection,Y,Intersection,None,,,         ,Scott,Carter,Clear,Angle,no,no,no,no,no,False
101190214,METROPOLITAN NASHVILLE POLICE DEPT,20160418931,Davidson,Nashville,5/8/2016 12:36:00 PM,2,2,0,36.221840,-86.761620,DICKERSON PKE,,,,56.00,Feet,North,HART LN,,,,0.00,N,Not at Intersection,N,Non-Junction,None,,,         ,Joseph,Zambardi,Clear,Front to Rear,no,no,no,no,no,False
101190215,METROPOLITAN NASHVILLE POLICE DEPT,20160419015,Davidson,Nashville,5/8/2016 1:24:00 PM,2,0,0,36.090530,-86.687130,EZELL PARK PVTDR,,,,0.00,,,HARDING PL,,,,0.00,Y,T-Intersection,N,Intersection,None,,,         ,Roy,McElwee,Clear,"Sideswipe, Opposite Direction",no,no,no,no,yes,False
101190223,METROPOLITAN NASHVILLE POLICE DEPT,20160418873,Davidson,Nashville,5/6/2016 12:00:00 AM,3,0,0,36.208230,-86.782200,AVONDALE CIR,,,,330.00,Feet,East,N AVONDALE CIR,,,,0.00,N,Not at Intersection, ,Non-Junction,None,,,         ,Garren,Hoskins,Unknown,Unknown,no,no,no,no,yes,False
101190238,METROPOLITAN NASHVILLE POLICE DEPT,2016-0417545,Davidson,Nashville,5/7/2016 9:42:00 PM,2,0,0,36.181710,-86.607240,OLD HICKORY BLVD,,,,297.00,Feet,East,ANDREW JACKSON WAY,,,,0.00,N,Not at Intersection, ,Non-Junction,None,,,         ,Sandra,Talavera,Clear,"Sideswipe, Same Direction",no,no,no,no,no,False
101190239,METROPOLITAN NASHVILLE POLICE DEPT,20160419012,Davidson,Nashville,5/8/2016 1:48:00 PM,2,0,0,36.183650,-86.610660,OLD HICKORY BLVD,,,,0.00,,,ANDREW JACKSON PKWY,,,,0.00,Y,Four-Way, ,Intersection,None,,,         ,Richard,Hyatt,Clear,Angle,no,no,no,no,no,False
101190249,GOODLETTSVILLE POLICE DEPT,16-16797,Davidson,Goodlettsville,5/8/2016 12:53:00 PM,2,0,0,36.310510,-86.704360,EXIT 96,,,,0.00,,,I-65 SB EXIT RAMP,,,,0.00,Y,T-Intersection,Y,Entrance/Exit Ramp Related,None,,,         ,Benny,Alexander,Clear,Front to Rear,no,no,no,no,yes,False
101190253,METROPOLITAN NASHVILLE POLICE DEPT,20160416046,Davidson,Nashville,5/7/2016 9:56:00 AM,2,0,0,36.122350,-86.786500,HALCYON AV,,,,0.00,Feet,,10TH AVS,,,,0.00,Y,Four-Way,Y,Intersection,None,,,         ,Micah,Wright,Clear,Angle,no,no,no,no,no,False
101190264,METROPOLITAN NASHVILLE POLICE DEPT,20160419114,Davidson,Nashville,5/8/2016 1:22:00 PM,2,0,0,36.172590,-86.762800,S 6TH ST,,,,0.00,,,WOODLAND ST,,,,0.00,Y,Four-Way,N,Intersection,None,,,         ,James,Smith,Clear,Other,no,no,no,no,yes,False
101190272,METROPOLITAN NASHVILLE POLICE DEPT,20160419085,Davidson,Nashville,5/8/2016 2:34:00 PM,1,0,0,36.148890,-86.778530,I 40,,,,0.00,,,,,,,209.90,N,Not at Intersection, ,Non-Junction,None,,,         ,Derek,Betty,Clear,Not Collision with Motor Vehicle in Transport,no,no,no,no,no,False
101190280,METROPOLITAN NASHVILLE POLICE DEPT,20160419185,Davidson,Nashville,5/8/2016 12:08:00 PM,2,0,0,36.209180,-86.776190,I65 S EXT RAMP,,,,0.00,Feet,East,I 65,,,,0.00,N,Not at Intersection,N,Non-Junction,None,,,         ,Brandon,Rardin,Clear,Front to Rear,no,no,no,no,yes,False
101190283,METROPOLITAN NASHVILLE POLICE DEPT,20160419172,Davidson,Nashville,5/8/2016 3:16:00 PM,2,0,0,36.144150,-86.813670,WEST END AV,,,,0.00,,,29TH AVS,,,,0.00,Y,T-Intersection, ,Non-Junction,None,,,         ,Nicholas,Smith,Clear,"Sideswipe, Same Direction",no,no,no,no,no,Campus
101190293,METROPOLITAN NASHVILLE POLICE DEPT,20160419204,Davidson,Antioch,5/8/2016 3:30:00 PM,2,1,0,36.032670,-86.569650,W NIR SHRIEBMAN RD,,,,0.00,,,W NIR SHREIBMAN BLVD,,,,0.00,Y,Four-Way,Y,Intersection,None,,,         ,Larry,Preuett,Clear,Angle,no,no,no,no,no,False
101190296,METROPOLITAN NASHVILLE POLICE DEPT,20160419102,Davidson,Nashville,5/8/2016 3:02:00 PM,2,2,0,36.144840,-86.882520,THUNDERBIRD DR,,,,165.00,Feet,East,GALAXIE DR,,,,0.00,N,Not at Intersection,N,Non-Junction,None,,,         ,Jeremy,Huffine,Clear,Not Collision with Motor Vehicle in Transport,no,no,no,no,no,False
101190308,METROPOLITAN NASHVILLE POLICE DEPT,20160419292,Davidson,Nashville,5/8/2016 4:10:00 PM,2,0,0,36.045690,-86.659400,I 24,,,,0.00,,,,,,,59.40,N,Not at Intersection, ,Non-Junction,None,,,         ,Daniel,Garrett,Clear,"Sideswipe, Same Direction",no,no,no,no,no,False
101190339,METROPOLITAN NASHVILLE POLICE DEPT,20160419191,Davidson,Nashville,5/8/2016 3:20:00 PM,2,0,0,36.133290,-86.768840,BRANSFORD AV,,,,0.00,,,WEDGEWOOD AV,,,,0.00,Y,T-Intersection,N,Intersection-Related,None,,,         ,Conner,Harris,Clear,Front to Rear,no,no,no,no,yes,False
101190348,METROPOLITAN NASHVILLE POLICE DEPT,20160419438,Davidson,Nashville,5/8/2016 5:41:00 PM,2,0,0,36.175590,-86.782240,JEFFERSON ST,,,,0.00,,,1ST AVN,,,,0.00,Y,Four-Way, ,,None,,,         ,Christian,Martin,,,no,no,no,no,no,False
101190351,METROPOLITAN NASHVILLE POLICE DEPT,20160402538,Davidson,Goodlettsville,5/3/2016 2:51:00 PM,2,0,0,36.296910,-86.699160,MYATT DR,,,,0.00,,,GALLATIN PKEN,,,,0.00,Y,Four-Way, ,Intersection-Related,None,,,         ,Carlos,Urrutia,Clear,Front to Rear,no,no,no,no,no,False
101190352,METROPOLITAN NASHVILLE POLICE DEPT,20160402668,Davidson,Not in City Limit,5/3/2016 3:21:00 PM,2,0,0,36.263340,-86.737800,I 65,,,,0.00,,,,,,,92.20,N,Not at Intersection, ,,None,,,         ,Carlos,Urrutia,,,no,no,no,no,no,False
101190353,METROPOLITAN NASHVILLE POLICE DEPT,20160402774,Davidson,Madison,5/3/2016 4:15:00 PM,2,0,0,36.264870,-86.690170,MYATT DR,,,,291.00,Feet,North,STATE RT 45,,,,0.00,N,Not at Intersection, ,Non-Junction,None,,,         ,Carlos,Urrutia,Clear,Front to Rear,no,no,no,no,no,False
101190356,METROPOLITAN NASHVILLE POLICE DEPT,20160419073,Davidson,Not in City Limit,5/8/2016 2:35:00 PM,2,0,0,36.322520,-86.867920,WHITES CREEK PKE,,,,27.00,Feet,North,I24 E EXT RAMP,,,,0.00,N,Not at Intersection,N,Non-Junction,None,,,         ,Thomas,Burns,Clear,"Sideswipe, Same Direction",no,no,no,no,no,False
101190357,METROPOLITAN NASHVILLE POLICE DEPT,20160419361,Davidson,Nashville,5/8/2016 5:02:00 PM,2,0,0,36.040950,-86.781420,I65 N ENT RAMP,,,,0.00,Feet,East,I 65,,,,0.00,N,Not at Intersection,Y,Entrance/Exit Ramp Related,None,,,         ,Jacob,Masteller,Clear,"Sideswipe, Same Direction",no,no,no,no,yes,False