master_record_number,agency,agency_tracking_number,county,city,collision_date,vehicles_involved,number_injured,number_dead,latitude,longitude,roadway_name,roadway_suffix,roadway_number,roadway_local_id,distance_from_reference,miles-feet_indicator,direction_from_reference,intersection_road_name,intersection_road_name_suffix,intersection_road_number,intersection_local_id,mile_marker,intersection_indicator,intersect_type,interchange_related_indicator,relation_to_junction,work_zone_type,construction_maintenance_zone,construction_maintenance_zone_location,fatal_case_number,officer_first_name,officer_last_name,weather_condition(s),manner_of_crash,pedestrian,bicycle,scooter,parking,hitrun,mou
101191951,METROPOLITAN NASHVILLE POLICE DEPT,20160424645,Davidson,Not in City Limit,5/10/2016 12:00:00 AM,2,0,0,36.273230,-86.795730,I 24,,,,0.00,,,,,,,40.90,N,Not at Intersection, ,Non-Junction,None,,,         ,Chad,Brown,Rain,Angle,no,no,no,no,no,False
101191964,METROPOLITAN NASHVILLE POLICE DEPT,20160423694,Davidson,Nashville,5/9/2016 10:15:00 PM,2,0,0,36.165950,-86.801840,BLANK ST,,,,323.00,Feet,West,HERMAN ST,,,,0.00,N,Not at Intersection,N,Non-Junction,None,,,         ,Joshua,Green,Clear,Rear to Side,no,no,no,no,yes,False
101191968,METROPOLITAN NASHVILLE POLICE DEPT,20160428449,Davidson,Nashville,5/11/2016 5:26:00 AM,2,0,0,36.160760,-86.793690,14TH AVN,,,,0.00,,,CHARLOTTE AV,,,,0.00,Y,Four-Way,Y,Intersection,None,,,         ,Eric,Westbrook,Cloudy,Angle,no,no,no,no,no,False
101191970,METROPOLITAN NASHVILLE POLICE DEPT,20160428500,Davidson,Nashville,5/11/2016 6:10:00 AM,2,2,0,36.129330,-86.802560,21ST AVS,,,,0.00,,,ASHWOOD AV,,,,0.00,Y,Four-Way,N,Intersection,None,,,         ,Nathan,Kemp,Clear,Angle,no,no,no,no,no,False
101191985,METROPOLITAN NASHVILLE POLICE DEPT,2016-0425833,Davidson,Nashville,5/10/2016 1:43:00 PM,1,0,0,36.160550,-86.760520,I 24,,,,0.00,,,,,,,49.45,N,Not at Intersection,N,OtherLocation,None,,,         ,Paul,Sorace,Cloudy,Not Collision with Motor Vehicle in Transport,no,no,no,no,no,False
101191987,METROPOLITAN NASHVILLE POLICE DEPT,2016-0425879,Davidson,Nashville,5/10/2016 2:02:00 PM,2,0,0,36.250060,-86.718950,GALLATIN PKES,,,,278.00,Feet,North,E PALESTINE AV,,,,0.00,N,Not at Intersection, ,Non-Junction,None,,,         ,Michael,Agee,Clear,Front to Rear,no,no,no,no,no,False
101191988,METROPOLITAN NASHVILLE POLICE DEPT,20160428593,Davidson,Nashville,5/11/2016 7:10:00 AM,2,0,0,36.076490,-86.773240,FRANKLIN PKE,,,,359.00,Feet,South,TYNE BLVD,,,,0.00,N,Not at Intersection, ,Non-Junction,None,,,         ,Nathan,Kemp,Clear,Angle,no,no,no,no,no,False
101191993,METROPOLITAN NASHVILLE POLICE DEPT,20160427548,Davidson,Madison,5/10/2016 11:45:00 PM,1,0,0,36.266900,-86.710910,DUPONT AV,,,,0.00,,,GALLATIN PKEN,,,,0.00,Y,T-Intersection,N,Non-Junction,None,,,         ,Devon,Morgan,Cloudy,Not Collision with Motor Vehicle in Transport,no,no,no,no,yes,False
101191995,METROPOLITAN NASHVILLE POLICE DEPT,20160428587,Davidson,Nashville,5/11/2016 7:10:00 AM,2,0,0,36.156820,-86.618190,BELL RD,,,,1746.00,Feet,East,BELL RD PVTDR,,,,0.00,N,Not at Intersection, ,Non-Junction,None,,,         ,Kyle,Burks,Cloudy,Front to Rear,no,no,no,no,no,False
101191996,METROPOLITAN NASHVILLE POLICE DEPT,20160428533,Davidson,Nashville,5/11/2016 6:24:00 AM,1,0,0,36.038810,-86.782920,OLD HICKORY BLVD,,,,42.00,Feet,West,I65 S EXT RAMP,,,,0.00,N,Not at Intersection,N,Non-Junction,None,,,         ,Kevin,Crawford,Cloudy,Not Collision with Motor Vehicle in Transport,no,no,no,no,no,False
101191997,METROPOLITAN NASHVILLE POLICE DEPT,20160428564,Davidson,Nashville,5/11/2016 6:22:00 AM,1,0,0,36.091440,-86.761440,SIDCO DR,,,,33.00,Feet,North,KENILWOOD DR,,,,0.00,N,Not at Intersection,N,Non-Junction,None,,,         ,Citlaly,Juarez,Clear,Unknown,no,no,no,no,no,False
101191998,METROPOLITAN NASHVILLE POLICE DEPT,20160408433,Davidson,Nashville,5/5/2016 8:00:00 AM,2,0,0,36.215790,-86.775320,I 65,,,,0.00,,,,,,,88.00,N,Not at Intersection, ,Non-Junction,None,,,         ,Ryan,Caulfield,Clear,Front to Rear,no,no,no,no,no,False
101191999,METROPOLITAN NASHVILLE POLICE DEPT,20160398262,Davidson,Nashville,5/2/2016 5:15:00 AM,3,0,1,0.000000,0.000000,MURFREESBORO,PIKE,US41/70S,,0.00,,,HOBSON,PIKE,,,0.00,Y,Four-Way,N,Intersection,None,,,16-0278  ,Carey,Steel,Cloudy,Angle,no,no,no,no,no,False
101192006,METROPOLITAN NASHVILLE POLICE DEPT,20160428635,Davidson,Not in City Limit,5/11/2016 7:20:00 AM,2,0,0,36.079580,-86.953510,COLEY DAVIS RD,,,,0.00,Feet,North,HIGHWAY 70S,,,,0.00,N,Not at Intersection, ,Non-Junction,None,,,         ,Wesley,Tilley,Clear,Front to Rear,no,no,no,no,no,False
101192008,METROPOLITAN NASHVILLE POLICE DEPT,20160428583,Davidson,Nashville,5/11/2016 6:59:00 AM,2,0,0,36.072340,-86.646850,EDGE O LAKE DR,,,,0.00,Feet,,RICE RD,,,,0.00,Y,T-Intersection, ,Intersection,None,,,         ,Brian,Lamb,Cloudy,Front to Rear,no,no,no,no,no,False
101192018,METROPOLITAN NASHVILLE POLICE DEPT,20160428686,Davidson,Nashville,5/11/2016 7:40:00 AM,2,0,0,36.173710,-86.581920,CENTRAL PKE,,,,0.00,Feet,,N NEW HOPE RD,,,,0.00,Y,T-Intersection, ,Intersection,None,,,         ,William,Mckay,Cloudy,Front to Rear,no,no,no,no,no,False
101192023,METROPOLITAN NASHVILLE POLICE DEPT,20160428580,Davidson,Nashville,5/11/2016 6:53:00 AM,1,1,0,36.183790,-86.798390,I 65,,,,0.00,,,,,,,85.30,N,Not at Intersection,Y,Non-Junction,None,,,         ,Michael,McCord,Cloudy,Not Collision with Motor Vehicle in Transport,no,no,no,no,no,False
101192026,METROPOLITAN NASHVILLE POLICE DEPT,20160428671,Davidson,Nashville,5/11/2016 7:30:00 AM,2,0,0,36.145590,-86.654160,MCCRORY CREEK RD,,,,753.00,Feet,East,HURT DR,,,,0.00,N,Not at Intersection,N,Non-Junction,None,,,         ,Tyler,Adcock,Cloudy,"Sideswipe, Opposite Direction",no,no,no,no,no,False
101192035,METROPOLITAN NASHVILLE POLICE DEPT,20160428643,Davidson,Nashville,5/11/2016 7:30:00 AM,2,0,0,36.207560,-86.792140,WHITES CREEK PKE,,,,252.00,Feet,North,W TRINITY LN,,,,0.00,N,Not at Intersection, ,,None,,,         ,Alan,Jordan,,,no,no,no,no,no,False
101192036,METROPOLITAN NASHVILLE POLICE DEPT,20160428594,Davidson,Nashville,5/11/2016 7:10:00 AM,2,0,0,36.194400,-86.772350,DOUGLAS AV,,,,0.00,,,DICKERSON PKE,,,,0.00,Y,Four-Way, ,Intersection-Related,None,,,         ,Alex,Moore,Clear,"Sideswipe, Same Direction",no,no,no,no,no,False
101192044,METROPOLITAN NASHVILLE POLICE DEPT,2016-0428757,Davidson,Nashville,5/11/2016 8:00:00 AM,2,0,0,36.171710,-86.865240,CENTENNIAL BLVD,,,,160.00,Feet,East,BRILEY PKWY N ENT RAMP,,,,0.00,N,Not at Intersection, ,,None,,,         ,George,Spencer,,,no,no,no,yes,no,False
101192047,METROPOLITAN NASHVILLE POLICE DEPT,20160425578,Davidson,Nashville,5/10/2016 12:33:00 PM,2,0,0,36.204760,-86.724440,MCGAVOCK PKE,,,,0.00,,,RIVERSIDE DR,,,,0.00,Y,Four-Way,N,Non-Junction,None,,,         ,Alex,Moore,Clear,Angle,no,no,no,no,no,False
101192049,METROPOLITAN NASHVILLE POLICE DEPT,20160428717,Davidson,Nashville,5/11/2016 7:52:00 AM,2,0,0,36.036870,-86.786730,FRANKLIN PKE,,,,201.00,Feet,South,FRANKLIN RD,,,,0.00,N,Not at Intersection, ,Non-Junction,None,,,         ,Nathan,Kemp,Clear,Front to Rear,no,no,no,no,no,False
101192050,METROPOLITAN NASHVILLE POLICE DEPT,20160428789,Davidson,Nashville,5/11/2016 8:21:00 AM,2,0,0,36.030370,-86.747310,STERLING OAKS PVTDR,,,,144.00,Feet,South,STERLING OAKS DR,,,,0.00,N,Not at Intersection,N,Non-Junction,None,,,         ,Nathan,Kemp,Clear,Front to Rear,no,no,no,no,no,False
101192052,GOODLETTSVILLE POLICE DEPT,16-17117,Davidson,Goodlettsville,5/11/2016 8:20:00 AM,2,0,0,36.309469,-86.695610,VIETNAM VETERANS,BLVD,SR386,,0.00,,,CONFERENCE,DR,,,0.00,Y,OTHER, ,Intersection-Related,None,,,         ,Charles,Hauskin,Cloudy,Front to Rear,no,no,no,no,no,False
101192053,METROPOLITAN NASHVILLE POLICE DEPT,2016-0428704,Davidson,Nashville,5/11/2016 7:42:00 AM,3,1,0,36.114060,-86.812360,WOODMONT BLVD,,,,16.00,Feet,West,VALLEY BROOK RD,,,,0.00,N,Not at Intersection,N,Non-Junction,None,,,         ,Paul,Junkmann,Cloudy,Front to Rear,no,no,no,no,yes,False
101192056,METROPOLITAN NASHVILLE POLICE DEPT,20160425352,Davidson,Nashville,5/10/2016 12:00:00 AM,2,0,0,36.062900,-86.716910,NOLENSVILLE PKE,,,,0.00,Feet,East,FAIRLANE DR,,,,0.00,N,Not at Intersection, ,Non-Junction,None,,,         ,Kevin,Crawford,Clear,Angle,no,no,no,no,no,False
101192057,METROPOLITAN NASHVILLE POLICE DEPT,2016-0425863,Davidson,Nashville,5/10/2016 1:50:00 PM,2,0,0,36.156910,-86.760480,I40 W ENT RAMP,,,,0.00,,,I 24,,,,0.00,Y,Y-Intersection, ,Intersection-Related,None,,,         ,Daniel,Massey,Clear,"Sideswipe, Same Direction",no,no,no,no,no,False
101192063,METROPOLITAN NASHVILLE POLICE DEPT,20160428736,Davidson,Not in City Limit,5/11/2016 8:01:00 AM,1,1,0,36.351460,-86.878940,WHITES CREEK PKE,,,,425.00,Feet,South,BAXTER RD,,,,0.00,N,Not at Intersection,N,"Driveway, Alley Access, etc",None,,,         ,Michael,McCord,Cloudy,Not Collision with Motor Vehicle in Transport,no,no,no,no,no,False
101192064,METROPOLITAN NASHVILLE POLICE DEPT,20160428795,Davidson,Nashville,5/11/2016 8:24:00 AM,2,0,0,36.168440,-86.813570,I40 E EXT RAMP,,,,0.00,,,I 40,,,,0.00,Y,Y-Intersection, ,Entrance/Exit Ramp Related,None,,,         ,Marcus,Darden,Clear,Front to Rear,no,no,no,no,no,False
101192065,METROPOLITAN NASHVILLE POLICE DEPT,20160428781,Davidson,Nashville,5/11/2016 6:25:00 AM,1,0,0,36.060110,-86.716180,STRASSER DR,,,,64.00,Feet,East,NOLENSVILLE PKE,,,,0.00,N,Not at Intersection,N,Non-Junction,None,,,         ,Stanley,Collins,Rain,Not Collision with Motor Vehicle in Transport,no,no,no,yes,no,False
101192072,GOODLETTSVILLE POLICE DEPT,16-17108,Davidson,Goodlettsville,5/11/2016 7:17:00 AM,2,1,0,36.322250,-86.713290,US HWY 31W,,,,0.00,,,STATE HWY 174,,,,0.00,Y,T-Intersection,N,Intersection-Related,None,,,         ,Timothy,Preston,Cloudy,Front to Rear,no,no,no,no,no,False
101192074,METROPOLITAN NASHVILLE POLICE DEPT,20160428552,Davidson,Not in City Limit,5/11/2016 6:32:00 AM,1,0,0,36.118930,-86.945500,OLD CHARLOTTE PKE,,,,150.00,Feet,West,SULLIVAN HOLLOW RD PVTDR,,,,0.00,N,Not at Intersection,N,Non-Junction,None,,,         ,Andrew,Maholland,Cloudy,Not Collision with Motor Vehicle in Transport,no,no,no,no,no,False
101192082,METROPOLITAN NASHVILLE POLICE DEPT,20160428934,Davidson,Nashville,5/11/2016 9:12:00 AM,2,0,0,36.179650,-86.762890,ELLINGTON PKWYS,,,,625.00,Feet,North,SPRING ST ENT RAMP,,,,0.00,N,Not at Intersection, ,Non-Junction,None,,,         ,Jared,Eaves,Clear,Front to Rear,no,no,no,no,no,False
101192083,METROPOLITAN NASHVILLE POLICE DEPT,20160428943,Davidson,Nashville,5/11/2016 9:20:00 AM,2,1,0,36.069730,-86.695320,HAYWOOD LN,,,,166.00,Feet,East,KEELEY DR,,,,0.00,N,Not at Intersection,N,Non-Junction,None,,,         ,Steven,Williams,Clear,Front to Rear,no,no,no,no,no,False
101192091,METROPOLITAN NASHVILLE POLICE DEPT,20160412492,Davidson,Nashville,5/6/2016 7:46:00 AM,2,0,0,36.248460,-86.742400,I 65,,,,0.00,,,,,,,91.10,N,Not at Intersection, ,Non-Junction,None,,,         ,Jack,Crouch,Clear,"Sideswipe, Same Direction",no,no,no,no,yes,False
101192092,METROPOLITAN NASHVILLE POLICE DEPT,20160428829,Davidson,Nashville,5/11/2016 8:14:00 AM,3,0,0,36.117540,-86.921960,CHARLOTTE,PIKE,SR7335,,0.00,,West,,,,,0.22,N,Not at Intersection, ,Non-Junction,None,,,         ,Christopher,Taylor,Clear,Front to Rear,no,no,no,no,no,False
101192095,METROPOLITAN NASHVILLE POLICE DEPT,20160428853,Davidson,Nashville,5/11/2016 8:45:00 AM,2,0,0,36.235830,-86.763810,I 65,,,,0.00,,,,,,,89.60,N,Not at Intersection, ,,None,,,         ,Joshua,Borum,,,no,no,no,no,no,False
101192100,METROPOLITAN NASHVILLE POLICE DEPT,20160428555,Davidson,Nashville,5/11/2016 6:35:00 AM,2,0,0,36.074700,-86.754340,BLACKMAN RD,,,,0.00,,,,,,,0.00,,,N,OtherLocation,None,,,         ,Sean,Pulizzano,Rain,Front to Rear,no,no,no,no,yes,False
101192104,METROPOLITAN NASHVILLE POLICE DEPT,20160428767,Davidson,Nashville,5/11/2016 8:10:00 AM,2,2,0,36.176610,-86.777700,SPRING ST,,,,120.00,Feet,East,JEFFERSON ST,,,,0.00,N,Not at Intersection,N,Non-Junction,None,,,         ,Clint,Gilleland,Cloudy,HeadOn,no,no,no,no,no,False
101192108,METROPOLITAN NASHVILLE POLICE DEPT,20160428666,Davidson,Nashville,5/11/2016 7:24:00 AM,2,0,0,36.082360,-86.702130,LINBAR DR,,,,0.00,,,WALLACE RD,,,,0.00,Y,T-Intersection, ,,None,,,         ,Thomas,White,,,no,no,no,no,no,False
101192110,METROPOLITAN NASHVILLE POLICE DEPT,20160428851,Davidson,Nashville,5/11/2016 8:36:00 AM,2,0,0,0.000000,0.000000,HAYWOOD,LN,SR1,HAYWOOD LN,200.00,Feet,East,NOLENSVILLE,RD,,NOLENSVILLE RD,0.00,N,Not at Intersection, ,Non-Junction,None,,,         ,Thomas,White,Clear,Front to Rear,no,no,no,no,yes,False
101192112,GOODLETTSVILLE POLICE DEPT,16-17107,Davidson,Goodlettsville,5/11/2016 6:32:00 AM,2,0,0,36.329480,-86.707960,I 65,,,,0.00,,,,,,,97.40,N,Not at Intersection, ,Non-Junction,None,,,         ,Benny,Alexander,Cloudy,Front to Rear,no,no,no,no,no,False
101192119,METROPOLITAN NASHVILLE POLICE DEPT,2016-0426520,Davidson,Nashville,5/10/2016 5:15:00 PM,2,0,0,36.155050,-86.830640,I 40,,,,0.00,,,,,,,205.50,N,Not at Intersection,N,Non-Junction,None,,,         ,Walter,Gray II,Clear,Front to Rear,no,no,no,no,no,False
101192120,METROPOLITAN NASHVILLE POLICE DEPT,2016-0428986,Davidson,Not in City Limit,5/11/2016 9:35:00 AM,1,0,0,36.078050,-86.993890,I 40,,,,0.00,,,,,,,194.00,N,Not at Intersection, ,Non-Junction,None,,,         ,Walter,Gray II,Clear,Not Collision with Motor Vehicle in Transport,no,no,no,no,no,False
101192123,METROPOLITAN NASHVILLE POLICE DEPT,20160417424,Davidson,Nashville,5/7/2016 9:08:00 PM,2,1,0,36.263910,-86.690300,STATE RT 45,,,,0.00,,,MYATT DR,,,,0.00,Y,Four-Way,N,Intersection,None,,,         ,William,Waters,Clear,HeadOn,no,no,no,no,yes,False
101192128,METROPOLITAN NASHVILLE POLICE DEPT,20160428885,Davidson,Nashville,5/11/2016 8:15:00 AM,2,0,0,36.049230,-86.651950,BELL RD,,,,68.00,Feet,West,HICKORY HOLLOW MALL PVTDR PL,,,,0.00,N,Not at Intersection, ,Non-Junction,None,,,         ,Brandon,O'Guin,Cloudy,Front to Rear,no,no,no,no,no,False
101192129,METROPOLITAN NASHVILLE POLICE DEPT,2016-0428615,Davidson,Antioch,5/11/2016 6:20:00 AM,2,1,0,36.032670,-86.569650,W NIR SHRIEBMAN RD,,,,392.00,Feet,North,CONSTITUTION AVE,,,,0.00,N,Not at Intersection,N,OtherLocation,None,,,         ,James,Grady,Cloudy,Angle,no,no,no,no,no,False
101192134,METROPOLITAN NASHVILLE POLICE DEPT,20160428819,Davidson,Nashville,5/11/2016 8:17:00 AM,2,0,0,36.238660,-86.778650,BRILEY PKWYE,,,,0.00,,,BRILEY PKWY E ENT RAMP,,,,0.00,Y,OTHER, ,Non-Junction,None,,,         ,James,Curtis,Cloudy,Unknown,no,no,no,no,yes,False
101192140,METROPOLITAN NASHVILLE POLICE DEPT,20160429015,Davidson,Nashville,5/11/2016 9:47:00 AM,2,0,0,36.200230,-86.776670,I 65,,,,0.00,,,,,,,86.90,N,Not at Intersection, ,Non-Junction,None,,,         ,Michael,McCord,Cloudy,Front to Rear,no,no,no,no,no,False
101192141,METROPOLITAN NASHVILLE POLICE DEPT,2016-428963,Davidson,Nashville,5/11/2016 9:25:00 AM,2,0,0,36.174400,-86.774190,N 1ST ST,,,,0.00,,,OLDHAM ST,,,,0.00,Y,Four-Way,N,Intersection,None,,,         ,Charles,Coe,Cloudy,Angle,no,no,no,no,no,False
101192142,METROPOLITAN NASHVILLE POLICE DEPT,20160429103,Davidson,Nashville,5/11/2016 7:20:00 AM,1,0,0,36.242490,-86.785470,I 24,,,,0.00,,,,,,,43.20,N,Not at Intersection, ,,None,,,         ,Larry,Benz,,,no,no,no,no,no,False
101192144,METROPOLITAN NASHVILLE POLICE DEPT,16-0428653,Davidson,Nashville,5/11/2016 7:29:00 AM,2,0,0,36.165860,-86.781910,5TH AVN,,,,0.00,,,CHARLOTTE AV,,,,0.00,Y,Four-Way, ,Non-Junction,None,,,         ,Frank,Campbell,Cloudy,"Sideswipe, Same Direction",no,no,no,no,no,False
101192146,METROPOLITAN NASHVILLE POLICE DEPT,2016-0429144,Davidson,Nashville,5/11/2016 9:45:00 AM,2,0,0,36.229290,-86.595040,SAUNDERSVILLE RD,,,,122.00,Feet,West,GENERAL KERSHAW DR,,,,0.00,N,Not at Intersection, ,Non-Junction,None,,,         ,Michael,Baker,Cloudy,Front to Rear,no,no,no,no,yes,False
101192155,METROPOLITAN NASHVILLE POLICE DEPT,20160428786,Davidson,Antioch,5/11/2016 7:40:00 AM,2,0,0,36.025470,-86.587420,MURFREESBORO RD,,,,437.00,Feet,North,WALDRON RD,,,,0.00,N,Not at Intersection, ,,None,,,         ,Brandon,O'Guin,,,no,no,no,no,no,False
101192158,METROPOLITAN NASHVILLE POLICE DEPT,2016-0429016,Davidson,Nashville,5/11/2016 10:00:00 AM,2,0,0,36.109540,-86.815360,GREEN HILLS VILLAGE DR,,,,0.00,,,CRESTMOOR RD,,,,0.00,Y,OTHER, ,OtherLocation,None,,,         ,George,Spencer,Clear,Angle,no,no,no,no,no,False
101192177,METROPOLITAN NASHVILLE POLICE DEPT,2016-0429272,Davidson,Nashville,5/11/2016 11:00:00 AM,1,0,0,0.000000,0.000000,HWY 70,,US70,8944,1500.00,Feet,West,,,,,0.05,N,Not at Intersection, ,Non-Junction,None,,,         ,Walter,Gray II,Clear,Not Collision with Motor Vehicle in Transport,no,no,no,no,no,False
101192181,THP District 9 - Administrative,316027725,Davidson,Nashville,5/10/2016 4:18:00 PM,2,2,0,36.167400,-86.662450,LEBANON PKE,,,,84.00,Feet,West,EDDINGS LN,,,,0.00,N,Not at Intersection,N,Non-Junction,None,,,         ,James,Gatlin,Clear,Front to Rear,no,no,no,no,no,False
101192182,METROPOLITAN NASHVILLE POLICE DEPT,20160428937,Davidson,Nashville,5/11/2016 9:16:00 AM,2,0,0,36.173140,-86.791950,JEFFERSON ST,,,,137.00,Feet,East,9TH AVN,,,,0.00,N,Not at Intersection,N,Non-Junction,None,,,         ,Michael,Johnson,Clear,Angle,no,no,no,no,no,False
101192187,METROPOLITAN NASHVILLE POLICE DEPT,20160428602,Davidson,Nashville,5/11/2016 7:14:00 AM,2,0,0,36.192030,-86.781140,I 65,,,,0.00,,,,,,,86.25,N,Not at Intersection, ,Entrance/Exit Ramp Related,None,,,         ,Nicholas,MacDougall,Cloudy,Front to Rear,no,no,no,no,no,False
101192191,METROPOLITAN NASHVILLE POLICE DEPT,16-0429033,Davidson,Nashville,5/11/2016 9:56:00 AM,1,1,0,36.162860,-86.778410,4TH AVN,,,,200.00,Feet,North,COMMERCE ST,,,,0.00,N,Not at Intersection,N,Non-Junction,None,,,         ,Frank,Campbell,Cloudy,Not Collision with Motor Vehicle in Transport,yes,no,no,no,no,False
101192192,METROPOLITAN NASHVILLE POLICE DEPT,20160429374,Davidson,Nashville,5/11/2016 11:46:00 AM,2,0,0,36.110960,-86.745900,THOMPSON LN,,,,0.00,,,ELIZABETH ST,,,,0.00,Y,T-Intersection, ,Intersection,None,,,         ,Nathan,Kemp,Clear,"Sideswipe, Same Direction",no,no,no,no,no,False
101192208,METROPOLITAN NASHVILLE POLICE DEPT,20160428980,Davidson,Nashville,5/11/2016 9:30:00 AM,2,1,0,36.158720,-86.798380,CHARLOTTE AV,,,,72.00,Feet,West,17TH AVN,,,,0.00,N,Not at Intersection,N,Non-Junction,None,,,         ,Alan,Jordan,Cloudy,Angle,no,no,no,no,no,False
101192214,METROPOLITAN NASHVILLE POLICE DEPT,20160429089,Davidson,Nashville,5/11/2016 10:14:00 AM,2,1,0,36.164410,-86.776800,2ND AVN,,,,67.00,Feet,South,CHURCH ST,,,,0.00,N,Not at Intersection,N,Non-Junction,None,,,         ,Shawn,Taylor,Cloudy,"Sideswipe, Same Direction",no,no,no,no,no,False
101192215,METROPOLITAN NASHVILLE POLICE DEPT,20160429387,Davidson,Nashville,5/11/2016 12:23:00 PM,2,0,0,36.146310,-86.761660,TRIMBLE ST,,,,42.00,Feet,West,CLAIBORNE ST,,,,0.00,N,Not at Intersection, ,Non-Junction,None,,,         ,Jessie,Meadows,Clear,"Sideswipe, Opposite Direction",no,no,no,no,no,False
101192218,BELLE MEADE POLICE DEPT,2016-0095,Davidson,Belle Meade,5/3/2016 3:28:00 PM,2,1,0,36.120410,-86.853860,HARDING PKE,,,,253.00,Feet,West,GARDNER DR,,,,0.00,N,Not at Intersection,N,Non-Junction,None,,,         ,Dennis,Goins,Cloudy,Front to Rear,no,no,no,no,no,False
101192225,METROPOLITAN NASHVILLE POLICE DEPT,20160429647,Davidson,Nashville,5/11/2016 12:57:00 PM,2,0,0,36.111160,-86.755230,THOMPSON LN,,,,0.00,,,SIDCO DR,,,,0.00,Y,T-Intersection, ,Intersection,None,,,         ,Nathan,Kemp,Clear,Front to Rear,no,no,no,no,no,False
101192237,METROPOLITAN NASHVILLE POLICE DEPT,20160429414,Davidson,Nashville,5/11/2016 12:10:00 PM,2,0,0,36.239800,-86.773040,BRILEY PKWYW,,,,0.00,,,MOOREWOOD DR,,,,0.00,Y,OTHER, ,Non-Junction,None,,,         ,Jeffery,Burnette,Cloudy,Front to Rear,no,no,no,no,no,False
101192238,METROPOLITAN NASHVILLE POLICE DEPT,2016-0425241,Davidson,Nashville,5/10/2016 10:20:00 AM,2,0,0,0.000000,0.000000,COMMERCE ST.,,,,110.00,Feet,East,7TH AVENUE NORTH,,,,0.00,N,Not at Intersection,N,Non-Junction,None,,,         ,William,Vincion,Clear,Angle,no,no,no,no,no,False
101192240,METROPOLITAN NASHVILLE POLICE DEPT,20160421140,Davidson,Madison,5/9/2016 9:10:00 AM,4,0,0,0.000000,0.000000,,,I65,,0.10,Miles,North,,,,,94.40,N,Not at Intersection,N,Non-Junction,None,,,         ,Faye,Denson,Clear,"Sideswipe, Same Direction",no,no,no,no,no,False
101192249,METROPOLITAN NASHVILLE POLICE DEPT,20160425855,Davidson,Nashville,5/10/2016 2:00:00 PM,2,0,0,36.172590,-86.762800,WOODLAND ST,,,,0.00,Feet,,S 6TH ST,,,,0.00,Y,Four-Way,Y,Intersection,None,,,         ,Jeremy,Stricklin,Clear,Angle,no,no,no,no,yes,False
101192275,METROPOLITAN NASHVILLE POLICE DEPT,2016-0429523,Davidson,Nashville,5/11/2016 12:34:00 PM,2,0,0,36.150690,-86.858270,OBRIEN AV,,,,124.00,Feet,West,WHITE BRIDGE PKE,,,,0.00,N,Not at Intersection,N,Non-Junction,None,,,         ,Walter,Gray II,Clear,Other,no,no,no,yes,no,False
101192281,METROPOLITAN NASHVILLE POLICE DEPT,20160429336,Davidson,Nashville,5/11/2016 11:30:00 AM,1,0,0,36.162820,-86.783120,7TH AVN,,,,250.00,Feet,South,UNION ST,,,,0.00,N,Not at Intersection,N,Non-Junction,None,,,         ,Timothy,Powell,Clear,Not Collision with Motor Vehicle in Transport,no,no,no,no,no,False
101192282,METROPOLITAN NASHVILLE POLICE DEPT,20160429548,Davidson,Nashville,5/11/2016 11:55:00 AM,2,0,0,36.153210,-86.764960,I 40,,,,0.00,,,,,,,210.70,N,Not at Intersection,Y,Non-Junction,None,,,         ,Wesley,Henderson,Cloudy,Front to Rear,no,no,no,no,yes,False
101192289,METROPOLITAN NASHVILLE POLICE DEPT,20160429822,Davidson,Nashville,5/11/2016 1:28:00 PM,1,0,0,36.108280,-86.736180,DOBBS AV,,,,50.00,Feet,North,TANKSLEY AV,,,,0.00,N,Not at Intersection,N,"Driveway, Alley Access, etc",None,,,         ,Brian,Lamb,Clear,Not Collision with Motor Vehicle in Transport,no,no,no,yes,yes,False
101192292,METROPOLITAN NASHVILLE POLICE DEPT,20160428743,Davidson,Nashville,5/11/2016 8:01:00 AM,2,3,0,36.231600,-86.781480,EWING DR,,,,0.00,,,BRICK CHURCH PKE,,,,0.00,Y,Four-Way,N,Intersection,None,,,         ,Jack,Crouch,Cloudy,Front to Rear,no,no,no,no,no,False
101192304,METROPOLITAN NASHVILLE POLICE DEPT,20160429571,Davidson,Nashville,5/11/2016 12:30:00 PM,2,0,0,36.158200,-86.799640,CHARLOTTE AV,,,,77.00,Feet,East,18TH AVN,,,,0.00,N,Not at Intersection,N,Non-Junction,None,,,         ,Nicholas,MacDougall,Clear,Angle,no,no,no,no,no,False
101192309,METROPOLITAN NASHVILLE POLICE DEPT,20160426439,Davidson,Nashville,5/10/2016 4:43:00 PM,2,0,0,36.079110,-86.720740,BROOKRIDGE TRL,,,,13.00,Feet,North,WALLACE RD,,,,0.00,N,Not at Intersection, ,Non-Junction,None,,,         ,William,Durham,Clear,Front to Rear,no,no,no,no,no,False
101192311,METROPOLITAN NASHVILLE POLICE DEPT,2016-0429074,Davidson,Nashville,5/6/2016 3:04:00 AM,1,0,0,0.000000,0.000000,4TH AVENUE S.,,,,80.00,Feet,North,DEMONBREUN STREET,,,,0.00,N,Not at Intersection,N,Non-Junction,None,,,         ,William,Vincion,Unknown,Not Collision with Motor Vehicle in Transport,no,no,no,yes,yes,False
101192312,METROPOLITAN NASHVILLE POLICE DEPT,2016-0429769,Davidson,Nashville,5/11/2016 1:30:00 PM,2,0,0,36.089140,-86.627450,BELL RD,,,,0.00,,,NASHBORO BLVD,,,,0.00,Y,T-Intersection, ,,None,,,         ,John,Nicholson,,,no,no,no,no,no,False