master_record_number,agency,agency_tracking_number,county,city,collision_date,vehicles_involved,number_injured,number_dead,latitude,longitude,roadway_name,roadway_suffix,roadway_number,roadway_local_id,distance_from_reference,miles-feet_indicator,direction_from_reference,intersection_road_name,intersection_road_name_suffix,intersection_road_number,intersection_local_id,mile_marker,intersection_indicator,intersect_type,interchange_related_indicator,relation_to_junction,work_zone_type,construction_maintenance_zone,construction_maintenance_zone_location,fatal_case_number,officer_first_name,officer_last_name,weather_condition(s),manner_of_crash,pedestrian,bicycle,scooter,parking,hitrun,mou
101192896,METROPOLITAN NASHVILLE POLICE DEPT,20160432277,Davidson,Nashville,5/12/2016 7:38:00 AM,2,0,0,36.052760,-86.644370,BELL RD,,,,258.00,Feet,North,EAGLE VIEW BLVD,,,,0.00,N,Not at Intersection,N,Non-Junction,None,,,         ,Brian,Penny,Clear,Unknown,no,no,no,no,no,False
101192900,METROPOLITAN NASHVILLE POLICE DEPT,20160432667,Davidson,Nashville,5/12/2016 10:15:00 AM,2,0,0,36.164030,-86.786240,CHARLOTTE AV,,,,0.00,,,ROSA L PARKS BLVD,,,,0.00,Y,T-Intersection, ,Intersection,None,,,         ,Michael,Johnson,Cloudy,Angle,no,no,no,no,no,False
101192902,METROPOLITAN NASHVILLE POLICE DEPT,2016-0430081,Davidson,Nashville,5/11/2016 3:39:00 PM,3,0,0,36.047040,-86.943360,HIGHWAY 100,,,,1093.00,Feet,West,MEADOW VIEW DR,,,,0.00,N,Not at Intersection,N,Non-Junction,None,,,         ,Walter,Gray II,Clear,Front to Rear,no,no,no,no,yes,False
101192903,METROPOLITAN NASHVILLE POLICE DEPT,2016-0430259,Davidson,Not in City Limit,5/11/2016 4:38:00 PM,1,0,0,36.058690,-86.941250,BEECH BEND DR,,,,210.00,Feet,South,BEECH BEND CT,,,,0.00,N,Not at Intersection, ,,None,,,         ,Walter,Gray II,,,no,no,no,no,no,False
101192905,GOODLETTSVILLE POLICE DEPT,16-17246,Davidson,Goodlettsville,5/12/2016 7:02:00 AM,3,2,0,36.323500,-86.705940,STATE HWY 174,,,,0.00,,,I 65,,,,0.00,Y,OTHER,Y,Intersection,None,,,         ,Benny,Alexander,Clear,HeadOn,no,no,no,no,no,False
101192909,METROPOLITAN NASHVILLE POLICE DEPT,20160429846,Davidson,Nashville,5/11/2016 2:00:00 PM,2,1,0,36.153830,-86.757960,I 40,,,,0.00,,,,,,,211.10,N,Not at Intersection,N,Non-Junction,None,,,         ,Larry,Benz,Clear,Angle,no,no,no,no,no,False
101192912,METROPOLITAN NASHVILLE POLICE DEPT,20160432875,Davidson,Nashville,5/12/2016 11:35:00 AM,2,0,0,36.082030,-86.761740,I65 N EXT RAMP,,,,0.00,,,HARDING PL,,,,0.00,Y,Four-Way, ,Entrance/Exit Ramp Related,None,,,         ,Earl,Davis,Cloudy,Front to Rear,no,no,no,no,no,False
101192916,METROPOLITAN NASHVILLE POLICE DEPT,2016-0432659,Davidson,Nashville,5/12/2016 9:43:00 AM,2,0,0,36.158720,-86.849260,MICHIGAN AV,,,,98.00,Feet,West,51ST AVN,,,,0.00,N,Not at Intersection, ,"Driveway, Alley Access, etc",None,,,         ,Walter,Gray II,Clear,Angle,no,no,no,no,no,False
101192917,METROPOLITAN NASHVILLE POLICE DEPT,20160429755,Davidson,Nashville,5/11/2016 1:30:00 PM,2,0,0,36.147300,-86.757920,LAFAYETTE ST,,,,0.00,,,FAIRFIELD AV,,,,0.00,Y,Four-Way,N,Intersection,None,,,         ,Jason,Smith,Clear,Front to Rear,no,no,no,no,no,False
101192921,METROPOLITAN NASHVILLE POLICE DEPT,2016-0432791,Davidson,Nashville,5/12/2016 11:09:00 AM,2,0,0,36.078910,-86.726120,NOLENSVILLE PKE,,,,260.00,Feet,South,HARDING PL,,,,0.00,N,Not at Intersection, ,,None,,,         ,Stanley,Collins,,,no,no,no,no,no,False
101192928,METROPOLITAN NASHVILLE POLICE DEPT,2016-0432720,Davidson,Nashville,5/12/2016 9:53:00 AM,2,0,0,36.050590,-86.877650,OLD HICKORY BLVD,,,,287.00,Feet,West,CHICKERING RD,,,,0.00,N,Not at Intersection, ,Non-Junction,None,,,         ,Walter,Gray II,Clear,Front to Rear,no,no,no,no,no,False
101192935,METROPOLITAN NASHVILLE POLICE DEPT,20160432746,Davidson,Nashville,5/12/2016 10:40:00 AM,2,0,0,36.134580,-86.725630,I24 W EXT RAMP,,,,0.00,,,I 24,,,,0.00,Y,Four-Way, ,Entrance/Exit Ramp Related,None,,,         ,Jedidayah,Merriweather,Clear,Front to Rear,no,no,no,no,no,False
101192940,BELLE MEADE POLICE DEPT,2016-0105,Davidson,Belle Meade,5/12/2016 11:15:00 AM,2,0,0,36.115340,-86.854670,CLARENDON AV,,,,0.00,,,BELLE MEADE BLVD,,,,0.00,Y,T-Intersection, ,Non-Junction,None,,,         ,Dennis,Goins,Cloudy,"Sideswipe, Same Direction",no,no,no,no,no,False
101192941,METROPOLITAN NASHVILLE POLICE DEPT,20160432815,Davidson,Nashville,5/12/2016 11:18:00 AM,2,1,0,36.150480,-86.770350,4TH AVS,,,,0.00,,,I40 E EXT RAMP,,,,0.00,Y,OTHER,Y,Intersection-Related,None,,,         ,Justin,Fox,Cloudy,Angle,no,no,no,no,no,False
101192949,VANDERBILT UNIVERSITY POLICE,16-0432851,Davidson,Nashville,5/12/2016 11:05:00 AM,2,0,0,36.141980,-86.810320,NATCHEZ TRC,,,,439.00,Feet,South,NATCHEZ TRC RAMP,,,,0.00,N,Not at Intersection, ,OtherLocation,None,,,         ,Olivia,Oliver,Cloudy,Rear to Rear,no,no,no,yes,no,Campus
101192950,METROPOLITAN NASHVILLE POLICE DEPT,20160433097,Davidson,Nashville,5/12/2016 11:10:00 AM,2,0,0,36.250020,-86.718970,GALLATIN PKES,,,,263.00,Feet,North,E PALESTINE AV,,,,0.00,N,Not at Intersection, ,Non-Junction,None,,,         ,Brian,Otto,Cloudy,Angle,no,no,no,no,no,False
101192968,METROPOLITAN NASHVILLE POLICE DEPT,20160432836,Davidson,Nashville,5/12/2016 11:15:00 AM,1,1,0,36.236800,-86.787480,I24 E EXT RAMP,,,,0.00,Feet,East,I 24,,,,0.00,N,Not at Intersection,Y,Entrance/Exit Ramp Related,None,,,         ,Alan,Jordan,Clear,Not Collision with Motor Vehicle in Transport,no,no,no,no,no,False
101192969,METROPOLITAN NASHVILLE POLICE DEPT,20160419613,Davidson,Nashville,5/8/2016 7:30:00 PM,3,0,0,36.075460,-86.687140,OVERBY DR,,,,257.00,Feet,South,DENISE DR,,,,0.00,N,Not at Intersection,N,Non-Junction,None,,,         ,Richard,Olive,Clear,"Sideswipe, Opposite Direction",no,no,no,no,no,False
101192975,METROPOLITAN NASHVILLE POLICE DEPT,20160432743,Davidson,Nashville,5/12/2016 10:49:00 AM,2,1,0,36.187780,-86.794320,I 65,,,,0.00,,,,,,,85.45,N,Not at Intersection,N,Non-Junction,None,,,         ,James,Wray,Clear,"Sideswipe, Same Direction",no,no,no,no,no,False
101192977,METROPOLITAN NASHVILLE POLICE DEPT,20160432876,Davidson,Nashville,5/12/2016 11:46:00 AM,2,0,0,36.241630,-86.759010,BRILEY PKWYW,,,,403.00,Feet,East,BRILEY PKWYE,,,,0.00,N,Not at Intersection, ,Entrance/Exit Ramp Related,None,,,         ,DuJuan,Kendrick,Clear,"Sideswipe, Same Direction",no,no,no,no,no,False
101192980,METROPOLITAN NASHVILLE POLICE DEPT,20160433159,Davidson,Nashville,5/12/2016 1:15:00 PM,2,0,0,36.215020,-86.592560,LEBANON PKE,,,,1187.00,Feet,West,ANDREW JACKSON PKWY,,,,0.00,N,Not at Intersection,N,"Driveway, Alley Access, etc",None,,,         ,Michael,Dance,Cloudy,"Sideswipe, Same Direction",no,no,no,no,yes,False
101193001,METROPOLITAN NASHVILLE POLICE DEPT,20160432946,Davidson,Nashville,5/12/2016 12:31:00 PM,2,0,0,36.174280,-86.787420,JEFFERSON ST,,,,0.00,,,5TH AVN,,,,0.00,Y,Four-Way, ,Intersection,None,,,         ,Michael,Johnson,Cloudy,Front to Rear,no,no,no,no,no,False
101193025,METROPOLITAN NASHVILLE POLICE DEPT,20160432270,Davidson,Nashville,5/12/2016 7:30:00 AM,4,1,0,0.000000,0.000000,MURFREESBORO,RD,,,100.00,Feet,South,PIN HOOK,RD,,,0.00,N,Not at Intersection,N,Non-Junction,None,,,         ,Steven,Snitzer,Cloudy,Front to Rear,no,no,no,no,no,False
101193029,METROPOLITAN NASHVILLE POLICE DEPT,2016-0429754,Davidson,Nashville,5/11/2016 1:35:00 PM,1,0,0,36.161780,-86.760850,I 24,,,,0.00,,,,,,,49.35,N,Not at Intersection,N,Non-Junction,None,,,         ,Timothy,Powell,Clear,Not Collision with Motor Vehicle in Transport,no,no,no,no,no,False
101193032,METROPOLITAN NASHVILLE POLICE DEPT,20160433247,Davidson,Nashville,5/12/2016 12:00:00 AM,1,0,0,36.054780,-86.667330,HICKORY HOLLOW PKWY,,,,1479.00,Feet,East,MT VIEW RD,,,,0.00,N,Not at Intersection,N,Non-Junction,None,,,         ,Brian,Lamb,Rain,Not Collision with Motor Vehicle in Transport,no,no,no,no,no,False
101193042,METROPOLITAN NASHVILLE POLICE DEPT,2016-0433165,Davidson,Nashville,5/12/2016 1:26:00 PM,2,0,0,36.081120,-86.715400,HARDING PL,,,,84.00,Feet,West,HUMBER DR,,,,0.00,N,Not at Intersection, ,Non-Junction,Construction Zone,,,         ,Stanley,Collins,Rain,Angle,no,no,no,no,no,False
101193065,METROPOLITAN NASHVILLE POLICE DEPT,20160431122,Davidson,Goodlettsville,5/11/2016 8:30:00 PM,2,0,0,36.297480,-86.699560,RIVERGATE PKWY,,,,237.00,Feet,North,GALLATIN PKEN,,,,0.00,N,Not at Intersection, ,Non-Junction,None,,,         ,Jordan,Vrbas,Clear,"Sideswipe, Same Direction",no,no,no,no,no,False
101193066,METROPOLITAN NASHVILLE POLICE DEPT,20160429501,Davidson,Nashville,5/11/2016 12:26:00 PM,2,0,0,36.139370,-86.819340,MURPHY RD,,,,69.00,Feet,West,WEST END AV,,,,0.00,N,Not at Intersection,N,Non-Junction,None,,,         ,Darrell,Osment,Cloudy,Angle,no,no,no,no,no,False
101193068,METROPOLITAN NASHVILLE POLICE DEPT,20160419817,Davidson,Nashville,5/8/2016 9:25:00 PM,2,0,0,36.083350,-86.703710,LINBAR DR,,,,423.00,Feet,South,LARGO DR,,,,0.00,N,Not at Intersection,N,Non-Junction,None,,,         ,Alyson,Cook,Clear,Front to Rear,no,no,no,no,no,False
101193070,BELLE MEADE POLICE DEPT,16-0106,Davidson,Belle Meade,5/12/2016 11:57:00 AM,2,3,0,36.110010,-86.864910,HARDING PKE,,,,1320.00,Feet,South,JACKSON BLVD,,,,0.00,N,Not at Intersection,N,"Driveway, Alley Access, etc",None,,,         ,Doris,Howell,Cloudy,Front to Rear,no,no,no,no,no,False
101193074,METROPOLITAN NASHVILLE POLICE DEPT,2016-0432469,Davidson,Nashville,5/12/2016 8:51:00 AM,2,0,0,36.229160,-86.780850,I 24,,,,0.00,,,,,,,44.25,N,Not at Intersection,N,Non-Junction,None,,,         ,William,Caillouette,Clear,Front to Rear,no,no,no,no,no,False
101193075,METROPOLITAN NASHVILLE POLICE DEPT,20160432853,Davidson,Not in City Limit,5/12/2016 11:27:00 AM,2,0,0,36.278440,-86.709220,GALLATIN PKEN,,,,350.00,Feet,South,ONE MILE PKWY,,,,0.00,N,Not at Intersection, ,OtherLocation,None,,,         ,Samuel,Miller,Cloudy,"Sideswipe, Same Direction",no,no,no,no,no,False
101193079,METROPOLITAN NASHVILLE POLICE DEPT,20160422716,Davidson,Nashville,5/9/2016 5:15:00 PM,2,3,0,36.171000,-86.679620,MCGAVOCK PKE,,,,600.00,Feet,North,LEBANON PKE,,,,0.00,N,Not at Intersection,N,Non-Junction,None,,,         ,Brent,Hedgcoth,Clear,Angle,no,no,no,no,no,False
101193088,GOODLETTSVILLE POLICE DEPT,16-17159,Davidson,Goodlettsville,5/11/2016 5:08:00 PM,6,1,0,36.306080,-86.701110,VIETNAM VETERANS,BLVD,SR386,,231.00,Feet,West,VIETNAM VETERANS,BLVD,SR386,VIETNAM VETERANS EAST ENTERANCE RAMP,1.00,N,Not at Intersection,N,Non-Junction,None,,,         ,Ashley,Akers,Clear,Front to Rear,no,no,no,no,no,False
101193090,METROPOLITAN NASHVILLE POLICE DEPT,20160433357,Davidson,Nashville,5/12/2016 2:00:00 PM,2,0,0,36.065560,-86.680080,REEVES RD,,,,7.00,Feet,East,ANTIOCH PKE,,,,0.00,N,Not at Intersection,N,Non-Junction,None,,,         ,Oscar,Gomez,Cloudy,Front to Rear,no,no,no,no,no,False
101193098,METROPOLITAN NASHVILLE POLICE DEPT,20160426504,Davidson,Not in City Limit,5/10/2016 5:11:00 PM,2,0,0,36.260350,-86.738280,I 65,,,,0.00,,,,,,,92.00,N,Not at Intersection, ,Non-Junction,None,,,         ,Samuel,Miller,Clear,Front to Rear,no,no,no,no,no,False
101193113,METROPOLITAN NASHVILLE POLICE DEPT,20160433472,Davidson,Nashville,5/12/2016 2:36:00 PM,2,0,0,0.000000,0.000000,16TH,AVE,,1217,100.00,Feet,South,EDGEHILL,AVE,,,0.00,N,Not at Intersection, ,Non-Junction,None,,,         ,David,Collins,Cloudy,"Sideswipe, Same Direction",no,no,no,no,no,False
101193115,METROPOLITAN NASHVILLE POLICE DEPT,20160433531,Davidson,Nashville,5/12/2016 3:47:00 PM,2,1,0,36.189790,-86.614700,OLD HICKORY BLVD,,,,400.00,Feet,South,OLD LEBANON DIRT RD,,,,0.00,N,Not at Intersection,N,Non-Junction,None,,,         ,Tyler,Conrads,Clear,Front to Rear,no,no,no,no,no,False
101193117,METROPOLITAN NASHVILLE POLICE DEPT,20160433377,Davidson,Nashville,5/12/2016 2:42:00 PM,2,0,0,36.145500,-86.626190,LINCOYA BAY DR,,,,0.00,,,BELL RD,,,,0.00,Y,Four-Way, ,,None,,,         ,Brian,Smith,,,no,no,no,no,no,False
101193131,METROPOLITAN NASHVILLE POLICE DEPT,20160433555,Davidson,Nashville,5/12/2016 3:52:00 PM,2,0,0,36.086580,-86.771970,FRANKLIN PKE,,,,0.00,,,HARDING PL,,,,0.00,Y,Four-Way, ,Intersection-Related,None,,,         ,Tien,Nguyen,Cloudy,Angle,no,no,no,no,no,False
101193132,METROPOLITAN NASHVILLE POLICE DEPT,20160433320,Davidson,Nashville,5/12/2016 2:20:00 PM,2,3,0,36.156450,-86.631310,STEWARTS FERRY PKE,,,,0.00,,,I40 W EXT RAMP,,,,0.00,Y,OTHER,N,Intersection-Related,None,,,         ,Marcus,Mitchell,Rain,Angle,no,no,no,no,no,False
101193141,METROPOLITAN NASHVILLE POLICE DEPT,20160433497,Davidson,Nashville,5/12/2016 3:15:00 PM,2,0,0,36.143330,-86.794450,17TH AVS,,,,50.00,Feet,South,EDGEHILL AV,,,,0.00,N,Not at Intersection, ,Non-Junction,None,,,         ,Maria,Cortez,Cloudy,Angle,no,no,no,no,no,Campus
101193144,METROPOLITAN NASHVILLE POLICE DEPT,20160433598,Davidson,Nashville,5/12/2016 3:17:00 PM,2,0,0,36.076080,-86.640170,MURFREESBORO PKE,,,,539.00,Feet,South,LAKEVILLA DR,,,,0.00,N,Not at Intersection, ,Non-Junction,None,,,         ,Oscar,Gomez,Cloudy,Front to Rear,no,no,no,no,no,False
101193145,METROPOLITAN NASHVILLE POLICE DEPT,20160433481,Davidson,Nashville,5/12/2016 3:10:00 PM,1,1,0,36.067820,-86.730350,WHISPERING HILLS DR,,,,75.00,Feet,South,LEEANNE DR,,,,0.00,N,Not at Intersection,N,Non-Junction,None,,,         ,Jacob,Masteller,Rain,Not Collision with Motor Vehicle in Transport,no,no,no,no,no,False
101193147,METROPOLITAN NASHVILLE POLICE DEPT,20160433323,Davidson,Nashville,5/12/2016 2:23:00 PM,2,0,0,36.164920,-86.763760,I 24,,,,0.00,,,,,,,49.10,N,Not at Intersection, ,Non-Junction,None,,,         ,David,Hughes,Rain,Front to Rear,no,no,no,no,no,False
101193151,METROPOLITAN NASHVILLE POLICE DEPT,20160431009,Davidson,Nashville,5/11/2016 9:14:00 PM,1,1,0,36.148850,-86.804560,WEST END AV,,,,0.00,,,23RD AVN,,,,0.00,Y,Four-Way,N,Intersection,None,,,         ,Clyde,Stambaugh,Clear,Not Collision with Motor Vehicle in Transport,no,yes,no,no,no,Campus
101193152,METROPOLITAN NASHVILLE POLICE DEPT,20160433477,Davidson,Nashville,5/12/2016 3:10:00 PM,2,0,0,36.100290,-86.817760,OVERHILL DR,,,,33.00,Feet,North,KIRKWOOD RD,,,,0.00,N,Not at Intersection, ,Non-Junction,None,,,         ,Nicholas,Smith,Rain,Front to Rear,no,no,no,no,no,False
101193154,METROPOLITAN NASHVILLE POLICE DEPT,20160433533,Davidson,Nashville,5/12/2016 2:52:00 PM,2,1,0,36.049840,-86.562440,HURRICANE CREEK BOAT RMP,,,,0.00,,,STONES RIVER RD,,,,0.00,Y,Four-Way,N,Intersection,None,,,         ,Jaby,Djabbarov,Rain,Front to Rear,no,no,no,no,no,False
101193160,METROPOLITAN NASHVILLE POLICE DEPT,20160433483,Davidson,Nashville,5/12/2016 3:30:00 PM,2,0,0,36.132850,-86.727150,I 24,,,,0.00,,,,,,,52.00,N,Not at Intersection, ,Non-Junction,None,,,         ,Michael,Russell,Cloudy,Front to Rear,no,no,no,no,no,False
101193163,METROPOLITAN NASHVILLE POLICE DEPT,20160433395,Davidson,Nashville,5/12/2016 3:03:00 PM,2,1,0,36.123750,-86.747250,I 440,,,,0.00,,,,,,,6.50,N,Not at Intersection,N,Non-Junction,None,,,         ,William,Durham,Rain,Front to Rear,no,no,no,no,no,False
101193184,METROPOLITAN NASHVILLE POLICE DEPT,20160433197,Davidson,Nashville,5/12/2016 1:28:00 PM,2,0,0,36.044210,-86.624770,CEDAR ASH CRSG,,,,16.00,Feet,West,CLARK HILL CRSG,,,,0.00,N,Not at Intersection,N,Non-Junction,None,,,         ,William,Durham,Rain,Other,no,no,no,no,no,False
101193198,GOODLETTSVILLE POLICE DEPT,16-17264,Davidson,Goodlettsville,5/12/2016 12:15:00 PM,2,3,0,36.298150,-86.723010,DRY CREEK LN,,,,0.00,,,US HWY 31W,,,,0.00,Y,Four-Way,N,Intersection,None,,,         ,Benny,Alexander,Cloudy,Angle,no,no,no,no,no,False
101193201,METROPOLITAN NASHVILLE POLICE DEPT,20160433626,Davidson,Nashville,5/12/2016 4:15:00 PM,2,0,0,36.145560,-86.666690,DONELSON PKE,,,,123.00,Feet,North,SHACKLETT DR,,,,0.00,N,Not at Intersection, ,Non-Junction,None,,,         ,Carey,Steel,Cloudy,Front to Rear,no,no,no,no,no,False
101193204,GOODLETTSVILLE POLICE DEPT,16-17149,Davidson,Goodlettsville,5/11/2016 3:44:00 PM,2,1,0,36.312130,-86.675630,STATE HWY 386,,,,1077.00,Feet,North,EXIT 2,,,,0.00,N,Not at Intersection,N,Non-Junction,None,,,         ,Benny,Alexander,Clear,Front to Rear,no,no,no,no,no,False
101193216,METROPOLITAN NASHVILLE POLICE DEPT,2016-0433692,Davidson,Nashville,5/12/2016 4:25:00 PM,3,0,0,36.140870,-86.886360,I 40,,,,0.00,,,,,,,202.10,N,Not at Intersection,N,Non-Junction,None,,,         ,Ryan,Allen,Cloudy,Front to Rear,no,no,no,no,yes,False
101193223,METROPOLITAN NASHVILLE POLICE DEPT,20160433620,Davidson,Nashville,5/12/2016 4:21:00 PM,3,2,0,36.153550,-86.849000,I 40,,,,0.00,,,,,,,204.45,N,Not at Intersection,N,Non-Junction,None,,,         ,Shaun,Heath,Clear,Not Collision with Motor Vehicle in Transport,no,no,no,no,no,False
101193224,METROPOLITAN NASHVILLE POLICE DEPT,20160433773,Davidson,Nashville,5/12/2016 5:28:00 PM,2,0,0,36.110490,-86.783650,WOODMONT BLVD,,,,0.00,,,GENERAL BATE DR,,,,0.00,Y,T-Intersection, ,Intersection-Related,None,,,         ,Tien,Nguyen,Cloudy,Front to Rear,no,no,no,no,no,False
101193227,GOODLETTSVILLE POLICE DEPT,16-17297,Davidson,Goodlettsville,5/12/2016 5:20:00 PM,2,0,0,36.306150,-86.700720,VIETNAM VETERANS,BLVD,SR386,VIETNAM VETERANS,235.00,Feet,,VIETNAM VETERANS,BLVD,SR386,,1.00,N,Not at Intersection,N,Non-Junction,None,,,         ,Ashley,Akers,Clear,Front to Rear,no,no,no,no,no,False
101193228,METROPOLITAN NASHVILLE POLICE DEPT,20160433716,Davidson,Nashville,5/12/2016 12:00:00 AM,2,0,0,36.057720,-86.716220,NOLENSVILLE PKE,,,,0.00,,,,,,,0.00,,,N,Non-Junction,None,,,         ,Clyde,Stambaugh,Clear,Unknown,no,no,no,no,yes,False
101193229,METROPOLITAN NASHVILLE POLICE DEPT,20160433843,Davidson,Nashville,5/12/2016 5:48:00 PM,2,0,0,36.091970,-86.630750,SMITH SPRINGS RD,,,,0.00,,,OLD SMITH SPRINGS RD,,,,0.00,Y,T-Intersection, ,,None,,,         ,Michael,Apsey,,,no,no,no,no,no,False
101193238,METROPOLITAN NASHVILLE POLICE DEPT,20160433583,Davidson,Goodlettsville,5/12/2016 4:00:00 PM,2,0,0,36.287420,-86.726060,I 65,,,,0.00,,,,,,,94.00,N,Not at Intersection, ,Non-Junction,None,,,         ,Jerry,Pirtle,Cloudy,Front to Rear,no,no,no,no,yes,False
101193239,METROPOLITAN NASHVILLE POLICE DEPT,20160433457,Davidson,Nashville,5/12/2016 3:25:00 PM,4,3,0,36.149600,-86.860210,CHARLOTTE PKE,,,,100.00,Feet,West,OCEOLA AV,,,,0.00,N,Not at Intersection,N,Non-Junction,None,,,         ,Ryan,Worstall,Clear,Front to Rear,no,no,no,no,no,False
101193243,METROPOLITAN NASHVILLE POLICE DEPT,20160433871,Davidson,Nashville,5/12/2016 5:43:00 PM,2,0,0,36.110940,-86.745220,THOMPSON LN,,,,0.00,,,NOLENSVILLE PKE,,,,0.00,Y,Four-Way, ,Intersection,None,,,         ,Clyde,Stambaugh,Clear,Front to Rear,no,no,no,no,no,False
101193248,METROPOLITAN NASHVILLE POLICE DEPT,20160433666,Davidson,Nashville,5/12/2016 4:36:00 PM,2,0,0,36.153350,-86.764670,I 40,,,,0.00,,,,,,,210.70,N,Not at Intersection,N,Non-Junction,None,,,         ,Jason,King,Cloudy,Front to Rear,no,no,no,no,no,False
101193249,METROPOLITAN NASHVILLE POLICE DEPT,20160433769,Davidson,Old Hickory,5/12/2016 5:28:00 PM,2,2,0,36.290700,-86.640540,E HARBOR DR,,,,600.00,Feet,East,ROBINSON RD,,,,0.00,N,Not at Intersection,N,Non-Junction,None,,,         ,Tyler,Conrads,Clear,Front to Rear,no,no,no,no,no,False
101193258,METROPOLITAN NASHVILLE POLICE DEPT,20160433435,Davidson,Antioch,5/12/2016 3:40:00 PM,2,3,0,36.049840,-86.562440,HURRICANE CREEK BOAT RMP,,,,1202.00,Feet,East,LAVERGNE COUCHVILLE PKE,,,,0.00,N,Not at Intersection,N,Non-Junction,None,,,         ,Larry,Preuett,Cloudy,Angle,no,no,no,no,no,False
101193264,METROPOLITAN NASHVILLE POLICE DEPT,2016-0433494,Davidson,Nashville,5/12/2016 3:38:00 PM,2,0,0,36.212500,-86.850850,W HAMILTON RD,,,,451.00,Feet,East,W HAMILTON CT,,,,0.00,N,Not at Intersection, ,Non-Junction,None,,,         ,Christopher,Templin,Clear,"Sideswipe, Opposite Direction",no,no,no,no,yes,False
101193265,METROPOLITAN NASHVILLE POLICE DEPT,20160433685,Davidson,Not in City Limit,5/12/2016 4:52:00 PM,1,0,0,36.340730,-86.871700,WHITES CREEK PKE,,,,1600.00,Feet,North,MORGAN RD,,,,0.00,N,Not at Intersection,N,Non-Junction,None,,,         ,Christopher,Templin,Clear,Not Collision with Motor Vehicle in Transport,no,no,no,no,no,False
101193272,METROPOLITAN NASHVILLE POLICE DEPT,20160433912,Davidson,Madison,5/12/2016 6:17:00 PM,2,0,0,36.273190,-86.714020,NESBITT LN,,,,0.00,,,NESBITT LN PVTDR,,,,0.00,Y,T-Intersection, ,Non-Junction,None,,,         ,George,Oden,Clear,Front to Rear,no,no,no,no,no,False
101193283,GOODLETTSVILLE POLICE DEPT,16-17298,Davidson,Goodlettsville,5/12/2016 5:47:00 PM,3,2,0,36.298098,-86.699940,RIVERGATE PARKWAY,,,,0.00,,,GLEAVES STREET,,,,0.00,Y,Four-Way,N,Non-Junction,None,,,         ,Daniel,Knalls,Cloudy,Angle,no,no,no,no,no,False
101193286,METROPOLITAN NASHVILLE POLICE DEPT,20160433943,Davidson,Nashville,5/12/2016 5:40:00 PM,2,0,0,36.148960,-86.667310,ELM HILL PIKE,,,,105.00,Feet,East,NELSON PL,,,,0.00,N,Not at Intersection, ,,None,,,         ,Bradley,McIntyre,,,no,no,no,no,no,False
101193290,VANDERBILT UNIVERSITY POLICE,16-0433679,Davidson,Nashville,5/12/2016 4:25:00 PM,2,1,0,36.143850,-86.797710,EDGEHILL AV,,,,0.00,,,19TH AVS,,,,0.00,Y,OTHER,N,Intersection,None,,,         ,Donald,Dennis,Cloudy,Angle,no,no,no,no,no,Campus
101193292,METROPOLITAN NASHVILLE POLICE DEPT,20160433814,Davidson,Nashville,5/12/2016 5:30:00 PM,2,0,0,36.110090,-86.720590,I24 W EXT RAMP,,,,0.00,,,I 24,,,,0.00,Y,T-Intersection, ,Non-Junction,None,,,         ,Darryl,Williams,Clear,Front to Rear,no,no,no,no,no,False
101193294,METROPOLITAN NASHVILLE POLICE DEPT,20160433738,Davidson,Nashville,5/12/2016 5:13:00 PM,2,0,0,36.159500,-86.760470,I 24,,,,0.00,,,,,,,49.50,N,Not at Intersection, ,Non-Junction,None,,,         ,Jason,King,Cloudy,Front to Rear,no,no,no,no,no,False
101193295,METROPOLITAN NASHVILLE POLICE DEPT,20160434002,Davidson,Nashville,5/12/2016 5:35:00 PM,2,0,0,36.151920,-86.851170,53RD AVN,,,,60.00,Feet,North,CHARLOTTE AV,,,,0.00,N,Not at Intersection,N,Non-Junction,None,,,         ,Shaun,Heath,Clear,Angle,no,no,no,yes,yes,False
101193304,METROPOLITAN NASHVILLE POLICE DEPT,20160433807,Davidson,Antioch,5/12/2016 5:38:00 PM,2,2,0,0.000000,0.000000,OLD HICKORY,BLVD,,,0.00,,,FIRESTONE,PKWY,,,0.00,Y,T-Intersection,N,Non-Junction,None,,,         ,Victoria,Cunningham,Cloudy,Angle,no,no,no,no,no,False
101193311,METROPOLITAN NASHVILLE POLICE DEPT,20160433959,Davidson,Nashville,5/12/2016 6:24:00 PM,2,0,0,36.168420,-86.687960,LEBANON PKE,,,,0.00,,,BRILEY PKWY N ENT RAMP,,,,0.00,Y,OTHER, ,OtherLocation,None,,,         ,Christopher,Mackey,Clear,Front to Rear,no,no,no,no,no,False
101193317,METROPOLITAN NASHVILLE POLICE DEPT,20160433867,Davidson,Nashville,5/12/2016 5:59:00 PM,2,0,0,36.101170,-86.712370,I 24,,,,0.00,,,,,,,54.50,N,Not at Intersection, ,Non-Junction,None,,,         ,William,Durham,Cloudy,Front to Rear,no,no,no,no,no,False
101193318,METROPOLITAN NASHVILLE POLICE DEPT,20160434070,Davidson,Nashville,5/12/2016 12:20:00 PM,2,1,0,36.120590,-86.721420,BARRETT RD,,,,143.00,Feet,North,JACQULYN DR,,,,0.00,N,Not at Intersection,N,Non-Junction,None,,,         ,William,Durham,Cloudy,"Sideswipe, Opposite Direction",no,no,no,no,no,False
101193319,METROPOLITAN NASHVILLE POLICE DEPT,20160433421,Davidson,Nashville,5/12/2016 1:45:00 PM,1,0,0,36.106960,-86.743200,NOLENSVILLE PKE,,,,248.00,Feet,South,TIMMONS ST,,,,0.00,N,Not at Intersection, ,Non-Junction,None,,,         ,Daniel,Garrett,Clear,Not Collision with Motor Vehicle in Transport,no,no,no,yes,yes,False