master_record_number,agency,agency_tracking_number,county,city,collision_date,vehicles_involved,number_injured,number_dead,latitude,longitude,roadway_name,roadway_suffix,roadway_number,roadway_local_id,distance_from_reference,miles-feet_indicator,direction_from_reference,intersection_road_name,intersection_road_name_suffix,intersection_road_number,intersection_local_id,mile_marker,intersection_indicator,intersect_type,interchange_related_indicator,relation_to_junction,work_zone_type,construction_maintenance_zone,construction_maintenance_zone_location,fatal_case_number,officer_first_name,officer_last_name,weather_condition(s),manner_of_crash,pedestrian,bicycle,scooter,parking,hitrun,mou
101196459,METROPOLITAN NASHVILLE POLICE DEPT,20160446662,Davidson,Nashville,5/17/2016 8:50:00 AM,3,0,0,36.124080,-86.751680,NOLENSVILLE PKE,,,,0.00,,,I440 W EXT RAMP,,,,0.00,Y,T-Intersection, ,Intersection-Related,None,,,         ,Sean,Pulizzano,Rain,Front to Rear,no,no,no,no,no,False
101196460,METROPOLITAN NASHVILLE POLICE DEPT,20160446888,Davidson,Nashville,5/17/2016 9:49:00 AM,2,1,0,36.150310,-86.797250,BROADWAY,,,,0.00,,,LYLE AV,,,,0.00,Y,Four-Way,N,Intersection,None,,,         ,Darrell,Osment,Rain,Angle,no,no,no,no,no,False
101196461,METROPOLITAN NASHVILLE POLICE DEPT,20160446607,Davidson,Nashville,5/17/2016 8:37:00 AM,1,0,0,36.040000,-86.782660,I 65,,,,0.00,,,,,,,74.65,N,Not at Intersection,N,Non-Junction,None,,,         ,Kevin,Crawford,Rain,Not Collision with Motor Vehicle in Transport,no,no,no,no,no,False
101196464,METROPOLITAN NASHVILLE POLICE DEPT,20160446907,Davidson,Nashville,5/17/2016 9:45:00 AM,2,0,0,36.200780,-86.847770,ASHLAND CITY HWY,,,,78.00,Feet,South,WINDOVER DR,,,,0.00,N,Not at Intersection, ,Non-Junction,None,,,         ,Zachary,Ronan,Rain,Front to Rear,no,no,no,no,no,False
101196466,METROPOLITAN NASHVILLE POLICE DEPT,2016-0446872,Davidson,Nashville,5/17/2016 12:00:00 AM,1,0,0,36.229330,-86.835450,BRILEY PKWY W EXT RAMP,,,,0.00,Feet,East,BRILEY PKWYW,,,,0.00,N,Not at Intersection,N,Entrance/Exit Ramp Related,None,,,         ,William,Caillouette,Rain,Unknown,no,no,no,no,yes,False
101196476,METROPOLITAN NASHVILLE POLICE DEPT,20160446545,Davidson,Nashville,5/17/2016 7:30:00 AM,3,0,0,36.115770,-86.781910,I 440,,,,0.00,,,,,,,4.40,N,Not at Intersection,Y,Entrance/Exit Ramp Related,None,,,         ,Justin,Pinkelton,Rain,Front to Rear,no,no,no,no,no,False
101196477,METROPOLITAN NASHVILLE POLICE DEPT,20160446511,Davidson,Nashville,5/17/2016 7:45:00 AM,2,2,0,36.249010,-86.734490,S GRAYCROFT AV,,,,64.00,Feet,South,DUE WEST AVW,,,,0.00,N,Not at Intersection,N,Non-Junction,None,,,         ,Brian,Otto,Rain,Front to Rear,no,no,no,no,yes,False
101196478,METROPOLITAN NASHVILLE POLICE DEPT,2016-0446393,Davidson,Antioch,5/17/2016 7:00:00 AM,2,1,0,0.000000,0.000000,OLD HICKORY BLVD,BLVD,SR171,,200.00,Feet,South,12848 OLD HICKORY BLVD,BLVD,SR171,,0.00,N,Not at Intersection,N,"Driveway, Alley Access, etc",None,,,         ,William,Whitworth,Rain,Angle,no,no,no,no,no,False
101196479,METROPOLITAN NASHVILLE POLICE DEPT,20160446462,Davidson,Nashville,5/17/2016 7:30:00 AM,2,0,0,36.105890,-86.718470,I 24,,,,0.00,,,,,,,54.00,N,Not at Intersection,N,Non-Junction,None,,,         ,Pamela,Caulder,Rain,Front to Rear,no,no,no,no,no,False
101196481,METROPOLITAN NASHVILLE POLICE DEPT,20160446758,Davidson,Nashville,5/17/2016 9:20:00 AM,2,0,0,36.121360,-86.727270,I 24,,,,0.00,,,,,,,52.80,N,Not at Intersection, ,Non-Junction,None,,,         ,Richard,Hyatt,Rain,"Sideswipe, Same Direction",no,no,no,no,no,False
101196483,METROPOLITAN NASHVILLE POLICE DEPT,20160447016,Davidson,Nashville,5/17/2016 9:40:00 AM,2,0,0,36.192840,-86.801370,ROSA L PARKS BLVD,,,,146.00,Feet,East,ATHENS WAY,,,,0.00,N,Not at Intersection, ,,None,,,         ,Joshua,Baker,,,no,no,no,no,no,False
101196484,METROPOLITAN NASHVILLE POLICE DEPT,2016-447000,Davidson,Nashville,5/17/2016 10:45:00 AM,2,0,0,36.150900,-86.770640,4TH AVS,,,,0.00,,,I40 W EXT RAMP,,,,0.00,Y,Four-Way, ,,None,,,         ,Charles,Coe,,,no,no,no,no,no,False
101196488,METROPOLITAN NASHVILLE POLICE DEPT,20160446358,Davidson,Nashville,5/17/2016 6:38:00 AM,2,1,0,36.153960,-86.818220,28TH AVN,,,,0.00,,,CHARLOTTE AV,,,,0.00,Y,Four-Way,N,Intersection,Construction Zone,Work On Shoulder Or Median,Activity Area,         ,Darrell,Osment,Rain,Front to Rear,no,no,no,no,no,False
101196494,METROPOLITAN NASHVILLE POLICE DEPT,20160446921,Davidson,Nashville,5/17/2016 10:45:00 AM,1,2,0,36.163450,-86.783530,UNION ST,,,,0.00,,,7TH AVN,,,,0.00,Y,Four-Way,N,Intersection,None,,,         ,Clint,Gilleland,Rain,Not Collision with Motor Vehicle in Transport,yes,no,no,no,no,False
101196495,METROPOLITAN NASHVILLE POLICE DEPT,20160446588,Davidson,Nashville,5/17/2016 7:43:00 AM,2,0,0,36.122790,-86.752000,I 440,,,,0.00,,,,,,,6.25,N,Not at Intersection, ,,None,,,         ,Nathan,Smith,,,no,no,no,no,no,False
101196496,VANDERBILT UNIVERSITY POLICE,16-0446923,Davidson,Nashville,5/17/2016 10:20:00 AM,2,0,0,36.142010,-86.801380,MEDICAL CENTER DR,,,,0.00,,,,,,,0.00,,Not at Intersection,N,Non-Junction,None,,,         ,Ron,Reeves,Clear,Front to Rear,no,no,no,yes,no,Campus
101196497,METROPOLITAN NASHVILLE POLICE DEPT,20160428091,Davidson,Nashville,5/11/2016 2:20:00 AM,1,0,1,36.143880,-86.747600,MURFREESBORO PKE,,,,0.00,,,PARRIS AV,,,,0.00,Y,T-Intersection,N,Intersection,None,,,16-0308  ,Donald,Davidson,Clear,Not Collision with Motor Vehicle in Transport,no,no,no,no,no,False
101196498,METROPOLITAN NASHVILLE POLICE DEPT,20160443781,Davidson,Nashville,5/16/2016 9:56:00 AM,2,0,0,36.170240,-86.740230,SHELBY AV,,,,0.00,,,S 17TH ST,,,,0.00,Y,Four-Way,N,Non-Junction,None,,,         ,Alex,Moore,Clear,"Sideswipe, Same Direction",no,no,no,no,yes,False
101196499,METROPOLITAN NASHVILLE POLICE DEPT,20160446612,Davidson,Nashville,5/17/2016 8:35:00 AM,2,2,0,36.218160,-86.803480,WHITES CREEK PKE,,,,1.00,Feet,North,MOORMANS ARM RD,,,,0.00,N,Not at Intersection,N,Non-Junction,None,,,         ,Alan,Jordan,Rain,Angle,no,no,no,no,no,False
101196500,METROPOLITAN NASHVILLE POLICE DEPT,2016-0443407,Davidson,Madison,5/16/2016 2:00:00 AM,1,0,0,36.261980,-86.677650,STATE RT 45,,,,151.00,Feet,North,VANDIVER DR,,,,0.00,N,Not at Intersection,N,Non-Junction,None,,,         ,Arthur,Hipp,Unknown,Not Collision with Motor Vehicle in Transport,no,no,no,no,no,False
101196501,METROPOLITAN NASHVILLE POLICE DEPT,20160446330,Davidson,Nashville,5/17/2016 6:23:00 AM,3,2,0,36.045270,-86.701180,BELL RD,,,,147.00,Feet,East,OLD HICKORY BLVD,,,,0.00,N,Not at Intersection,N,Non-Junction,None,,,         ,Autumn,Manning,Rain,Front to Rear,no,no,no,no,no,False
101196515,METROPOLITAN NASHVILLE POLICE DEPT,20160446763,Davidson,Nashville,5/17/2016 9:38:00 AM,1,0,0,36.040070,-86.782650,I 65,,,,0.00,,,,,,,74.70,N,Not at Intersection,N,Non-Junction,None,,,         ,Kevin,Crawford,Rain,Not Collision with Motor Vehicle in Transport,no,no,no,no,no,False
101196519,METROPOLITAN NASHVILLE POLICE DEPT,20160446845,Davidson,Nashville,5/17/2016 10:05:00 AM,2,0,0,36.200950,-86.739940,GALLATIN PKE,,,,0.00,,,BURCHWOOD AV,,,,0.00,Y,Four-Way,N,Intersection,None,,,         ,Christopher,Lo,Cloudy,Angle,no,no,no,no,no,False
101196521,METROPOLITAN NASHVILLE POLICE DEPT,20160446856,Davidson,Nashville,5/17/2016 10:06:00 AM,2,0,0,36.213210,-86.592940,TRENTON DR,,,,203.00,Feet,West,TRENTON CT,,,,0.00,N,Not at Intersection,N,Non-Junction,None,,,         ,Wesley,Young,Rain,Front to Rear,no,no,no,no,no,False
101196522,THP District 3 - Nashville,316028890,Davidson,Nashville,5/17/2016 11:10:00 AM,2,0,0,36.125210,-86.630910,WILLIAMSBURG DR,,,,182.00,Feet,North,PLEASANT HILL RD,,,,0.00,N,Not at Intersection, ,Non-Junction,None,,,         ,ANTHONY,GRIFFIN,Cloudy,Rear to Side,no,no,no,yes,no,False
101196528,METROPOLITAN NASHVILLE POLICE DEPT,20160446881,Davidson,Nashville,5/17/2016 10:17:00 AM,2,0,0,36.145500,-86.626160,LINCOYA BAY DR,,,,0.00,,,BELL RD,,,,0.00,Y,Four-Way, ,Intersection,None,,,         ,Kyle,Burks,Cloudy,Angle,no,no,no,no,no,False
101196544,METROPOLITAN NASHVILLE POLICE DEPT,20160446371,Davidson,Nashville,5/17/2016 6:38:00 AM,2,0,0,36.142750,-86.650870,I 40,,,,0.00,,,,,,,217.50,N,Not at Intersection,N,Non-Junction,None,,,         ,Tyler,Adcock,Rain,"Sideswipe, Same Direction",no,no,no,no,no,False
101196545,THP District 9 - Administrative,316028819,Davidson,Nashville,5/16/2016 5:20:00 PM,2,0,0,36.154630,-86.779160,8TH AVS,,,,0.00,,,LAFAYETTE ST,,,,0.00,Y,Roundabout, ,Intersection,None,,,         ,Brian,Carmouche,Clear,Angle,no,no,no,no,no,False
101196546,THP District 9 - Administrative,316028876,Davidson,Nashville,5/17/2016 8:49:00 AM,2,2,0,36.170150,-86.598150,I 40,,,,0.00,,,,,,,221.00,N,Not at Intersection,N,Non-Junction,None,,,         ,Brian,Carmouche,Rain,Front to Rear,no,no,no,no,no,False
101196547,METROPOLITAN NASHVILLE POLICE DEPT,20160476387,Davidson,Nashville,5/17/2016 11:19:00 AM,2,0,0,36.124230,-86.751760,NOLENSVILLE PKE,,,,60.00,Feet,North,I440 W EXT RAMP,,,,0.00,N,Not at Intersection, ,Non-Junction,None,,,         ,Jessie,Meadows,Clear,Angle,no,no,no,no,no,False
101196548,METROPOLITAN NASHVILLE POLICE DEPT,20160447207,Davidson,Nashville,5/17/2016 12:33:00 PM,2,0,0,36.074660,-86.724800,NOLENSVILLE PKE,,,,148.00,Feet,South,FLORA MAXWELL RD,,,,0.00,N,Not at Intersection,N,Non-Junction,None,,,         ,Jessie,Meadows,Clear,Angle,no,no,no,no,no,False
101196555,METROPOLITAN NASHVILLE POLICE DEPT,20160446709,Davidson,Nashville,5/17/2016 9:17:00 AM,2,1,0,36.098090,-86.763390,I 65,,,,0.00,,,,,,,78.90,N,Not at Intersection,N,Non-Junction,None,,,         ,Nathan,Smith,Rain,"Sideswipe, Same Direction",no,no,no,no,no,False
101196556,METROPOLITAN NASHVILLE POLICE DEPT,2016-0447298,Davidson,Nashville,5/17/2016 1:00:00 PM,1,1,0,36.051400,-86.885230,OLD HICKORY BLVD,,,,71.00,Feet,East,EDINBURGH DR,,,,0.00,N,Not at Intersection,N,Non-Junction,Construction Zone,,,         ,Curtis,Rich,Cloudy,Not Collision with Motor Vehicle in Transport,no,no,no,no,no,False
101196557,METROPOLITAN NASHVILLE POLICE DEPT,20160447241,Davidson,Nashville,5/17/2016 12:25:00 PM,2,1,0,36.145450,-86.666720,DONELSON PKE,,,,80.00,Feet,North,SHACKLETT DR,,,,0.00,N,Not at Intersection,N,Non-Junction,None,,,         ,Brian,Ewing,Cloudy,Angle,no,no,no,no,no,False
101196558,METROPOLITAN NASHVILLE POLICE DEPT,20160446919,Davidson,Nashville,5/17/2016 10:27:00 AM,2,1,0,36.024420,-86.742370,EDMONDSON PKE,,,,41.00,Feet,North,MT PISGAH RD,,,,0.00,N,Not at Intersection,N,Non-Junction,None,,,         ,Kevin,Crawford,Cloudy,HeadOn,no,no,no,no,no,False
101196569,METROPOLITAN NASHVILLE POLICE DEPT,20160445310,Davidson,Nashville,5/16/2016 8:45:00 PM,2,0,0,36.124050,-86.789740,12TH AVS,,,,0.00,,,SWEETBRIAR AV,,,,0.00,Y,T-Intersection,N,Intersection,None,,,         ,Conner,Harris,Rain,Angle,no,no,no,no,yes,False
101196577,METROPOLITAN NASHVILLE POLICE DEPT,20160447213,Davidson,Nashville,5/17/2016 12:00:00 AM,1,0,0,36.147810,-86.653550,MCCRORY CREEK RD,,,,74.00,Feet,South,HONEYBROOK DR,,,,0.00,N,Not at Intersection,N,Non-Junction,None,,,         ,Richard,Hyatt,Cloudy,Not Collision with Motor Vehicle in Transport,no,no,no,no,yes,False
101196578,METROPOLITAN NASHVILLE POLICE DEPT,2016-0445089,Davidson,Nashville,5/16/2016 7:22:00 PM,2,1,0,36.090960,-86.625720,BELL RD,,,,327.00,Feet,East,SMITH SPRINGS RD,,,,0.00,N,Not at Intersection,N,Non-Junction,None,,,         ,Michael,Apsey,Cloudy,Front to Rear,no,no,no,no,no,False
101196579,METROPOLITAN NASHVILLE POLICE DEPT,20160446963,Davidson,Nashville,5/17/2016 10:42:00 AM,1,0,0,36.141110,-86.883490,ANNEX AV,,,,270.00,Feet,East,PREMIER DR,,,,0.00,N,Not at Intersection,N,Non-Junction,None,,,         ,Christopher,Taylor,Rain,Not Collision with Motor Vehicle in Transport,no,no,no,no,no,False
101196580,METROPOLITAN NASHVILLE POLICE DEPT,2016-0447192,Davidson,Not in City Limit,5/17/2016 12:18:00 PM,2,1,0,36.192540,-86.962250,RIVER ROAD PKE,,,,76.00,Feet,East,CUB CREEK RD,,,,0.00,N,Not at Intersection,N,Non-Junction,None,,,         ,Walter,Gray II,Cloudy,Not Collision with Motor Vehicle in Transport,no,no,no,no,no,False
101196596,METROPOLITAN NASHVILLE POLICE DEPT,20160447524,Davidson,Nashville,5/17/2016 2:00:00 PM,2,0,0,36.111930,-86.762920,THOMPSON LN,,,,0.00,,,E IRIS DR,,,,0.00,Y,T-Intersection, ,Intersection,None,,,         ,Nathan,Kemp,Cloudy,Angle,no,no,no,no,no,False
101196597,METROPOLITAN NASHVILLE POLICE DEPT,20160447232,Davidson,Nashville,5/17/2016 12:20:00 PM,2,0,0,36.160800,-86.781800,COMMERCE ST,,,,0.00,,,7TH AVN,,,,0.00,Y,Four-Way, ,,None,,,         ,Michael,Johnson,,,no,no,no,no,no,False
101196642,METROPOLITAN NASHVILLE POLICE DEPT,20160439742,Davidson,Nashville,5/14/2016 6:45:00 PM,2,0,0,36.214610,-86.604660,LEBANON PKE,,,,0.00,,,SHUTE LN,,,,0.00,Y,T-Intersection,N,Intersection,None,,,         ,Dontaveous,Eubanks,Clear,Angle,no,no,no,no,no,False
101196643,METROPOLITAN NASHVILLE POLICE DEPT,2016-0447464,Davidson,Not in City Limit,5/17/2016 1:46:00 PM,1,0,0,36.119460,-86.990150,OLD CHARLOTTE PKE,,,,89.00,Feet,North,OLD CHARLOTTE PKE PVTDR,,,,0.00,N,Not at Intersection, ,Non-Junction,None,,,         ,Walter,Gray II,Cloudy,Not Collision with Motor Vehicle in Transport,no,no,no,no,no,False
101196650,METROPOLITAN NASHVILLE POLICE DEPT,2016-447516,Davidson,Nashville,5/17/2016 1:35:00 PM,2,1,0,36.158290,-86.771890,KOREAN VETERANS BLVD,,,,0.00,,,HERMITAGE AV,,,,0.00,Y,OTHER,N,Intersection-Related,None,,,         ,Charles,Coe,Cloudy,Other,no,no,no,no,no,False
101196653,METROPOLITAN NASHVILLE POLICE DEPT,20160447627,Davidson,Nashville,5/17/2016 2:44:00 PM,2,0,0,36.186770,-86.631640,CENTRAL PKE,,,,0.00,,,LEBANON PKE,,,,0.00,Y,Four-Way, ,,Construction Zone,,,         ,Tyler,Conrads,,,no,no,no,no,no,False
101196654,BERRY HILL POLICE DEPT,16-1757,Davidson,Berry Hill,5/17/2016 11:36:00 AM,2,0,0,36.118860,-86.774590,FRANKLIN PKE,,,,0.00,,,BERRY RD,,,,0.00,Y,Four-Way,Y,Intersection,None,,,         ,Ronnie,Hill,Cloudy,Front to Rear,no,no,no,no,no,False
101196661,METROPOLITAN NASHVILLE POLICE DEPT,20160447171,Davidson,Nashville,5/17/2016 12:09:00 PM,2,0,0,36.226310,-86.603190,SAUNDERSVILLE RD,,,,0.00,,,SHUTE LN,,,,0.00,Y,T-Intersection,N,Intersection,None,,,         ,Wesley,Young,Rain,Front to Rear,no,no,no,no,no,False
101196662,METROPOLITAN NASHVILLE POLICE DEPT,20160444464,Davidson,Goodlettsville,5/16/2016 2:58:00 PM,2,0,0,36.300010,-86.696230,GALLATIN PKEN,,,,100.00,Feet,East,CUDE LN,,,,0.00,N,Not at Intersection, ,Non-Junction,None,,,         ,Samuel,Miller,Clear,Angle,no,no,no,no,no,False
101196663,METROPOLITAN NASHVILLE POLICE DEPT,20160444594,Davidson,Not in City Limit,5/16/2016 3:49:00 PM,2,0,0,36.257430,-86.713910,GALLATIN PKES,,,,70.00,Feet,North,HARRINGTON AV,,,,0.00,N,Not at Intersection, ,Non-Junction,None,,,         ,Samuel,Miller,Cloudy,"Sideswipe, Same Direction",no,no,no,no,no,False
101196664,METROPOLITAN NASHVILLE POLICE DEPT,20160444877,Davidson,Not in City Limit,5/16/2016 5:41:00 PM,1,1,0,36.328850,-86.763340,BRICK CHURCH PKE,,,,2073.00,Feet,East,DRY CREEK RD,,,,0.00,N,Not at Intersection,N,Non-Junction,None,,,         ,Samuel,Miller,Cloudy,Not Collision with Motor Vehicle in Transport,no,no,no,no,no,False
101196669,METROPOLITAN NASHVILLE POLICE DEPT,20160447351,Davidson,Nashville,5/17/2016 12:33:00 PM,2,1,0,36.167790,-86.820750,28TH AVN,,,,0.00,,,JEFFERSON ST,,,,0.00,Y,Four-Way,N,Intersection,None,,,         ,Michael,Parman,Cloudy,Front to Rear,no,no,no,no,yes,False
101196672,METROPOLITAN NASHVILLE POLICE DEPT,20160447655,Davidson,Nashville,5/17/2016 2:19:00 PM,2,0,0,36.084590,-86.628340,BELL RD,,,,667.00,Feet,North,MOSSDALE DR,,,,0.00,N,Not at Intersection, ,Non-Junction,None,,,         ,Michael,Apsey,Clear,Front to Rear,no,no,no,no,no,False
101196676,METROPOLITAN NASHVILLE POLICE DEPT,20160445156,Davidson,Nashville,5/16/2016 7:58:00 PM,2,0,0,36.153660,-86.757490,I 40,,,,0.00,,,,,,,211.15,N,Not at Intersection,N,Non-Junction,None,,,         ,Felipe,Pereira,Rain,"Sideswipe, Same Direction",no,no,no,no,no,False
101196680,METROPOLITAN NASHVILLE POLICE DEPT,20160440010,Davidson,Not in City Limit,5/14/2016 8:40:00 PM,2,1,0,36.074970,-86.946000,SAWYER BROWN RD,,,,46.00,Feet,North,RIVER PLANTATION PVTDR,,,,0.00,N,Not at Intersection,N,Non-Junction,None,,,         ,Terrance,Stuckey,Clear,Front to Rear,no,no,no,no,yes,False
101196710,METROPOLITAN NASHVILLE POLICE DEPT,20160447582,Davidson,Nashville,5/17/2016 2:15:00 PM,1,0,0,36.230970,-86.750780,BROADMOOR DR,,,,82.00,Feet,East,WALTON LN,,,,0.00,N,Not at Intersection,N,Non-Junction,None,,,         ,Quinn,White,Clear,Not Collision with Motor Vehicle in Transport,no,no,no,no,no,False
101196723,METROPOLITAN NASHVILLE POLICE DEPT,20160447674,Davidson,Not in City Limit,5/17/2016 1:19:00 PM,1,0,0,36.364390,-86.887800,WHITES CREEK PKE,,,,0.00,,,WHITES CREEK PKE PVTDR,,,,0.00,Y,OTHER, ,Non-Junction,None,,,         ,Brian,Woodard,Clear,Not Collision with Motor Vehicle in Transport,no,no,no,no,no,False
101196725,METROPOLITAN NASHVILLE POLICE DEPT,20160447803,Davidson,Nashville,5/17/2016 3:41:00 PM,2,0,0,36.125870,-86.805050,21ST AVS,,,,0.00,,,SWEETBRIAR AV,,,,0.00,Y,T-Intersection, ,"Driveway, Alley Access, etc",None,,,         ,Charles,Griffin,Clear,Angle,no,no,no,no,no,False
101196729,METROPOLITAN NASHVILLE POLICE DEPT,20160447849,Davidson,Nashville,5/17/2016 3:52:00 PM,2,0,0,36.138930,-86.800580,21ST AVS,,,,110.00,Feet,North,CHILDRENS WAY,,,,0.00,N,Not at Intersection,N,Non-Junction,None,,,         ,Eric,Burford,Clear,Angle,no,no,no,no,no,Campus
101196740,METROPOLITAN NASHVILLE POLICE DEPT,20160447755,Davidson,Nashville,5/17/2016 3:27:00 PM,2,0,0,36.168860,-86.766350,I 24,,,,0.00,,,,,,,48.80,N,Not at Intersection, ,Non-Junction,None,,,         ,Caleb,Rogan,Clear,"Sideswipe, Same Direction",no,no,no,no,no,False
101196742,METROPOLITAN NASHVILLE POLICE DEPT,20160430590,Davidson,Nashville,5/11/2016 5:09:00 PM,2,0,0,36.086760,-86.771940,FRANKLIN PKE,,,,68.00,Feet,North,HARDING PL,,,,0.00,N,Not at Intersection, ,Non-Junction,None,,,         ,Miguel,Garcia,Clear,"Sideswipe, Same Direction",no,no,no,no,no,False
101196743,METROPOLITAN NASHVILLE POLICE DEPT,20160433427,Davidson,Nashville,5/12/2016 2:29:00 PM,2,0,0,36.079690,-86.726000,HARDING PL,,,,97.00,Feet,East,NOLENSVILLE PKE,,,,0.00,N,Not at Intersection, ,Non-Junction,None,,,         ,Miguel,Garcia,Clear,Front to Rear,no,no,no,no,yes,False
101196744,METROPOLITAN NASHVILLE POLICE DEPT,20160442002,Davidson,Nashville,5/15/2016 4:51:00 PM,2,0,0,36.050620,-86.725650,HILSON RD,,,,293.00,Feet,South,HUNTINGTON RIDGE DR,,,,0.00,N,Not at Intersection, ,Non-Junction,None,,,         ,Miguel,Garcia,Clear,Angle,no,no,no,no,no,False
101196750,METROPOLITAN NASHVILLE POLICE DEPT,20160448037,Davidson,Nashville,5/17/2016 4:39:00 PM,2,0,0,36.166510,-86.787370,ROSA L PARKS BLVD,,,,0.00,,,JAMES ROBERTSON PKWY,,,,0.00,Y,Four-Way, ,,None,,,         ,Caleb,Rogan,,,no,no,no,no,no,False
101196758,METROPOLITAN NASHVILLE POLICE DEPT,20160447798,Davidson,Nashville,5/17/2016 3:37:00 PM,2,0,0,36.174930,-86.756630,S 9TH ST,,,,0.00,Feet,,WOODLAND ST,,,,0.00,Y,Four-Way,N,Intersection,None,,,         ,Micah,Wright,Clear,Angle,no,no,no,no,no,False
101196768,METROPOLITAN NASHVILLE POLICE DEPT,20160444942,Davidson,Nashville,5/16/2016 6:09:00 PM,2,2,0,36.187430,-86.773360,CLEVELAND ST,,,,0.00,,,DICKERSON PKE,,,,0.00,Y,Four-Way,Y,Intersection,None,,,         ,Christopher,Valdez,Cloudy,Angle,no,no,no,no,no,False
101196769,METROPOLITAN NASHVILLE POLICE DEPT,20160445422,Davidson,Nashville,5/16/2016 9:30:00 PM,2,0,0,36.202500,-86.776650,I 65,,,,0.00,,,,,,,87.00,N,Not at Intersection, ,Non-Junction,None,,,         ,Christopher,Valdez,Rain,Angle,no,no,no,no,yes,False
101196774,METROPOLITAN NASHVILLE POLICE DEPT,20160448046,Davidson,Nashville,5/17/2016 4:49:00 PM,2,0,0,36.157660,-86.790820,I 40,,,,0.00,,,,,,,209.00,N,Not at Intersection, ,,None,,,         ,Charles,Griffin,,,no,no,no,no,no,False
101196794,METROPOLITAN NASHVILLE POLICE DEPT,20160448059,Davidson,Nashville,5/17/2016 4:44:00 PM,2,0,0,36.149110,-86.746960,I 40,,,,0.00,,,,,,,211.80,N,Not at Intersection, ,Non-Junction,None,,,         ,Felipe,Pereira,Clear,Front to Rear,no,no,no,no,no,False
101196796,METROPOLITAN NASHVILLE POLICE DEPT,20160447926,Davidson,Nashville,5/17/2016 4:48:00 PM,2,2,0,36.066240,-86.630000,MURFREESBORO PKE,,,,236.00,Feet,North,HAMILTON CROSSINGS,,,,0.00,N,Not at Intersection,N,Non-Junction,None,,,         ,Jessie,Meadows,Clear,Front to Rear,no,no,no,no,no,False
101196797,METROPOLITAN NASHVILLE POLICE DEPT,20160447899,Davidson,Antioch,5/17/2016 5:51:00 PM,2,0,0,36.032850,-86.569400,W NIR SHRIEBMAN RD,,,,446.00,Feet,North,CONSTITUTION AVE,,,,0.00,N,Not at Intersection, ,Non-Junction,None,,,         ,Jessie,Meadows,Clear,Angle,no,no,no,no,no,False
101196801,METROPOLITAN NASHVILLE POLICE DEPT,20160448184,Davidson,Nashville,5/17/2016 5:30:00 PM,2,0,0,36.184230,-86.610290,ANDREW JACKSON PKWY,,,,236.00,Feet,North,OLD HICKORY BLVD,,,,0.00,N,Not at Intersection, ,Non-Junction,None,,,         ,Codey,Mullins,Cloudy,"Sideswipe, Same Direction",no,no,no,no,no,False
101196805,METROPOLITAN NASHVILLE POLICE DEPT,20160448272,Davidson,Nashville,5/17/2016 12:00:00 AM,2,0,0,36.081480,-86.642390,SLEEPY HOLLOW DR,,,,320.00,Feet,West,RYCHEN DR,,,,0.00,N,Not at Intersection,N,Non-Junction,None,,,         ,Patrick,Taylor,Clear,Unknown,no,no,no,no,yes,False
101196807,METROPOLITAN NASHVILLE POLICE DEPT,20160448095,Davidson,Nashville,5/17/2016 5:05:00 PM,2,0,0,36.160800,-86.781800,COMMERCE ST,,,,0.00,,,7TH AVN,,,,0.00,Y,Four-Way, ,,None,,,         ,Jason,Thomas,,,no,no,no,no,no,False
101196808,METROPOLITAN NASHVILLE POLICE DEPT,20160447873,Davidson,Nashville,5/17/2016 3:50:00 PM,1,0,0,36.141360,-86.715500,I 40,,,,0.00,,,,,,,213.90,N,Not at Intersection,N,Non-Junction,None,,,         ,Thomas,Barnes,Clear,Not Collision with Motor Vehicle in Transport,no,no,no,no,no,False
101196809,METROPOLITAN NASHVILLE POLICE DEPT,20160448105,Davidson,Nashville,5/17/2016 5:00:00 PM,1,0,0,36.177410,-86.756970,N 9TH ST,,,,40.00,Feet,South,RAMSEY ST,,,,0.00,N,Not at Intersection,N,Non-Junction,None,,,         ,Terence,Maahs,Cloudy,Not Collision with Motor Vehicle in Transport,no,no,no,no,no,False
101196811,METROPOLITAN NASHVILLE POLICE DEPT,20160447931,Davidson,Nashville,5/17/2016 4:12:00 PM,2,0,0,36.148450,-86.780770,I 40,,,,0.00,,,,,,,209.80,N,Not at Intersection, ,Non-Junction,None,,,         ,Clyde,Stambaugh,Clear,"Sideswipe, Same Direction",no,no,no,no,no,False
101196813,METROPOLITAN NASHVILLE POLICE DEPT,20160448088,Davidson,Nashville,5/17/2016 4:55:00 PM,2,0,0,36.141940,-86.781060,EDGEHILL AV,,,,0.00,,,9TH AVS,,,,0.00,Y,Four-Way,N,Non-Junction,Maintenance Zone,Laneclosure,Unknown,         ,Jonathan,Frith,Clear,Angle,no,no,no,no,no,False
101196820,METROPOLITAN NASHVILLE POLICE DEPT,20160447824,Davidson,Antioch,5/17/2016 3:47:00 PM,2,0,0,36.025530,-86.587330,MURFREESBORO PKE,,,,0.00,Feet,East,MURFREESBORO RD,,,,0.00,N,Not at Intersection,N,OtherLocation,None,,,         ,William,Durham,Clear,Rear to Side,no,no,no,yes,yes,False
101196822,METROPOLITAN NASHVILLE POLICE DEPT,20160448159,Davidson,Nashville,5/17/2016 4:59:00 PM,2,0,0,36.206620,-86.777900,W TRINITY LN,,,,0.00,Feet,,BRICK CHURCH PKE,,,,0.00,Y,Four-Way, ,Intersection-Related,None,,,         ,Christopher,Templin,Clear,"Sideswipe, Same Direction",no,no,no,no,no,False