master_record_number,agency,agency_tracking_number,county,city,collision_date,vehicles_involved,number_injured,number_dead,latitude,longitude,roadway_name,roadway_suffix,roadway_number,roadway_local_id,distance_from_reference,miles-feet_indicator,direction_from_reference,intersection_road_name,intersection_road_name_suffix,intersection_road_number,intersection_local_id,mile_marker,intersection_indicator,intersect_type,interchange_related_indicator,relation_to_junction,work_zone_type,construction_maintenance_zone,construction_maintenance_zone_location,fatal_case_number,officer_first_name,officer_last_name,weather_condition(s),manner_of_crash,pedestrian,bicycle,scooter,parking,hitrun,mou
101207925,METROPOLITAN NASHVILLE POLICE DEPT,20160435671,Davidson,Not in City Limit,5/13/2016 7:45:00 AM,2,1,0,36.270600,-86.704550,ROOSEVELT AV,,,,0.00,Feet,,BIXLER AV,,,,0.00,Y,Four-Way,N,Intersection,None,,,         ,DuJuan,Kendrick,Clear,Angle,no,no,no,no,no,False
101207930,METROPOLITAN NASHVILLE POLICE DEPT,20160441261,Davidson,Nashville,5/15/2016 10:30:00 AM,2,3,0,36.118010,-86.699950,MURFREESBORO PKE,,,,117.00,Feet,East,BRILEY PKWYN,,,,0.00,N,Not at Intersection,Y,Entrance/Exit Ramp Related,None,,,         ,David,Smith,Clear,HeadOn,no,no,no,no,no,False
101207944,METROPOLITAN NASHVILLE POLICE DEPT,2016-0450762,Davidson,Nashville,5/18/2016 11:41:00 AM,2,0,0,36.168880,-86.681660,LEBANON PKE,,,,0.00,,,,,,,0.00,,, ,Non-Junction,None,,,         ,Jeb,Johnston,Cloudy,Rear to Side,no,no,no,yes,no,False
101207968,METROPOLITAN NASHVILLE POLICE DEPT,2016-0450055,Davidson,Nashville,5/18/2016 6:56:00 AM,2,1,0,36.201080,-86.617900,LEBANON PKE,,,,68.00,Feet,South,TYLER DR,,,,0.00,N,Not at Intersection,N,Non-Junction,None,,,         ,Jeb,Johnston,Cloudy,Front to Rear,no,no,no,no,no,False
101207969,METROPOLITAN NASHVILLE POLICE DEPT,20160452235,Davidson,Nashville,5/18/2016 8:42:00 PM,3,0,0,36.136860,-86.795760,WEDGEWOOD AV,,,,0.00,,,17TH AVS,,,,0.00,Y,Four-Way,N,Intersection,None,,,         ,Clyde,Stambaugh,Clear,Angle,no,no,no,no,no,Campus
101207981,METROPOLITAN NASHVILLE POLICE DEPT,2016-0454804,Davidson,Nashville,5/19/2016 2:38:00 PM,2,0,0,36.126560,-86.879220,DARDEN PL,,,,369.00,Feet,North,HUCKLEBERRY RD,,,,0.00,N,Not at Intersection, ,Non-Junction,None,,,         ,Walter,Gray II,Clear,Other,no,no,no,no,no,False
101208005,METROPOLITAN NASHVILLE POLICE DEPT,20160455097,Davidson,Old Hickory,5/19/2016 4:00:00 PM,2,0,0,36.256010,-86.627410,ROBERTA DR,,,,0.00,,,MAUREEN DR,,,,0.00,Y,Four-Way, ,,None,,,         ,Tyler,Conrads,,,no,no,no,no,no,False
101208012,METROPOLITAN NASHVILLE POLICE DEPT,20160454920,Davidson,Nashville,5/19/2016 3:15:00 PM,2,0,0,36.116070,-86.791240,I 440,,,,0.00,,,,,,,3.90,N,Not at Intersection,N,Non-Junction,None,,,         ,Jacob,Masteller,Clear,Front to Rear,no,no,no,no,no,False
101208016,METROPOLITAN NASHVILLE POLICE DEPT,20160454847,Davidson,Nashville,5/19/2016 4:17:00 PM,2,0,0,36.104490,-86.741930,NOLENSVILLE PKE,,,,147.00,Feet,North,MCIVER ST,,,,0.00,N,Not at Intersection,N,Non-Junction,None,,,         ,Jessie,Meadows,Clear,Angle,no,no,no,no,no,False
101208027,METROPOLITAN NASHVILLE POLICE DEPT,20160454970,Davidson,Nashville,5/19/2016 3:27:00 PM,2,3,0,36.156510,-86.794530,CHURCH ST,,,,0.00,,,16TH AVN,,,,0.00,Y,T-Intersection,N,Intersection,None,,,         ,Charles,Griffin,Clear,Angle,no,no,no,no,no,False
101208034,METROPOLITAN NASHVILLE POLICE DEPT,20160455203,Davidson,Nashville,5/19/2016 4:35:00 PM,2,0,0,36.149550,-86.782890,I 40,,,,0.00,,,,,,,209.65,N,Not at Intersection, ,Non-Junction,None,,,         ,Derek,Betty,Clear,"Sideswipe, Same Direction",no,no,no,no,no,False
101208042,METROPOLITAN NASHVILLE POLICE DEPT,20160454913,Davidson,Nashville,5/19/2016 3:10:00 PM,2,1,0,36.183210,-86.775020,I 24,,,,0.00,,,,,,,47.40,N,Not at Intersection,Y,Non-Junction,None,,,         ,Randy,Heinze,Clear,Other,no,no,no,no,no,False
101208045,METROPOLITAN NASHVILLE POLICE DEPT,20160455071,Davidson,Nashville,5/19/2016 3:45:00 PM,2,1,0,36.158930,-86.798260,17TH AVN,,,,25.00,Feet,North,CHARLOTTE AV,,,,0.00,N,Not at Intersection,N,Non-Junction,None,,,         ,Maria,Cortez,Clear,Front to Rear,no,no,no,no,no,False
101208046,METROPOLITAN NASHVILLE POLICE DEPT,20160454950,Davidson,Nashville,5/19/2016 3:19:00 PM,2,1,0,36.096000,-86.742850,ALLIED DR,,,,89.00,Feet,West,KEYSTONE AV,,,,0.00,N,Not at Intersection,N,Non-Junction,None,,,         ,Megan,Lamon,Clear,Front to Rear,no,no,no,no,no,False
101208059,METROPOLITAN NASHVILLE POLICE DEPT,20160455006,Davidson,Nashville,5/19/2016 3:41:00 PM,2,0,0,36.176950,-86.775670,SPRING ST,,,,154.00,Feet,East,COWAN ST,,,,0.00,N,Not at Intersection, ,,None,,,         ,Jason,Thomas,,,no,no,no,no,no,False
101208061,METROPOLITAN NASHVILLE POLICE DEPT,20160442304,Davidson,Nashville,5/15/2016 8:30:00 PM,2,0,0,36.069170,-86.689700,HAYWOOD LN,,,,61.00,Feet,West,I24 E EXT RAMP,,,,0.00,N,Not at Intersection, ,Entrance/Exit Ramp Related,None,,,         ,Sharissa,Perez,Clear,Front to Rear,no,no,no,no,no,False
101208062,METROPOLITAN NASHVILLE POLICE DEPT,20160455091,Davidson,Nashville,5/19/2016 3:30:00 PM,2,0,0,36.156510,-86.794530,CHURCH ST,,,,0.00,,,16TH AVN,,,,0.00,Y,T-Intersection, ,OtherLocation,None,,,         ,Charles,Griffin,Clear,Front to Rear,no,no,no,no,no,False
101208063,GOODLETTSVILLE POLICE DEPT,16-18180,Davidson,Goodlettsville,5/19/2016 4:37:00 PM,2,0,0,36.323123,-86.707612,LONG HOLLOW,PIKE,SR174,,0.00,,,CARTWRIGHT,ST,,,0.00,Y,Four-Way, ,Intersection-Related,None,,,         ,Brian,Hajdu,Cloudy,Angle,no,no,no,no,no,False
101208065,BELLE MEADE POLICE DEPT,16-0123,Davidson,Belle Meade,5/19/2016 12:00:00 AM,3,0,0,36.107600,-86.866380,HARDING PKE,,,,931.00,Feet,North,LEAKE AV,,,,0.00,N,Not at Intersection,N,Non-Junction,None,,,         ,Jon,Carter,Clear,Front to Rear,no,no,no,no,no,False
101208067,METROPOLITAN NASHVILLE POLICE DEPT,2016-0455151,Davidson,Nashville,5/19/2016 4:24:00 PM,2,0,0,36.162040,-86.848970,CENTENNIAL BLVD,,,,41.00,Feet,East,51ST AVN,,,,0.00,N,Not at Intersection, ,,None,,,         ,Walter,Gray II,,,no,no,no,no,no,False
101208090,METROPOLITAN NASHVILLE POLICE DEPT,20160455198,Davidson,Nashville,5/19/2016 4:35:00 PM,2,0,0,36.154630,-86.779160,8TH AVS,,,,0.00,,,LAFAYETTE ST,,,,0.00,Y,Roundabout, ,Intersection,None,,,         ,Jason,King,Clear,"Sideswipe, Same Direction",no,no,no,no,no,False
101208109,METROPOLITAN NASHVILLE POLICE DEPT,20160455472,Davidson,Nashville,5/19/2016 5:43:00 PM,3,0,0,36.138030,-86.805050,BLAKEMORE AV,,,,0.00,,,24TH AVS,,,,0.00,Y,Four-Way,N,Intersection,None,,,         ,Charles,Griffin,Clear,Front to Rear,no,no,no,no,no,Campus
101208110,METROPOLITAN NASHVILLE POLICE DEPT,20160455418,Davidson,Not in City Limit,5/19/2016 6:00:00 PM,2,0,0,36.325960,-86.868990,WHITES CREEK PKE,,,,20.00,Feet,North,I24 W EXT RAMP,,,,0.00,N,Not at Intersection, ,Non-Junction,None,,,         ,Darrien,Spann,Clear,Front to Rear,no,no,no,no,no,False
101208111,VANDERBILT UNIVERSITY POLICE,16-0454967,Davidson,Nashville,5/19/2016 3:15:00 PM,2,0,0,36.147140,-86.799750,21ST AVS,,,,0.00,,,,,,,0.00,,Not at Intersection, ,,None,,,         ,Errikka,Wilbourn,,,no,no,no,yes,no,Campus
101208112,METROPOLITAN NASHVILLE POLICE DEPT,20160455512,Davidson,Nashville,5/19/2016 6:20:00 PM,2,0,0,36.164570,-86.776910,2ND AVN,,,,0.00,,,CHURCH ST,,,,0.00,Y,Four-Way,N,Intersection-Related,None,,,         ,Michael,Baron,Clear,Front to Rear,no,no,no,no,yes,False
101208120,METROPOLITAN NASHVILLE POLICE DEPT,20160455269,Davidson,Nashville,5/19/2016 4:53:00 PM,2,1,0,36.081260,-86.758990,HARDING PL,,,,195.00,Feet,West,TROUSDALE DR,,,,0.00,N,Not at Intersection,N,Non-Junction,None,,,         ,Jacob,Masteller,Clear,Angle,no,no,no,no,no,False
101208125,METROPOLITAN NASHVILLE POLICE DEPT,20160454904,Davidson,Nashville,5/19/2016 2:00:00 PM,2,1,0,36.076800,-86.920540,OLD HICKORY BLVD,,,,0.00,,,BELLE FOREST CIR,,,,0.00,Y,T-Intersection,N,Intersection-Related,None,,,         ,Felipe,Pereira,Clear,Not Collision with Motor Vehicle in Transport,no,no,no,no,yes,False
101208126,METROPOLITAN NASHVILLE POLICE DEPT,20160455455,Davidson,Nashville,5/19/2016 6:04:00 PM,1,2,0,36.028120,-86.636040,I 24,,,,0.00,,,,,,,61.20,N,Not at Intersection,N,Non-Junction,None,,,         ,Alyson,Cook,Clear,Not Collision with Motor Vehicle in Transport,no,no,no,no,no,False
101208127,METROPOLITAN NASHVILLE POLICE DEPT,20160455078,Davidson,Nashville,5/19/2016 4:04:00 PM,2,0,0,36.122400,-86.805300,I 440,,,,0.00,,,,,,,2.80,N,Not at Intersection,N,Non-Junction,None,,,         ,Clyde,Stambaugh,Clear,Front to Rear,no,no,no,no,yes,False
101208128,METROPOLITAN NASHVILLE POLICE DEPT,20160455442,Davidson,Nashville,5/19/2016 4:30:00 PM,2,0,0,36.151830,-86.798390,LYLE AV,,,,0.00,,,WEST END AV,,,,0.00,Y,T-Intersection, ,Intersection,None,,,         ,Clyde,Stambaugh,Clear,Angle,no,no,no,no,no,False
101208129,METROPOLITAN NASHVILLE POLICE DEPT,20160455299,Davidson,Nashville,5/19/2016 4:41:00 PM,2,0,0,36.133830,-86.788810,ACKLEN AV,,,,0.00,,,12TH AVS,,,,0.00,Y,Four-Way, ,Intersection,None,,,         ,Clyde,Stambaugh,Clear,Angle,no,no,no,no,no,False
101208130,METROPOLITAN NASHVILLE POLICE DEPT,20160454980,Davidson,Nashville,5/19/2016 3:26:00 PM,2,0,0,36.120430,-86.750610,MELROSE AV,,,,0.00,,,GRANDVIEW AV,,,,0.00,Y,Four-Way, ,Intersection,None,,,         ,Clyde,Stambaugh,Clear,Angle,no,no,no,no,no,False
101208133,METROPOLITAN NASHVILLE POLICE DEPT,20160455183,Davidson,Nashville,5/19/2016 4:34:00 PM,2,1,0,36.193370,-86.833710,JOHN MALLETTE DR,,,,0.00,,,COUNTY HOSPITAL RD,,,,0.00,Y,Four-Way,Y,Intersection,None,,,         ,Christopher,Templin,Clear,"Sideswipe, Opposite Direction",no,no,no,no,no,False
101208134,METROPOLITAN NASHVILLE POLICE DEPT,20160455273,Davidson,Not in City Limit,5/19/2016 5:06:00 PM,1,1,0,36.156950,-86.951420,RIVER ROAD PKE,,,,796.00,Feet,South,RIVER ROAD PKE PVTDR,,,,0.00,N,Not at Intersection,N,Non-Junction,None,,,         ,Jeremy,Huffine,Clear,Not Collision with Motor Vehicle in Transport,no,no,no,no,no,False
101208142,METROPOLITAN NASHVILLE POLICE DEPT,20160451597,Davidson,Nashville,5/18/2016 5:00:00 PM,1,0,0,36.079680,-86.644370,EDGE O LAKE DR,,,,97.00,Feet,North,MURFREESBORO PKE,,,,0.00,N,Not at Intersection, ,Non-Junction,None,,,         ,Michael,Apsey,Clear,Not Collision with Motor Vehicle in Transport,no,no,no,yes,no,False
101208146,METROPOLITAN NASHVILLE POLICE DEPT,2016-0454515,Davidson,Nashville,5/19/2016 12:42:00 PM,2,0,0,36.040030,-86.743810,OLD HICKORY BLVD,,,,100.00,Feet,West,EDMONDSON PKE,,,,0.00,N,Not at Intersection, ,Non-Junction,None,,,         ,Allen,Bates,Clear,"Sideswipe, Same Direction",no,no,no,no,no,False
101208154,METROPOLITAN NASHVILLE POLICE DEPT,20160455489,Davidson,Nashville,5/19/2016 6:14:00 PM,2,0,0,36.176360,-86.750040,S 11TH ST,,,,48.00,Feet,North,HOLLY ST,,,,0.00,N,Not at Intersection, ,Non-Junction,None,,,         ,Kimberly,Brown,Clear,Angle,no,no,no,no,no,False
101208163,METROPOLITAN NASHVILLE POLICE DEPT,20160455748,Davidson,Antioch,5/19/2016 7:34:00 PM,2,0,0,36.022870,-86.630220,I 24,,,,0.00,,,,,,,61.80,N,Not at Intersection,N,Non-Junction,None,,,         ,William,Durham,Clear,"Sideswipe, Same Direction",no,no,no,no,yes,False
101208165,METROPOLITAN NASHVILLE POLICE DEPT,20160455136,Davidson,Nashville,5/19/2016 4:20:00 PM,3,0,0,36.206560,-86.777200,W TRINITY LN,,,,148.00,Feet,West,I65 S ENT RAMP,,,,0.00,N,Not at Intersection, ,Non-Junction,None,,,         ,Gordon,Stovall,Clear,Front to Rear,no,no,no,no,no,False
101208169,METROPOLITAN NASHVILLE POLICE DEPT,20160439254,Davidson,Nashville,5/14/2016 1:20:00 PM,1,0,0,36.063110,-86.717400,NOLENSVILLE PKE,,,,0.00,,,,,,,0.00,,Not at Intersection, ,OtherLocation,None,,,         ,Nicholas,Berens,Clear,Not Collision with Motor Vehicle in Transport,no,no,no,yes,no,False
101208179,METROPOLITAN NASHVILLE POLICE DEPT,20160455579,Davidson,Nashville,5/19/2016 6:45:00 PM,2,0,0,36.156630,-86.768670,HERMITAGE AV,,,,0.00,,,LEA AV,,,,0.00,Y,OTHER, ,Non-Junction,None,,,         ,Jason,King,Clear,"Sideswipe, Same Direction",no,no,no,no,no,False
101208193,METROPOLITAN NASHVILLE POLICE DEPT,20160437529,Davidson,Nashville,5/13/2016 8:15:00 PM,2,2,0,36.143790,-86.690580,I 40,,,,0.00,,,,,,,215.25,N,Not at Intersection,N,Non-Junction,None,,,         ,Alex,Lampley,Clear,"Sideswipe, Same Direction",no,no,no,no,no,False
101208205,METROPOLITAN NASHVILLE POLICE DEPT,20160455552,Davidson,Nashville,5/19/2016 6:30:00 PM,2,0,0,36.242830,-86.748890,I 65,,,,0.00,,,,,,,90.55,N,Not at Intersection,N,Non-Junction,None,,,         ,Samuel,Miller,Clear,"Sideswipe, Same Direction",no,no,no,no,yes,False
101208206,METROPOLITAN NASHVILLE POLICE DEPT,20160455896,Davidson,Goodlettsville,5/19/2016 7:34:00 PM,2,0,0,36.304190,-86.694310,RIVERGATE MALL PVTDR,,,,404.00,Feet,West,CONFERENCE DR,,,,0.00,N,Not at Intersection,N,Non-Junction,None,,,         ,Samuel,Miller,Clear,Rear to Rear,no,no,no,yes,yes,False
101208208,VANDERBILT UNIVERSITY POLICE,16-0455595,Davidson,Nashville,5/19/2016 2:00:00 PM,2,0,0,36.142960,-86.796790,APPLETON PL,,,,0.00,,,,,,,0.00,,, ,Non-Junction,None,,,         ,Patrick,Conwell,Clear,"Sideswipe, Same Direction",no,no,no,yes,no,Campus
101208216,METROPOLITAN NASHVILLE POLICE DEPT,20160455951,Davidson,Nashville,5/19/2016 8:33:00 PM,2,0,0,36.139070,-86.880560,HILLWOOD BLVD,,,,0.00,,,CHARLOTTE PKE,,,,0.00,Y,Four-Way,N,Intersection,None,,,         ,Brandon,Pedigo,Clear,HeadOn,no,no,no,no,no,False
101208221,METROPOLITAN NASHVILLE POLICE DEPT,20160454921,Davidson,Not in City Limit,5/19/2016 3:15:00 PM,2,0,0,36.262370,-86.710450,E OLD HICKORY BLVD,,,,365.00,Feet,North,GALLATIN PKES,,,,0.00,N,Not at Intersection,N,Non-Junction,None,,,         ,Samuel,Miller,Clear,Angle,no,no,no,no,no,False
101208222,METROPOLITAN NASHVILLE POLICE DEPT,20160455440,Davidson,Goodlettsville,5/19/2016 5:42:00 PM,2,0,0,36.292270,-86.720400,I 65,,,,0.00,,,,,,,94.40,N,Not at Intersection,N,Non-Junction,None,,,         ,Samuel,Miller,Clear,Front to Rear,no,no,no,no,yes,False
101208230,METROPOLITAN NASHVILLE POLICE DEPT,20160454821,Davidson,Nashville,5/19/2016 2:47:00 PM,2,1,0,36.183970,-86.814210,23RD AVN,,,,0.00,,,CLARKSVILLE PKE,,,,0.00,Y,Four-Way,Y,Intersection,None,,,         ,Michael,Brooks,Cloudy,Angle,no,no,no,no,yes,False
101208231,METROPOLITAN NASHVILLE POLICE DEPT,20160455186,Davidson,Nashville,5/19/2016 4:33:00 PM,2,1,0,36.175310,-86.798260,ARTHUR AV,,,,0.00,,,CHEATHAM PL,,,,0.00,Y,Four-Way,Y,Non-Junction,None,,,         ,Michael,Brooks,Cloudy,Angle,no,no,no,no,yes,False
101208232,METROPOLITAN NASHVILLE POLICE DEPT,20160455422,Davidson,Nashville,5/19/2016 5:30:00 PM,2,2,0,36.237770,-86.787180,I24 E EXT RAMP,,,,0.00,,,I 24,,,,0.00,Y,OTHER,N,Non-Junction,None,,,         ,Michael,Brooks,Cloudy,"Sideswipe, Same Direction",no,no,no,no,yes,False
101208240,METROPOLITAN NASHVILLE POLICE DEPT,2016-0455802,Davidson,Nashville,5/19/2016 7:39:00 PM,2,0,0,36.041370,-86.779760,FRANKLIN PIKE CIR,,,,205.00,Feet,North,OLD HICKORY BLVD,,,,0.00,N,Not at Intersection,N,"Driveway, Alley Access, etc",None,,,         ,William,King,Clear,Angle,no,no,no,no,no,False
101208246,METROPOLITAN NASHVILLE POLICE DEPT,20160451193,Davidson,Nashville,5/18/2016 2:42:00 PM,3,1,0,36.241740,-86.757140,DICKERSON PKE,,,,60.00,Feet,South,DICKERSON PKE ENT RAMP,,,,0.00,N,Not at Intersection,N,Non-Junction,None,,,         ,Samuel,Miller,Clear,Front to Rear,no,no,no,no,no,False
101208247,METROPOLITAN NASHVILLE POLICE DEPT,2016-0430530,Davidson,Nashville,5/11/2016 5:14:00 PM,2,0,0,36.252420,-86.694500,NEELYS BEND RD,,,,0.00,,,FLORENCE CIR,,,,0.00,Y,T-Intersection, ,Intersection,None,,,         ,Joel,Callies,Clear,Front to Rear,no,no,no,no,no,False
101208261,METROPOLITAN NASHVILLE POLICE DEPT,20160452215,Davidson,Nashville,5/18/2016 8:39:00 PM,3,0,0,36.199360,-86.867860,BRILEY PKWYN,,,,2535.00,Feet,South,BRILEY PKWYS,,,,0.00,N,Not at Intersection,N,Non-Junction,None,,,         ,Victor,Alexander,Clear,Angle,no,no,no,no,yes,False
101208270,METROPOLITAN NASHVILLE POLICE DEPT,20160442310,Davidson,Nashville,5/15/2016 9:28:00 PM,2,0,0,36.045430,-86.712560,OLD HICKORY BLVD,,,,207.00,Feet,East,NOLENSVILLE PKE,,,,0.00,N,Not at Intersection, ,Non-Junction,None,,,         ,Tamara,Zurawski,Clear,"Sideswipe, Same Direction",no,no,no,no,no,False
101208273,METROPOLITAN NASHVILLE POLICE DEPT,20160451358,Davidson,Nashville,5/18/2016 3:37:00 PM,2,0,0,36.249010,-86.783650,I 24,,,,0.00,,,,,,,42.75,N,Not at Intersection, ,Non-Junction,None,,,         ,Samuel,Miller,Clear,"Sideswipe, Same Direction",no,no,no,no,no,False
101208300,METROPOLITAN NASHVILLE POLICE DEPT,20160455501,Davidson,Nashville,5/19/2016 7:10:00 PM,2,0,0,36.086760,-86.694860,HARDING PL,,,,325.00,Feet,East,S PERIMETER PARK DR,,,,0.00,N,Not at Intersection, ,Non-Junction,None,,,         ,Darryl,Williams,Clear,Front to Rear,no,no,no,no,no,False
101208303,METROPOLITAN NASHVILLE POLICE DEPT,20160456318,Davidson,Nashville,5/19/2016 10:50:00 PM,2,1,0,36.231600,-86.781520,EWING DR,,,,0.00,,,BRICK CHURCH PKE,,,,0.00,Y,Four-Way,N,Intersection-Related,None,,,         ,Eric,Mumaw,Clear,Front to Rear,no,no,no,no,no,False
101208305,METROPOLITAN NASHVILLE POLICE DEPT,20160454775,Davidson,Nashville,5/19/2016 2:15:00 PM,2,1,0,36.162520,-86.793430,I 40,,,,0.00,,,,,,,208.60,N,Not at Intersection,Y,AccelDecelLane,None,,,         ,Freddirico,Pye,Clear,"Sideswipe, Same Direction",no,no,no,no,no,False
101208313,METROPOLITAN NASHVILLE POLICE DEPT,20160452708,Davidson,Nashville,5/18/2016 11:22:00 PM,2,0,0,36.025470,-86.587420,MURFREESBORO RD,,,,0.00,,,WALDRON RD,,,,0.00,Y,Four-Way, ,,None,,,         ,David,Moser,,,no,no,no,no,no,False
101208320,METROPOLITAN NASHVILLE POLICE DEPT,20160437773,Davidson,Nashville,5/13/2016 10:10:00 PM,2,7,0,36.117980,-86.728130,GLENROSE AV,,,,475.00,Feet,West,MASHBURN RD,,,,0.00,N,Not at Intersection,N,Non-Junction,None,,,         ,Darryl,Williams,Clear,HeadOn,no,no,no,no,no,False
101208325,METROPOLITAN NASHVILLE POLICE DEPT,20160456505,Davidson,Nashville,5/19/2016 11:58:00 PM,2,0,0,36.153730,-86.757680,I 40,,,,0.00,,,,,,,211.10,N,Not at Intersection,N,Non-Junction,None,,,         ,Bo,Branum,Clear,"Sideswipe, Same Direction",no,no,no,no,no,False
101208331,METROPOLITAN NASHVILLE POLICE DEPT,20160456523,Davidson,Nashville,5/19/2016 11:59:00 PM,2,0,0,36.153980,-86.797760,HAYES ST,,,,0.00,,,,,,,0.00,,,N,"Driveway, Alley Access, etc",None,,,         ,Eric,Westbrook,Clear,"Sideswipe, Opposite Direction",no,no,no,yes,yes,False
101208360,METROPOLITAN NASHVILLE POLICE DEPT,20160456712,Davidson,Nashville,5/20/2016 2:10:00 AM,1,0,0,36.119770,-86.704000,GLENGARRY DR,,,,360.00,Feet,North,WINTHORNE DR,,,,0.00,N,Not at Intersection,N,Non-Junction,None,,,         ,Sandra,Fly,Clear,Not Collision with Motor Vehicle in Transport,no,no,no,no,yes,False
101208361,METROPOLITAN NASHVILLE POLICE DEPT,20160456887,Davidson,Nashville,5/20/2016 3:31:00 AM,1,0,0,36.248040,-86.720250,DUE WEST AVE,,,,0.00,,,GALLATIN PKES,,,,0.00,Y,Four-Way,N,Intersection,None,,,         ,Michael,Richardson,Clear,Not Collision with Motor Vehicle in Transport,no,no,no,no,no,False
101208363,METROPOLITAN NASHVILLE POLICE DEPT,20160456967,Davidson,Nashville,5/20/2016 4:15:00 AM,2,0,0,36.241530,-86.820510,WHITES CREEK PKE,,,,583.00,Feet,South,PARMLEY LN,,,,0.00,N,Not at Intersection,N,Non-Junction,None,,,         ,Matthew,Lachance,Clear,Angle,no,no,no,no,yes,False
101208366,METROPOLITAN NASHVILLE POLICE DEPT,20160456426,Davidson,Nashville,5/19/2016 11:01:00 PM,2,0,0,36.041830,-86.646590,CROSSINGS BLVD,,,,942.00,Feet,South,CROSSINGS PL,,,,0.00,N,Not at Intersection, ,Non-Junction,None,,,         ,David,Moser,Clear,Angle,no,no,no,no,no,False
101208368,METROPOLITAN NASHVILLE POLICE DEPT,20160456974,Davidson,Nashville,5/20/2016 4:24:00 AM,2,1,0,36.054810,-86.679080,SHIHMEN DR,,,,268.00,Feet,West,TOMARAND RD,,,,0.00,N,Not at Intersection,N,Non-Junction,None,,,         ,Justin,McCormick,Clear,Front to Rear,no,no,no,no,no,False
101208371,METROPOLITAN NASHVILLE POLICE DEPT,2016-0456569,Davidson,Nashville,5/20/2016 12:30:00 AM,2,0,0,36.155820,-86.795920,17TH AVN,,,,0.00,,,CHURCH ST,,,,0.00,Y,Four-Way, ,Non-Junction,None,,,         ,Matthew,Moses,Clear,Angle,no,no,no,no,no,False
101208375,METROPOLITAN NASHVILLE POLICE DEPT,20160456417,Davidson,Nashville,5/19/2016 11:33:00 PM,3,1,0,36.194400,-86.772350,DICKERSON PKE,,,,0.00,Feet,East,DOUGLAS AV,,,,0.00,N,Not at Intersection,N,Non-Junction,None,,,         ,Harris,Smith,Clear,Angle,no,no,no,no,yes,False
101208378,METROPOLITAN NASHVILLE POLICE DEPT,2016-0456292,Davidson,Nashville,5/19/2016 10:45:00 PM,1,1,0,36.161020,-86.777200,BROADWAY,,,,0.00,,,4TH AVN,,,,0.00,Y,Four-Way,N,Non-Junction,None,,,         ,Kevin,Ott,Clear,Not Collision with Motor Vehicle in Transport,yes,no,no,no,no,False
101208380,METROPOLITAN NASHVILLE POLICE DEPT,20160456939,Davidson,Nashville,5/20/2016 3:31:00 AM,1,0,0,36.099900,-86.711310,I 24,,,,0.00,,,,,,,54.55,N,Not at Intersection,N,Non-Junction,None,,,         ,Dale,Dameron,Clear,Not Collision with Motor Vehicle in Transport,no,no,no,no,no,False
101208383,METROPOLITAN NASHVILLE POLICE DEPT,20160457058,Davidson,Nashville,5/20/2016 5:25:00 AM,2,1,0,36.142800,-86.744360,MURFREESBORO PKE,,,,0.00,,,FESSLERS LN,,,,0.00,Y,Four-Way,N,Intersection,None,,,         ,Leonard,Spadavecchia,Rain,Angle,no,no,no,no,no,False
101208384,METROPOLITAN NASHVILLE POLICE DEPT,20160457107,Davidson,Nashville,5/15/2016 7:45:00 AM,1,0,0,36.040720,-86.745850,OLD HICKORY BLVD,,,,608.00,Feet,North,EDMONDSON PKE,,,,0.00,N,Not at Intersection,N,OtherLocation,None,,,         ,Joshua,Dickall,Clear,Not Collision with Motor Vehicle in Transport,no,no,no,yes,yes,False
101208402,METROPOLITAN NASHVILLE POLICE DEPT,20160453957,Davidson,Nashville,5/19/2016 9:30:00 AM,2,0,0,36.132650,-86.727160,I 24,,,,0.00,,,,,,,52.00,N,Not at Intersection, ,Non-Junction,None,,,         ,David,Simmonds,Clear,Front to Rear,no,no,no,no,no,False
101208405,METROPOLITAN NASHVILLE POLICE DEPT,20160457207,Davidson,Nashville,5/20/2016 6:30:00 AM,1,0,0,36.039720,-86.782700,I 65,,,,0.00,,,,,,,74.65,N,Not at Intersection,N,Non-Junction,None,,,         ,Nathan,Kemp,Clear,Not Collision with Motor Vehicle in Transport,no,no,no,no,yes,False
101208412,METROPOLITAN NASHVILLE POLICE DEPT,20160457228,Davidson,Nashville,5/20/2016 12:00:00 AM,2,0,0,36.153200,-86.761840,CHARLES E DAVIS BLVD,,,,0.00,,,GREEN ST,,,,0.00,Y,T-Intersection,N,Intersection,None,,,         ,Michael,Dance,Unknown,Unknown,no,no,no,no,yes,False
101208420,GOODLETTSVILLE POLICE DEPT,16-18236,Davidson,Goodlettsville,5/20/2016 6:48:00 AM,1,1,0,36.304599,-86.719247,,,US31,,200.00,Feet,South,OLD DICKERSON,RD,,,0.00,N,Not at Intersection,N,Non-Junction,None,,,         ,Timothy,Preston,Rain,Not Collision with Motor Vehicle in Transport,no,no,no,no,no,False
101208431,METROPOLITAN NASHVILLE POLICE DEPT,20160457217,Davidson,Nashville,5/20/2016 6:40:00 AM,2,0,0,36.121460,-86.726800,I440 W ENT RAMP,,,,0.00,,,I 24,,,,0.00,Y,OTHER,Y,Entrance/Exit Ramp Related,None,,,         ,James,Grady,Rain,Front to Rear,no,no,no,no,no,False