master_record_number,agency,agency_tracking_number,county,city,collision_date,vehicles_involved,number_injured,number_dead,latitude,longitude,roadway_name,roadway_suffix,roadway_number,roadway_local_id,distance_from_reference,miles-feet_indicator,direction_from_reference,intersection_road_name,intersection_road_name_suffix,intersection_road_number,intersection_local_id,mile_marker,intersection_indicator,intersect_type,interchange_related_indicator,relation_to_junction,work_zone_type,construction_maintenance_zone,construction_maintenance_zone_location,fatal_case_number,officer_first_name,officer_last_name,weather_condition(s),manner_of_crash,pedestrian,bicycle,scooter,parking,hitrun,mou
101209274,METROPOLITAN NASHVILLE POLICE DEPT,20160459775,Davidson,Nashville,5/20/2016 11:30:00 PM,2,0,0,36.235350,-86.775220,MOOREWOOD DR,,,,92.00,Feet,South,WILMOTH RD,,,,0.00,N,Not at Intersection, ,Non-Junction,None,,,         ,Devon,Morgan,Cloudy,Angle,no,no,no,no,yes,False
101209281,METROPOLITAN NASHVILLE POLICE DEPT,20160459629,Davidson,Not in City Limit,5/20/2016 11:03:00 PM,1,0,0,36.274560,-86.778040,BRICK CHURCH PKE,,,,990.00,Feet,East,VALLEY TRL,,,,0.00,N,Not at Intersection,N,Non-Junction,None,,,         ,Christina,Buckner,Rain,Not Collision with Motor Vehicle in Transport,no,no,no,no,no,False
101209304,METROPOLITAN NASHVILLE POLICE DEPT,20160459896,Davidson,Nashville,5/21/2016 12:00:00 AM,1,1,0,36.148420,-86.768970,4TH AVS,,,,197.00,Feet,South,OAK ST,,,,0.00,N,Not at Intersection,N,Non-Junction,None,,,         ,Brian,Mclarty,,Not Collision with Motor Vehicle in Transport,no,no,no,no,no,False
101209312,METROPOLITAN NASHVILLE POLICE DEPT,20160459608,Davidson,Nashville,5/20/2016 9:53:00 PM,2,0,0,36.226310,-86.603190,SAUNDERSVILLE RD,,,,0.00,,,SHUTE LN,,,,0.00,Y,T-Intersection, ,Intersection,None,,,         ,Leonard,Spadavecchia,Clear,Angle,no,no,no,no,no,False
101209335,METROPOLITAN NASHVILLE POLICE DEPT,20160457069,Davidson,Nashville,5/20/2016 5:55:00 AM,2,0,0,36.158290,-86.771890,HERMITAGE AV,,,,0.00,,,KOREAN VETERANS BLVD,,,,0.00,Y,Four-Way, ,Intersection-Related,None,,,         ,John,Anderson,Rain,Front to Rear,no,no,no,no,no,False
101209349,METROPOLITAN NASHVILLE POLICE DEPT,20160460147,Davidson,Nashville,5/21/2016 3:23:00 AM,1,0,0,36.059120,-86.711880,TUSCULUM RD,,,,100.00,Feet,West,MADELINE DR,,,,0.00,N,Not at Intersection,N,Non-Junction,None,,,         ,David,Moser,Clear,Not Collision with Motor Vehicle in Transport,no,no,no,no,no,False
101209351,METROPOLITAN NASHVILLE POLICE DEPT,20160460193,Davidson,Goodlettsville,5/21/2016 3:58:00 AM,1,1,0,36.303330,-86.691000,GALLATIN PKEN,,,,327.00,Feet,East,CONFERENCE DR,,,,0.00,N,Not at Intersection,N,Non-Junction,None,,,         ,Christina,Buckner,Clear,Not Collision with Motor Vehicle in Transport,no,no,no,no,no,False
101209352,METROPOLITAN NASHVILLE POLICE DEPT,20160459986,Davidson,Nashville,5/21/2016 1:48:00 AM,2,0,0,36.152300,-86.797450,WEST END AV,,,,0.00,,,19TH AVN,,,,0.00,Y,Four-Way,N,Intersection,None,,,         ,Steven,Carrick,Clear,Angle,no,no,no,no,no,False
101209353,METROPOLITAN NASHVILLE POLICE DEPT,2016-0460094,Davidson,Nashville,5/21/2016 12:00:00 AM,2,0,0,36.229380,-86.759280,BROADMOOR DR,,,,0.00,,,DICKERSON PKE,,,,0.00,Y,OTHER,N,Non-Junction,Unknown,,,         ,Kenneth,Bray,Cloudy,Rear to Side,no,no,no,yes,yes,False
101209354,METROPOLITAN NASHVILLE POLICE DEPT,20160460248,Davidson,Nashville,5/21/2016 4:51:00 AM,1,0,0,36.095850,-86.655180,MURFREESBORO PKE,,,,172.00,Feet,East,RICE AV,,,,0.00,N,Not at Intersection,N,Non-Junction,None,,,         ,Blaze,Williams,Clear,Not Collision with Motor Vehicle in Transport,no,no,no,no,no,False
101209368,METROPOLITAN NASHVILLE POLICE DEPT,20160459549,Davidson,Not in City Limit,5/20/2016 10:29:00 PM,1,1,0,36.318910,-86.891330,CLARKSVILLE PKE,,,,73.00,Feet,West,BABBS DR,,,,0.00,N,Not at Intersection,N,Non-Junction,None,,,         ,James,Murphy,Clear,Not Collision with Motor Vehicle in Transport,no,no,no,no,no,False
101209376,METROPOLITAN NASHVILLE POLICE DEPT,2016-454737,Davidson,Nashville,5/19/2016 2:03:00 PM,2,0,0,36.244090,-86.756550,DICKERSON PKE,,,,73.00,Feet,North,SKYLINE MEMORIAL CT,,,,0.00,N,Not at Intersection,N,OtherLocation,None,,,         ,Jack,Crouch,Clear,Front to Rear,no,no,no,no,yes,False
101209380,METROPOLITAN NASHVILLE POLICE DEPT,20160457914,Davidson,Nashville,5/20/2016 11:50:00 AM,2,0,0,36.170470,-86.804850,I 40,,,,0.00,,,,,,,207.60,N,Not at Intersection,N,Non-Junction,None,,,         ,Garren,Hoskins,Rain,"Sideswipe, Same Direction",no,no,no,no,no,False
101209382,METROPOLITAN NASHVILLE POLICE DEPT,20160457411,Davidson,Nashville,5/20/2016 12:00:00 AM,2,0,0,36.086830,-86.695730,HARDING PL,,,,68.00,Feet,East,S PERIMETER PARK DR,,,,0.00,N,Not at Intersection,N,Non-Junction,None,,,         ,David,Simmonds,Rain,Front to Rear,no,no,no,no,yes,False
101209390,METROPOLITAN NASHVILLE POLICE DEPT,20160451011,Davidson,Nashville,5/18/2016 1:09:00 PM,2,0,0,36.148700,-86.762060,LAFAYETTE ST,,,,132.00,Feet,East,CHARLES E DAVIS BLVD,,,,0.00,N,Not at Intersection,N,Non-Junction,None,,,         ,Pamela,Caulder,Cloudy,Rear to Rear,no,no,no,yes,yes,False
101209398,METROPOLITAN NASHVILLE POLICE DEPT,20160458311,Davidson,Nashville,5/20/2016 2:24:00 PM,3,1,0,36.168540,-86.788320,ROSA L PARKS BLVD,,,,0.00,,,HARRISON ST,,,,0.00,Y,Four-Way,N,Intersection,None,,,         ,Roy,McElwee,Rain,HeadOn,no,no,no,no,yes,False
101209400,METROPOLITAN NASHVILLE POLICE DEPT,20160457250,Davidson,Nashville,5/20/2016 6:52:00 AM,2,0,0,36.058390,-86.677930,I 24,,,,0.00,,,,,,,58.00,N,Not at Intersection, ,Non-Junction,None,,,         ,Thomas,White,Rain,"Sideswipe, Same Direction",no,no,no,no,no,False
101209401,METROPOLITAN NASHVILLE POLICE DEPT,20160458179,Davidson,Nashville,5/20/2016 1:07:00 PM,2,1,0,36.085280,-86.699480,I 24,,,,0.00,,,,,,,55.80,N,Not at Intersection,N,Non-Junction,None,,,         ,Thomas,White,Rain,Front to Rear,no,no,no,no,no,False
101209415,METROPOLITAN NASHVILLE POLICE DEPT,20160460191,Davidson,Nashville,5/21/2016 3:57:00 AM,1,0,0,0.000000,0.000000,I24 EAST,,,,10.00,Feet,,I24 EAST,,,,56.80,N,Not at Intersection,N,Non-Junction,None,,,         ,Caleb,Jernigan,Clear,Not Collision with Motor Vehicle in Transport,no,no,no,no,no,False
101209417,METROPOLITAN NASHVILLE POLICE DEPT,20160458314,Davidson,Not in City Limit,5/20/2016 2:00:00 PM,2,0,0,36.279820,-86.875850,CLARKSVILLE PKE,,,,700.00,Feet,West,OLD HICKORY BLVD,,,,0.00,N,Not at Intersection, ,SharedUsePathOrTrail,None,,,         ,Garren,Hoskins,Cloudy,"Sideswipe, Opposite Direction",no,no,no,yes,yes,False
101209418,METROPOLITAN NASHVILLE POLICE DEPT,20160460546,Davidson,Nashville,5/21/2016 8:20:00 AM,2,0,0,36.064530,-86.628190,MURFREESBORO PKE,,,,100.00,Feet,South,HAMILTON CHURCH RD,,,,0.00,N,Not at Intersection, ,Non-Junction,None,,,         ,Jason,Dudley,Cloudy,Front to Rear,no,no,no,no,no,False
101209421,METROPOLITAN NASHVILLE POLICE DEPT,20160460528,Davidson,Nashville,5/21/2016 12:00:00 AM,2,0,0,36.120360,-86.818390,STERLING RD,,,,27.00,Feet,West,WORTHAM AV,,,,0.00,N,Not at Intersection,N,Non-Junction,None,,,         ,Marcus,Darden,Unknown,Unknown,no,no,no,no,yes,False
101209423,METROPOLITAN NASHVILLE POLICE DEPT,2016-0451017,Davidson,Nashville,5/18/2016 1:20:00 PM,1,1,0,36.216370,-86.599450,LEBANON PKE,,,,0.00,,,,,,,0.00,,,N,Non-Junction,None,,,         ,Jeb,Johnston,Cloudy,Not Collision with Motor Vehicle in Transport,yes,no,no,yes,yes,False
101209424,METROPOLITAN NASHVILLE POLICE DEPT,20160460389,Davidson,Nashville,5/21/2016 6:50:00 AM,2,0,0,36.157110,-86.803610,CHARLOTTE AV,,,,0.00,,,20TH AVN,,,,0.00,Y,T-Intersection, ,,None,,,         ,James,Wray,,,no,no,no,no,no,False
101209427,METROPOLITAN NASHVILLE POLICE DEPT,2016-0453628,Davidson,Nashville,5/19/2016 7:37:00 AM,2,0,0,36.192370,-86.599750,OAKCREST LN,,,,117.00,Feet,North,OAK HOLLOW,,,,0.00,N,Not at Intersection,N,Non-Junction,None,,,         ,Jeb,Johnston,Cloudy,Angle,no,no,no,no,no,False
101209428,VANDERBILT UNIVERSITY POLICE,16-0454772,Davidson,Nashville,5/19/2016 1:00:00 PM,1,0,0,36.141930,-86.805790,HIGHLAND AV,,,,0.00,,,,,,,0.00,,,N,OtherLocation,None,,,         ,Yasemine,Lomax,Clear,Not Collision with Motor Vehicle in Transport,no,no,no,yes,no,Campus
101209429,METROPOLITAN NASHVILLE POLICE DEPT,2016-039451,Davidson,Nashville,5/2/2016 1:45:00 PM,2,1,0,36.079600,-86.726320,NOLENSVILLE PKE,,,,0.00,Feet,East,HARDING PL,,,,0.00,N,Not at Intersection,N,Non-Junction,None,,,         ,Sean,Williams,Clear,"Sideswipe, Same Direction",no,no,no,no,no,False
101209438,METROPOLITAN NASHVILLE POLICE DEPT,2016-0457287,Davidson,Nashville,5/20/2016 7:31:00 AM,1,0,0,36.152000,-86.676940,EMERY DR,,,,115.00,Feet,North,ELM HILL PKE,,,,0.00,N,Not at Intersection,N,Non-Junction,None,,,         ,Jeb,Johnston,Rain,Not Collision with Motor Vehicle in Transport,no,no,no,no,no,False
101209441,METROPOLITAN NASHVILLE POLICE DEPT,2016-0398712,Davidson,Nashville,5/2/2016 8:00:00 AM,2,0,0,36.151930,-86.690880,ELM HILL PKE,,,,1.00,Feet,East,BRILEY PKWYS,,,,0.00,N,Not at Intersection, ,Non-Junction,None,,,         ,Sean,Williams,Rain,Front to Rear,no,no,no,no,no,False
101209442,VANDERBILT UNIVERSITY POLICE,16-0460473,Davidson,Nashville,5/21/2016 7:00:00 AM,1,1,0,36.139730,-86.801670,PIERCE AV,,,,0.00,,,MEDICAL CENTER DR,,,,0.00,Y,OTHER,N,OtherLocation,None,,,         ,Olivia,Oliver,Clear,Not Collision with Motor Vehicle in Transport,yes,no,no,yes,no,Campus
101209443,METROPOLITAN NASHVILLE POLICE DEPT,20160460654,Davidson,Nashville,5/21/2016 9:10:00 AM,2,0,0,0.000000,0.000000,BELL,RD,SR1155,1155 BELL RD,500.00,Feet,West,CANE RIDGE,RD,SR5353,CANE RIDGE RD,0.00,N,Not at Intersection, ,Non-Junction,None,,,         ,Thomas,White,Clear,Unknown,no,no,no,yes,yes,False
101209469,METROPOLITAN NASHVILLE POLICE DEPT,20160460730,Davidson,Nashville,5/21/2016 9:45:00 AM,2,0,0,36.125840,-86.765910,BRANSFORD AV,,,,21.00,Feet,North,CRAIGHEAD ST,,,,0.00,N,Not at Intersection, ,Non-Junction,None,,,         ,Ronald,Raynore,Clear,Not Collision with Motor Vehicle in Transport,no,no,no,no,no,False
101209477,METROPOLITAN NASHVILLE POLICE DEPT,20160457749,Davidson,Nashville,5/20/2016 12:00:00 AM,1,0,0,36.099770,-86.711200,I 24,,,,0.00,,,,,,,54.60,N,Not at Intersection,N,Non-Junction,None,,,         ,David,Simmonds,Rain,Not Collision with Motor Vehicle in Transport,no,no,no,no,no,False
101209478,METROPOLITAN NASHVILLE POLICE DEPT,2016-0460814,Davidson,Nashville,5/21/2016 10:40:00 AM,2,0,0,36.105480,-86.814130,HILLSBORO PKE,,,,154.00,Feet,South,ABBOTT MARTIN RD,,,,0.00,N,Not at Intersection,N,Non-Junction,None,,,         ,Paul,Junkmann,Cloudy,"Sideswipe, Same Direction",no,no,no,no,yes,False
101209493,METROPOLITAN NASHVILLE POLICE DEPT,20160458859,Davidson,Nashville,5/20/2016 6:14:00 PM,2,1,0,36.075290,-86.639410,MURFREESBORO PKE,,,,374.00,Feet,North,RURAL HILL RD,,,,0.00,N,Not at Intersection,N,Non-Junction,None,,,         ,Michael,Apsey,Cloudy,Front to Rear,no,no,no,no,no,False
101209515,METROPOLITAN NASHVILLE POLICE DEPT,20160460907,Davidson,Nashville,5/21/2016 11:45:00 AM,2,0,0,36.081050,-86.758020,HARDING PL,,,,100.00,Feet,East,TROUSDALE DR,,,,0.00,N,Not at Intersection, ,Non-Junction,None,,,         ,Jason,Dudley,Clear,Front to Rear,no,no,no,no,yes,False
101209517,METROPOLITAN NASHVILLE POLICE DEPT,20160460836,Davidson,Nashville,5/21/2016 11:06:00 AM,2,0,0,36.195310,-86.772200,DICKERSON PKE,,,,0.00,Feet,,FERN AV,,,,0.00,Y,T-Intersection, ,Non-Junction,None,,,         ,Jared,Eaves,Clear,Angle,no,no,no,no,no,False
101209518,BELLE MEADE POLICE DEPT,16-0128,Davidson,Belle Meade,5/20/2016 1:13:00 PM,2,0,0,36.114400,-86.861860,HARDING PKE,,,,0.00,,,CLARENDON AV,,,,0.00,Y,T-Intersection,N,Non-Junction,None,,,         ,Teddy,Murphy,Rain,Front to Rear,no,no,no,no,no,False
101209520,METROPOLITAN NASHVILLE POLICE DEPT,20160460912,Davidson,Nashville,5/21/2016 12:15:00 PM,2,0,0,36.100920,-86.730610,ANTIOCH PKE,,,,0.00,,,SOUTHLAKE DR,,,,0.00,Y,T-Intersection, ,Intersection,None,,,         ,Stephen,Soule,Clear,Angle,no,no,no,no,no,False
101209522,METROPOLITAN NASHVILLE POLICE DEPT,2016-0460884,Davidson,Nashville,5/20/2016 10:00:00 PM,2,0,0,36.156210,-86.765500,ACADEMY PL,,,,0.00,,,NANCE AV,,,,0.00,Y,T-Intersection,N,"Driveway, Alley Access, etc",None,,,         ,Daniel,Massey,Clear,Unknown,no,no,no,no,yes,False
101209523,METROPOLITAN NASHVILLE POLICE DEPT,20160460891,Davidson,Nashville,5/21/2016 11:30:00 AM,1,0,0,36.134740,-86.746910,POLK AV,,,,21.00,Feet,West,FESSLERS LN,,,,0.00,N,Not at Intersection, ,Non-Junction,None,,,         ,Rickie,Corman,Clear,Not Collision with Motor Vehicle in Transport,no,no,no,no,no,False
101209550,METROPOLITAN NASHVILLE POLICE DEPT,20160451045,Davidson,Nashville,5/18/2016 11:10:00 AM,1,0,0,36.193400,-86.753760,DOUGLAS AV,,,,137.00,Feet,West,ELLINGTON PKWY S EXT RAMP,,,,0.00,N,Not at Intersection,N,Non-Junction,None,,,         ,Jeremy,Stricklin,Clear,Not Collision with Motor Vehicle in Transport,no,no,no,yes,yes,False
101209555,METROPOLITAN NASHVILLE POLICE DEPT,20160450257,Davidson,Nashville,5/18/2016 7:52:00 AM,2,0,0,36.134670,-86.723510,MURFREESBORO PKE,,,,311.00,Feet,East,I24 W EXT RAMP,,,,0.00,N,Not at Intersection,Y,Crossover-Related,None,,,         ,Terry,Denton,Cloudy,Angle,no,no,no,no,yes,False
101209557,METROPOLITAN NASHVILLE POLICE DEPT,20160460986,Davidson,Nashville,5/21/2016 12:15:00 PM,2,0,0,36.149820,-86.859400,CHARLOTTE PKE,,,,0.00,,,MIDLAND AV,,,,0.00,Y,T-Intersection, ,Non-Junction,None,,,         ,Gregory,McDaniel,Clear,"Sideswipe, Same Direction",no,no,no,no,no,False
101209563,GOODLETTSVILLE POLICE DEPT,16-18409,Davidson,Goodlettsville,5/21/2016 12:15:00 PM,2,0,0,36.315090,-86.699160,CONFERENCE DR,,,,148.00,Feet,North,WINDSOR GREEN BLVD,,,,0.00,N,Not at Intersection, ,Non-Junction,None,,,         ,Benny,Alexander,Cloudy,Front to Rear,no,no,no,no,no,False
101209582,Nashville Airport Police,2016-01275,Davidson,Nashville,5/17/2016 3:29:00 PM,2,0,0,36.136160,-86.667550,TERMINAL DR,,,,0.00,,,I40 E EXT RAMP,,,,0.00,Y,Traffic Circle, ,Non-Junction,None,,,         ,Steve,Wright,Clear,"Sideswipe, Same Direction",no,no,no,yes,no,False
101209583,METROPOLITAN NASHVILLE POLICE DEPT,20160461029,Davidson,Nashville,5/21/2016 1:32:00 PM,2,0,0,36.126890,-86.710140,THOMPSON PL,,,,289.00,Feet,East,MURFREESBORO PKE,,,,0.00,N,Not at Intersection, ,,None,,,         ,Terry,Denton,,,no,no,no,no,no,False
101209592,METROPOLITAN NASHVILLE POLICE DEPT,20160460871,Davidson,Nashville,5/21/2016 9:30:00 AM,2,0,0,36.208080,-86.758740,JONES CIR,,,,0.00,,,QUEEN AV,,,,0.00,Y,OTHER,N,Non-Junction,None,,,         ,Randal,Owsley,Clear,Unknown,no,no,no,no,yes,False
101209598,METROPOLITAN NASHVILLE POLICE DEPT,20160460882,Davidson,Nashville,5/21/2016 11:31:00 AM,2,2,0,36.066700,-86.691080,HICKORY LAKE APTS PVTDR,,,,0.00,,,I24 E ENT RAMP,,,,0.00,,Not at Intersection,N,Non-Junction,None,,,         ,Robert,Erickson,Clear,HeadOn,no,no,no,yes,no,False
101209605,METROPOLITAN NASHVILLE POLICE DEPT,20160461049,Davidson,Nashville,5/21/2016 2:00:00 PM,2,1,0,36.139000,-86.665800,DONELSON PKE,,,,0.00,Feet,,I40 E ENT RAMP,,,,0.00,Y,T-Intersection,Y,Intersection-Related,None,,,         ,William,Mckay,Clear,Angle,no,no,no,no,no,False
101209619,METROPOLITAN NASHVILLE POLICE DEPT,20160461045,Davidson,Nashville,5/21/2016 1:28:00 PM,2,0,0,36.055460,-86.723070,BREWER DR,,,,0.00,,,MCMURRAY DR,,,,0.00,Y,Four-Way,N,Intersection,None,,,         ,Earl,Davis,Clear,Angle,no,no,no,no,no,False
101209626,METROPOLITAN NASHVILLE POLICE DEPT,20160458960,Davidson,Nashville,5/20/2016 6:36:00 PM,2,0,0,36.145980,-86.666890,ROYAL PKWY,,,,87.00,Feet,West,DONELSON PKE,,,,0.00,N,Not at Intersection, ,Non-Junction,None,,,         ,Dontaveous,Eubanks,Clear,Front to Rear,no,no,no,no,no,False
101209642,METROPOLITAN NASHVILLE POLICE DEPT,2016-0461093,Davidson,Not in City Limit,5/21/2016 2:34:00 PM,1,0,0,36.087640,-86.943130,I 40,,,,0.00,,,,,,,197.20,N,Not at Intersection, ,Non-Junction,None,,,         ,Michael,Rogers,Clear,Not Collision with Motor Vehicle in Transport,no,no,no,no,no,False
101209647,METROPOLITAN NASHVILLE POLICE DEPT,20160461104,Davidson,Nashville,5/21/2016 2:24:00 PM,2,0,0,36.103740,-86.869550,POST RD,,,,8.00,Feet,South,HARDING PKE,,,,0.00,N,Not at Intersection, ,Rail Grade Crossing,None,,,         ,Ethan,Usherwood,Cloudy,Front to Rear,no,no,no,no,no,False
101209653,METROPOLITAN NASHVILLE POLICE DEPT,20160461182,Davidson,Nashville,5/21/2016 3:11:00 PM,1,0,0,36.145120,-86.794090,17TH AVS,,,,420.00,Feet,West,EDGEHILL AV,,,,0.00,N,Not at Intersection,N,Non-Junction,None,,,         ,Clyde,Stambaugh,Clear,Not Collision with Motor Vehicle in Transport,no,no,no,no,no,Campus
101209656,METROPOLITAN NASHVILLE POLICE DEPT,20160459101,Davidson,Nashville,5/20/2016 7:30:00 PM,3,1,0,36.111270,-86.722850,I 24,,,,0.00,,,,,,,53.60,N,Not at Intersection,N,Non-Junction,None,,,         ,Nakia,Reid,Clear,Front to Rear,no,no,no,no,no,False
101209662,METROPOLITAN NASHVILLE POLICE DEPT,2016-0458231,Davidson,Nashville,5/20/2016 1:54:00 PM,2,0,0,36.155650,-86.789720,I40 E ENT RAMP,,,,0.00,,,I40 E EXT RAMP,,,,0.00,Y,Four-Way, ,Intersection-Related,None,,,         ,Allen,Bates,Rain,Angle,no,no,no,no,no,False
101209690,METROPOLITAN NASHVILLE POLICE DEPT,20160461216,Davidson,Nashville,5/21/2016 3:20:00 PM,2,0,0,36.109860,-86.809120,BENHAM AV,,,,0.00,,,,,,,0.00,,, ,Non-Junction,None,,,         ,Nicholas,Smith,Cloudy,"Sideswipe, Opposite Direction",no,no,no,yes,no,False
101209707,METROPOLITAN NASHVILLE POLICE DEPT,20160461112,Davidson,Nashville,5/21/2016 2:34:00 PM,2,0,0,36.229380,-86.758170,BROADMOOR DR,,,,327.00,Feet,East,DICKERSON PKE,,,,0.00,N,Not at Intersection,N,Non-Junction,None,,,         ,Christopher,Davis,Clear,Angle,no,no,no,yes,yes,False
101209712,METROPOLITAN NASHVILLE POLICE DEPT,20160461103,Davidson,Not in City Limit,5/21/2016 1:45:00 PM,2,0,0,36.266570,-86.724770,HERITAGE DR,,,,188.00,Feet,South,HERITAGE TRACE DR,,,,0.00,N,Not at Intersection, ,Non-Junction,None,,,         ,Jerry,Pirtle,Cloudy,Angle,no,no,no,no,no,False
101209722,METROPOLITAN NASHVILLE POLICE DEPT,20160461276,Davidson,Nashville,5/21/2016 4:18:00 PM,2,0,0,36.054560,-86.619000,MURFREESBORO,PIKE,,,0.00,,South,MT VIEW,RD,,,0.00,N,Not at Intersection, ,,None,,,         ,Alyson,Cook,,,no,no,no,no,no,False
101209728,METROPOLITAN NASHVILLE POLICE DEPT,20160461324,Davidson,Not in City Limit,5/21/2016 4:30:00 PM,1,0,0,36.014170,-87.041000,HIGHWAY 100,,,,0.61,Miles,West,FAIRVIEW BLVD,,,,0.00,N,Not at Intersection,N,Non-Junction,None,,,         ,Terrance,Stuckey,Clear,Not Collision with Motor Vehicle in Transport,no,no,no,no,no,False
101209731,METROPOLITAN NASHVILLE POLICE DEPT,20160459511,Davidson,Nashville,5/20/2016 10:30:00 PM,2,0,0,36.069120,-86.687340,I24 W EXT RAMP,,,,0.00,,,I 24,,,,0.00,Y,OTHER, ,Entrance/Exit Ramp Related,None,,,         ,Sharissa,Perez,Clear,Front to Rear,no,no,no,no,no,False
101209747,METROPOLITAN NASHVILLE POLICE DEPT,20160461417,Davidson,Nashville,5/21/2016 5:00:00 PM,1,0,0,36.119520,-86.730240,GLENROSE AV,,,,0.00,,,OLD GLENROSE AV,,,,0.00,Y,T-Intersection, ,Intersection,None,,,         ,Daniel,Garrett,Clear,Not Collision with Motor Vehicle in Transport,no,no,no,no,no,False
101209756,METROPOLITAN NASHVILLE POLICE DEPT,2016-0461486,Davidson,Nashville,5/21/2016 5:36:00 PM,2,0,0,36.106080,-86.815270,ABBOTT MARTIN RD,,,,215.00,Feet,East,BANDYWOOD DR,,,,0.00,N,Not at Intersection, ,,None,,,         ,Christopher,Clark,,,no,no,no,no,no,False
101209758,METROPOLITAN NASHVILLE POLICE DEPT,20160461364,Davidson,Nashville,5/21/2016 3:05:00 PM,2,0,0,36.069150,-86.689620,I24 E EXT RAMP,,,,0.00,,,I 24,,,,0.00,Y,OTHER,N,Non-Junction,None,,,         ,Sharissa,Perez,Clear,Front to Rear,no,no,no,no,no,False
101209770,METROPOLITAN NASHVILLE POLICE DEPT,2016-0461511,Davidson,Nashville,5/21/2016 5:32:00 PM,2,0,0,36.077630,-86.924800,DEER LAKE DR,,,,459.00,Feet,East,HICKS RD,,,,0.00,N,Not at Intersection,N,Non-Junction,None,,,         ,Michael,Rogers,Clear,Rear to Side,no,no,no,no,yes,False
101209787,METROPOLITAN NASHVILLE POLICE DEPT,20160461618,Davidson,Nashville,5/21/2016 6:10:00 PM,2,0,0,36.049020,-86.652610,BELL RD,,,,276.00,Feet,West,HICKORY HOLLOW MALL PVTDR PL,,,,0.00,N,Not at Intersection,N,Non-Junction,None,,,         ,Jarred,Ruhlman,Clear,Angle,no,no,no,no,no,False
101209795,Nashville Airport Police,2016-01289,Davidson,Nashville,5/18/2016 12:00:00 AM,3,0,0,36.112600,-86.670820,DONELSON PKE,,,,1684.00,Feet,South,HANGAR LN,,,,0.00,N,Not at Intersection,N,Non-Junction,None,,,         ,Delphia,Murphy,Clear,Front to Rear,no,no,no,no,no,False
101209797,METROPOLITAN NASHVILLE POLICE DEPT,20160461332,Davidson,Nashville,5/21/2016 4:00:00 PM,2,0,0,0.000000,0.000000,MOUNT VIEW,,,,0.00,,,MURFRESSBORO,,US,,0.00,Y,Four-Way, ,Non-Junction,None,,,         ,Benjamin,Froehlich,Clear,Front to Rear,no,no,no,no,no,False
101209835,METROPOLITAN NASHVILLE POLICE DEPT,20160461903,Davidson,Nashville,5/21/2016 12:00:00 AM,2,0,0,36.175060,-86.786330,4TH AVN,,,,157.00,Feet,North,JEFFERSON ST,,,,0.00,N,Not at Intersection,N,Non-Junction,None,,,         ,Landon,Bagwell,Unknown,Unknown,no,no,no,yes,yes,False
101209848,METROPOLITAN NASHVILLE POLICE DEPT,20160461986,Davidson,Nashville,5/21/2016 12:00:00 AM,2,1,0,36.207300,-86.697740,OPRY MILLS DR,,,,1181.00,Feet,North,MOSS ROSE DR,,,,0.00,N,Not at Intersection,N,Non-Junction,None,,,         ,Craig,Gentry,Clear,Front to Rear,no,no,no,no,no,False
101209850,METROPOLITAN NASHVILLE POLICE DEPT,20160461365,Davidson,Nashville,5/21/2016 4:45:00 PM,2,0,0,36.170820,-86.601550,OLD HICKORY BLVD,,,,0.00,,,I40 W EXT RAMP,,,,0.00,Y,Four-Way, ,Non-Junction,None,,,         ,Alex,Lampley,Cloudy,Front to Rear,no,no,no,no,no,False
101209851,METROPOLITAN NASHVILLE POLICE DEPT,20160461146,Davidson,Nashville,5/21/2016 3:15:00 PM,2,1,0,36.251000,-86.740810,I 65,,,,0.00,,,,,,,91.30,N,Not at Intersection,N,Non-Junction,None,,,         ,Carlos,Urrutia,Cloudy,Front to Rear,no,no,no,no,no,False
101209852,METROPOLITAN NASHVILLE POLICE DEPT,20160461917,Davidson,Nashville,5/21/2016 8:58:00 PM,2,0,0,36.167600,-86.762220,S 5TH ST,,,,0.00,,,SHELBY AV,,,,0.00,Y,Four-Way, ,,None,,,         ,Christian,Martin,,,no,no,no,no,no,False
101209862,METROPOLITAN NASHVILLE POLICE DEPT,20160461724,Davidson,Not in City Limit,5/21/2016 7:17:00 PM,1,0,0,36.326590,-86.887460,I 24,,,,0.00,,,,,,,33.90,N,Not at Intersection,N,Non-Junction,None,,,         ,Thomas,Burns,Clear,Not Collision with Motor Vehicle in Transport,no,no,no,no,no,False
101209864,METROPOLITAN NASHVILLE POLICE DEPT,20160460154,Davidson,Nashville,5/21/2016 3:27:00 AM,2,0,0,36.152100,-86.753460,I 40,,,,0.00,,,,,,,211.40,N,Not at Intersection,N,Non-Junction,None,,,         ,Leonard,Spadavecchia,Clear,"Sideswipe, Same Direction",no,no,no,no,yes,False
101209877,METROPOLITAN NASHVILLE POLICE DEPT,20160462114,Davidson,Nashville,5/21/2016 10:20:00 PM,2,0,0,36.124560,-86.806680,I440 W ENT RAMP,,,,0.00,Feet,East,I 440,,,,0.00,N,Not at Intersection, ,Entrance/Exit Ramp Related,None,,,         ,Steven,Carrick,Clear,Front to Rear,no,no,no,no,no,False
101209906,METROPOLITAN NASHVILLE POLICE DEPT,20160462137,Davidson,Nashville,5/21/2016 9:45:00 PM,2,0,0,36.139510,-86.700310,BRILEY PKWY,,,,0.00,,,KAREN DR,,,,0.00,Y,Four-Way,N,Intersection,None,,,         ,Robert,Fondren,Cloudy,Front to Rear,no,no,no,no,no,False