master_record_number,agency,agency_tracking_number,county,city,collision_date,vehicles_involved,number_injured,number_dead,latitude,longitude,roadway_name,roadway_suffix,roadway_number,roadway_local_id,distance_from_reference,miles-feet_indicator,direction_from_reference,intersection_road_name,intersection_road_name_suffix,intersection_road_number,intersection_local_id,mile_marker,intersection_indicator,intersect_type,interchange_related_indicator,relation_to_junction,work_zone_type,construction_maintenance_zone,construction_maintenance_zone_location,fatal_case_number,officer_first_name,officer_last_name,weather_condition(s),manner_of_crash,pedestrian,bicycle,scooter,parking,hitrun,mou
101230491,METROPOLITAN NASHVILLE POLICE DEPT,20160465143,Davidson,Nashville,5/23/2016 7:20:00 AM,2,0,0,36.176580,-86.765780,ELLINGTON PKWYS,,,,241.00,Feet,North,SPRING ST ENT RAMP,,,,0.00,N,Not at Intersection,N,Non-Junction,None,,,         ,Jeremy,Stricklin,Clear,Front to Rear,no,no,no,no,no,False
101230494,METROPOLITAN NASHVILLE POLICE DEPT,2016-0424846,Davidson,Nashville,5/10/2016 7:00:00 AM,2,0,0,36.053240,-86.775160,I 65,,,,0.00,,,,,,,74.75,N,Not at Intersection,N,Non-Junction,None,,,         ,William,McDaniel,Cloudy,Front to Rear,no,no,no,no,yes,False
101230501,METROPOLITAN NASHVILLE POLICE DEPT,20160465205,Davidson,Nashville,5/23/2016 7:20:00 AM,1,0,0,36.211050,-86.900160,ASHLAND CITY HWY,,,,700.00,Feet,West,OLD HYDES FERRY PKE,,,,0.00,N,Not at Intersection,N,Non-Junction,None,,,         ,Garren,Hoskins,Clear,Not Collision with Motor Vehicle in Transport,no,no,no,no,no,False
101230503,METROPOLITAN NASHVILLE POLICE DEPT,20160465120,Davidson,Nashville,5/23/2016 6:46:00 AM,2,0,0,36.081100,-86.758360,HARDING PL,,,,0.00,,,TROUSDALE DR,,,,0.00,Y,Four-Way, ,Intersection,None,,,         ,Citlaly,Juarez,Clear,"Sideswipe, Same Direction",no,no,no,no,no,False
101230506,METROPOLITAN NASHVILLE POLICE DEPT,20160465127,Davidson,Nashville,5/23/2016 6:48:00 AM,2,1,0,36.095970,-86.742550,ALLIED DR,,,,0.00,,,KEYSTONE AV,,,,0.00,Y,Four-Way,N,Intersection,None,,,         ,Nathan,Kemp,Clear,Angle,no,no,no,no,no,False
101230507,METROPOLITAN NASHVILLE POLICE DEPT,20160465232,Davidson,Nashville,5/23/2016 7:43:00 AM,4,3,0,36.104480,-86.766550,I 65,,,,0.00,,,,,,,79.40,N,Not at Intersection,N,Non-Junction,None,,,         ,Nathan,Kemp,Clear,Front to Rear,no,no,no,no,no,False
101230518,METROPOLITAN NASHVILLE POLICE DEPT,20160465491,Davidson,Nashville,5/23/2016 8:55:00 AM,2,0,0,36.082050,-86.761730,I65 N EXT RAMP,,,,0.00,Feet,East,SIDCO DR,,,,0.00,N,Not at Intersection,N,Entrance/Exit Ramp Related,None,,,         ,Kevin,Crawford,Clear,Front to Rear,no,no,no,no,no,False
101230528,METROPOLITAN NASHVILLE POLICE DEPT,20160465431,Davidson,Nashville,5/23/2016 8:19:00 AM,2,0,0,36.163980,-86.782320,6TH AVN,,,,0.00,,,UNION ST,,,,0.00,Y,Four-Way, ,Intersection,None,,,         ,Clint,Gilleland,Clear,"Sideswipe, Same Direction",no,no,no,no,no,False
101230529,METROPOLITAN NASHVILLE POLICE DEPT,20160465296,Davidson,Nashville,5/23/2016 8:10:00 AM,2,0,0,36.122000,-86.754540,I 440,,,,0.00,,,,,,,6.10,N,Not at Intersection, ,Non-Junction,None,,,         ,Nathan,Smith,Clear,Front to Rear,no,no,no,no,no,False
101230554,METROPOLITAN NASHVILLE POLICE DEPT,20160465129,Davidson,Nashville,5/23/2016 6:48:00 AM,2,0,0,36.176290,-86.766110,ELLINGTON PKWYS,,,,100.00,Feet,North,SPRING ST,,,,0.00,N,Not at Intersection, ,Non-Junction,None,,,         ,Doyle,Price,Clear,Front to Rear,no,no,no,no,no,False
101230558,METROPOLITAN NASHVILLE POLICE DEPT,20160465319,Davidson,Nashville,5/23/2016 8:00:00 AM,1,0,0,36.162630,-86.778250,4TH AVN,,,,102.00,Feet,North,COMMERCE ST,,,,0.00,N,Not at Intersection, ,Non-Junction,None,,,         ,Michael,Johnson,Clear,Not Collision with Motor Vehicle in Transport,no,no,no,no,no,False
101230559,METROPOLITAN NASHVILLE POLICE DEPT,2016-0465644,Davidson,Nashville,5/23/2016 10:21:00 AM,2,0,0,36.118620,-86.875690,HICKORY VALLEY RD,,,,56.00,Feet,East,GREELEY DR,,,,0.00,N,Not at Intersection,N,Non-Junction,None,,,         ,Walter,Gray II,Clear,Angle,no,no,no,yes,no,False
101230561,METROPOLITAN NASHVILLE POLICE DEPT,20160463365,Davidson,Nashville,5/22/2016 1:27:00 PM,2,0,0,36.104090,-86.793150,MAPLEHURST AV,,,,0.00,,,,,,,0.00,,Not at Intersection, ,Non-Junction,None,,,         ,Nathan,Smith,Clear,Angle,no,no,no,no,no,False
101230563,Metro Park Police,20160461008,Davidson,Nashville,5/21/2016 1:00:00 PM,1,1,0,36.209570,-86.823750,TUCKER RD,,,,215.00,Feet,South,STOKERS LN,,,,0.00,N,Not at Intersection,N,Non-Junction,None,,,         ,Jordan,Irvin,Clear,Not Collision with Motor Vehicle in Transport,no,yes,no,yes,no,False
101230580,METROPOLITAN NASHVILLE POLICE DEPT,20160465907,Davidson,Nashville,5/23/2016 11:36:00 AM,2,0,0,36.120700,-86.807970,HILLSBORO PKE,,,,0.00,,,LOMBARDY AV,,,,0.00,Y,Four-Way,N,Intersection,None,,,         ,Nathan,Kemp,Clear,Angle,no,no,no,no,no,False
101230583,METROPOLITAN NASHVILLE POLICE DEPT,20160444902,Davidson,Nashville,5/16/2016 5:49:00 PM,4,0,0,36.248970,-86.734490,S GRAYCROFT AV,,,,79.00,Feet,South,DUE WEST AVW,,,,0.00,N,Not at Intersection,N,Non-Junction,None,,,         ,Bradley,Campbell,Clear,"Sideswipe, Opposite Direction",no,no,no,no,no,False
101230594,METROPOLITAN NASHVILLE POLICE DEPT,20160465712,Davidson,Nashville,5/23/2016 10:45:00 AM,2,2,0,36.051180,-86.669320,I 24,,,,0.00,,,,,,,58.70,N,Not at Intersection,N,Non-Junction,None,,,         ,Jessie,Meadows,Clear,"Sideswipe, Same Direction",no,no,no,no,no,False
101230595,METROPOLITAN NASHVILLE POLICE DEPT,20160462861,Davidson,Nashville,5/22/2016 3:53:00 AM,2,0,0,36.087530,-86.693320,HARDING PL,,,,328.00,Feet,West,ANTIOCH PKE,,,,0.00,N,Not at Intersection,N,Non-Junction,None,,,         ,David,Simmonds,Clear,Angle,no,no,no,yes,yes,False
101230600,THP District 3 - Nashville,316028695,Davidson,Nashville,5/15/2016 11:03:00 PM,2,0,0,36.157500,-86.691890,ATRIUM WAY,,,,2000.00,Feet,North,ELM HILL PIKE,,,,0.00,N,Not at Intersection, ,Non-Junction,None,,,         ,Shane,Roberts,Clear,Rear to Side,no,no,no,yes,no,False
101230612,METROPOLITAN NASHVILLE POLICE DEPT,2016-0446384,Davidson,Nashville,5/16/2016 6:55:00 AM,1,0,0,36.037160,-86.783080,I65 S EXT RAMP,,,,0.00,Feet,East,I 65,,,,0.00,N,Not at Intersection,N,Non-Junction,None,,,         ,Sean,Williams,Rain,Unknown,no,no,no,no,no,False
101230616,METROPOLITAN NASHVILLE POLICE DEPT,20160454558,Davidson,Nashville,5/19/2016 1:06:00 PM,2,1,0,36.148480,-86.793490,CHET ATKINS PL,,,,0.00,,,MUSIC SQW,,,,0.00,Y,Four-Way,N,Intersection,None,,,         ,Phillip,Murphy,Clear,Angle,no,no,no,no,no,False
101230625,METROPOLITAN NASHVILLE POLICE DEPT,20160463849,Davidson,Not in City Limit,5/22/2016 4:57:00 PM,1,0,0,36.121980,-86.982440,OLD CHARLOTTE PKE,,,,288.00,Feet,East,OLD POND CREEK RD,,,,0.00,N,Not at Intersection,N,Non-Junction,None,,,         ,Jeremy,Huffine,Clear,Not Collision with Motor Vehicle in Transport,no,no,no,no,no,False
101230634,METROPOLITAN NASHVILLE POLICE DEPT,2016-0465418,Davidson,Nashville,5/23/2016 8:33:00 AM,2,0,0,36.035910,-86.644360,I 24,,,,0.00,,,,,,,60.45,N,Not at Intersection, ,Non-Junction,None,,,         ,Stanley,Collins,Clear,Front to Rear,no,no,no,no,no,False
101230636,METROPOLITAN NASHVILLE POLICE DEPT,2016-0465727,Davidson,Goodlettsville,5/23/2016 10:48:00 AM,2,1,0,36.291260,-86.736520,DICKERSON PKES,,,,647.00,Feet,South,CAMPBELL RD,,,,0.00,N,Not at Intersection,N,Non-Junction,None,,,         ,Michael,Agee,Clear,Front to Rear,no,no,no,no,no,False
101230644,METROPOLITAN NASHVILLE POLICE DEPT,20160465550,Davidson,Nashville,5/23/2016 9:03:00 AM,2,0,0,36.155650,-86.789720,I40 E ENT RAMP,,,,0.00,,,I40 E EXT RAMP,,,,0.00,Y,Four-Way, ,Intersection-Related,None,,,         ,Phillip,Murphy,Clear,"Sideswipe, Same Direction",no,no,no,no,no,False
101230649,METROPOLITAN NASHVILLE POLICE DEPT,20160463916,Davidson,Nashville,5/22/2016 5:15:00 PM,2,1,0,36.175800,-86.594520,TULIP GROVE RD,,,,0.00,,,ROCKWOOD DR,,,,0.00,Y,T-Intersection,N,Intersection,None,,,         ,Patrick,Taylor,Clear,Front to Rear,no,no,no,no,no,False
101230670,METROPOLITAN NASHVILLE POLICE DEPT,20160466162,Davidson,Nashville,5/23/2016 1:05:00 PM,2,0,0,36.186370,-86.686100,TWO RIVERS PKWY,,,,0.00,,,WAVE COUNTRY PVTDR,,,,0.00,Y,T-Intersection, ,Intersection,None,,,         ,Tyler,Adcock,Clear,Front to Rear,no,no,no,no,no,False
101230678,METROPOLITAN NASHVILLE POLICE DEPT,20160466225,Davidson,Nashville,5/23/2016 1:48:00 PM,2,0,0,36.045600,-86.673740,BELL RD,,,,186.00,Feet,East,BLUE HOLE RD,,,,0.00,N,Not at Intersection,N,Non-Junction,None,,,         ,Jessie,Meadows,Clear,Front to Rear,no,no,no,no,no,False
101230688,METROPOLITAN NASHVILLE POLICE DEPT,20160466195,Davidson,Nashville,5/23/2016 1:18:00 PM,2,0,0,36.154780,-86.758470,HERMITAGE AV,,,,0.00,,,DRIFTWOOD ST,,,,0.00,Y,T-Intersection,N,Intersection,None,,,         ,Wesley,Young,Clear,"Sideswipe, Same Direction",no,no,no,no,yes,False
101230693,METROPOLITAN NASHVILLE POLICE DEPT,2016-0465168,Davidson,Nashville,5/23/2016 7:08:00 AM,2,0,0,36.157980,-86.772640,KOREAN VETERANS BLVD,,,,0.00,,,2ND AVS,,,,0.00,Y,Four-Way, ,Non-Junction,None,,,         ,William,Vincion,Clear,Angle,no,no,no,no,no,False
101230696,VANDERBILT UNIVERSITY POLICE,16-0466071,Davidson,Nashville,5/23/2016 11:55:00 AM,2,0,0,36.111240,-86.765890,THOMPSON LN,,,,0.00,,,,,,,0.00,,, ,Non-Junction,None,,,         ,Robert,Pasinger,Clear,Rear to Rear,no,no,no,yes,no,OHO
101230714,METROPOLITAN NASHVILLE POLICE DEPT,2016-0466180,Davidson,Nashville,5/23/2016 1:16:00 PM,2,0,0,36.075290,-86.870130,PAGE RD,,,,1695.00,Feet,North,CHICKERING RD,,,,0.00,N,Not at Intersection, ,,None,,,         ,Walter,Gray II,,,no,no,no,no,no,False
101230715,METROPOLITAN NASHVILLE POLICE DEPT,20160463934,Davidson,Nashville,5/22/2016 6:22:00 PM,2,0,0,36.204670,-86.734090,MCGAVOCK PKE,,,,137.00,Feet,East,BAXTER CT,,,,0.00,N,Not at Intersection, ,Non-Junction,None,,,         ,Rachael,Sacco,Clear,Not Collision with Motor Vehicle in Transport,no,no,no,no,no,False
101230725,METROPOLITAN NASHVILLE POLICE DEPT,20160464278,Davidson,Nashville,5/22/2016 9:45:00 PM,2,0,0,36.165760,-86.820270,28TH AVN,,,,57.00,Feet,North,ALAMEDA ST,,,,0.00,N,Not at Intersection,N,Non-Junction,None,,,         ,Adam,Crutcher,Clear,Front to Rear,no,no,no,no,no,False
101230729,METROPOLITAN NASHVILLE POLICE DEPT,2016-0466319,Davidson,Nashville,5/23/2016 1:56:00 PM,1,0,0,36.124760,-86.847430,WOODMONT BLVD,,,,100.00,Feet,South,HARDING PKE,,,,0.00,N,Not at Intersection,N,Non-Junction,None,,,         ,Walter,Gray II,Clear,Not Collision with Motor Vehicle in Transport,no,no,no,no,no,False
101230739,METROPOLITAN NASHVILLE POLICE DEPT,2016-0457621,Davidson,Nashville,5/20/2016 9:55:00 AM,2,0,0,0.000000,0.000000,INTERSTATE 65,,,,300.00,Feet,South,,,,,85.80,N,Not at Intersection,N,Non-Junction,None,,,         ,William,Vincion,Rain,"Sideswipe, Same Direction",no,no,no,no,yes,False
101230741,METROPOLITAN NASHVILLE POLICE DEPT,20160465360,Davidson,Nashville,5/23/2016 8:04:00 AM,2,0,0,36.132860,-86.726760,I 24,,,,0.00,,,,,,,52.00,N,Not at Intersection, ,Non-Junction,None,,,         ,Pamela,Caulder,Clear,Front to Rear,no,no,no,no,no,False
101230755,METROPOLITAN NASHVILLE POLICE DEPT,20160465176,Davidson,Not in City Limit,5/23/2016 7:18:00 AM,3,1,0,36.317310,-86.835560,I 24,,,,0.00,,,,,,,37.00,N,Not at Intersection,N,Non-Junction,None,,,         ,James,Wray,Clear,Front to Rear,no,no,no,no,no,False
101230756,METROPOLITAN NASHVILLE POLICE DEPT,20160465421,Davidson,Nashville,5/23/2016 8:55:00 AM,1,0,0,36.236770,-86.794870,BRILEY PKWYW,,,,449.00,Feet,West,BRILEY PKWYE,,,,0.00,N,Not at Intersection,N,Non-Junction,None,,,         ,James,Wray,Clear,Not Collision with Motor Vehicle in Transport,no,no,no,no,no,False
101230771,METROPOLITAN NASHVILLE POLICE DEPT,20160466429,Davidson,Nashville,5/23/2016 2:53:00 PM,2,0,0,36.203760,-86.738410,GALLATIN PKE,,,,85.00,Feet,North,E TRINITY LN,,,,0.00,N,Not at Intersection,N,Non-Junction,None,,,         ,James,Smith,Clear,Front to Rear,no,no,no,no,yes,False
101230776,GOODLETTSVILLE POLICE DEPT,16-18657,Davidson,Goodlettsville,5/23/2016 3:10:00 PM,2,2,0,36.304000,-86.702350,RIVERGATE PKWY,,,,0.00,,,RIVERGATE MALL PVTDR,,,,0.00,Y,T-Intersection,N,Intersection-Related,None,,,         ,Rico,Jones,Clear,Angle,no,no,no,no,no,False
101230792,METROPOLITAN NASHVILLE POLICE DEPT,20160466422,Davidson,Nashville,5/23/2016 3:03:00 PM,2,0,0,36.251920,-86.717690,GALLATIN PKES,,,,0.00,,,W WEBSTER ST,,,,0.00,Y,Four-Way, ,Intersection,None,,,         ,George,Oden,Clear,Front to Rear,no,no,no,no,no,False
101230793,METROPOLITAN NASHVILLE POLICE DEPT,20160466554,Davidson,Nashville,5/23/2016 12:00:00 AM,1,0,0,36.084230,-86.722230,FOXGLOVE DR,,,,501.00,Feet,North,WELCH RD,,,,0.00,N,Not at Intersection,N,Non-Junction,None,,,         ,David,Hughes,Clear,Not Collision with Motor Vehicle in Transport,no,no,no,no,no,False
101230796,METROPOLITAN NASHVILLE POLICE DEPT,20160466446,Davidson,Nashville,5/23/2016 3:09:00 PM,3,1,0,36.170400,-86.768450,INTERSTATE DR,,,,0.00,,,WOODLAND ST,,,,0.00,Y,Four-Way,Y,Intersection,None,,,         ,Christian,Martin,Clear,HeadOn,no,no,no,no,no,False
101230797,METROPOLITAN NASHVILLE POLICE DEPT,20160466524,Davidson,Nashville,5/23/2016 3:37:00 PM,2,0,0,36.204020,-86.776770,I 65,,,,0.00,,,,,,,87.15,N,Not at Intersection, ,Non-Junction,None,,,         ,Brian,Woodard,Clear,Front to Rear,no,no,no,no,no,False
101230803,METROPOLITAN NASHVILLE POLICE DEPT,20160466534,Davidson,Nashville,5/23/2016 3:43:00 PM,2,0,0,36.156850,-86.632670,STEWARTS FERRY PKE,,,,0.00,,,LAUER DR,,,,0.00,Y,T-Intersection,N,Intersection-Related,None,,,         ,Felipe,Pereira,Clear,Front to Rear,no,no,no,no,no,False
101230805,METROPOLITAN NASHVILLE POLICE DEPT,20160466609,Davidson,Nashville,5/23/2016 3:55:00 PM,2,0,0,36.176910,-86.774580,SPRING ST,,,,0.00,,,N 1ST ST,,,,0.00,Y,Four-Way, ,,None,,,         ,Caleb,Rogan,,,no,no,no,no,no,False
101230806,METROPOLITAN NASHVILLE POLICE DEPT,20160458462,Davidson,Nashville,5/20/2016 3:09:00 PM,2,2,0,36.057620,-86.693390,BART DR,,,,0.00,,,KEELEY DR,,,,0.00,Y,Four-Way,N,Non-Junction,None,,,         ,Nakia,Reid,Rain,Angle,no,no,no,no,no,False
101230818,METROPOLITAN NASHVILLE POLICE DEPT,2016-0466463,Davidson,Nashville,5/23/2016 3:00:00 PM,2,0,0,36.082680,-86.697840,I 24,,,,0.00,,,,,,,56.00,N,Not at Intersection, ,Non-Junction,None,,,         ,Walter,Gray II,Clear,Not Collision with Motor Vehicle in Transport,no,no,no,no,yes,False
101230828,GOODLETTSVILLE POLICE DEPT,16-18663,Davidson,Goodlettsville,5/23/2016 3:55:00 PM,2,0,0,36.337354,-86.717130,OLD STONE BRIDGE,RD,,,0.00,,,SPRINGFIELD,HWY,US41,,0.00,Y,T-Intersection, ,Intersection-Related,None,,,         ,Brian,Hajdu,Clear,"Sideswipe, Same Direction",no,no,no,no,no,False
101230830,METROPOLITAN NASHVILLE POLICE DEPT,20160466541,Davidson,Not in City Limit,5/23/2016 3:40:00 PM,2,0,0,36.264810,-86.719290,CHARLES DR,,,,0.00,,,WALKER ST,,,,0.00,Y,OTHER,N,Non-Junction,None,,,         ,William,Crowe,Clear,"Sideswipe, Same Direction",no,no,no,yes,no,False
101230833,METROPOLITAN NASHVILLE POLICE DEPT,20160466384,Davidson,Nashville,5/23/2016 2:58:00 PM,2,0,0,36.048280,-86.664330,I 24,,,,0.00,,,,,,,59.05,N,Not at Intersection, ,Non-Junction,None,,,         ,Jessie,Meadows,Clear,Front to Rear,no,no,no,no,no,False
101230834,METROPOLITAN NASHVILLE POLICE DEPT,20160466431,Davidson,Not in City Limit,5/23/2016 3:28:00 PM,1,0,0,36.010500,-86.639800,CANE RIDGE RD,,,,0.74,Miles,North,OLD HICKORY BLVD,,,,0.00,N,Not at Intersection, ,Non-Junction,None,,,         ,Jessie,Meadows,Clear,Not Collision with Motor Vehicle in Transport,no,no,no,no,no,False
101230835,METROPOLITAN NASHVILLE POLICE DEPT,20160466635,Davidson,Nashville,5/23/2016 4:55:00 PM,1,0,0,36.118930,-86.719140,WIMPOLE DR,,,,150.00,Feet,West,CURREY RD,,,,0.00,N,Not at Intersection, ,Non-Junction,None,,,         ,Jessie,Meadows,Clear,Not Collision with Motor Vehicle in Transport,no,no,no,no,no,False
101230838,METROPOLITAN NASHVILLE POLICE DEPT,2016-0466639,Davidson,Nashville,5/23/2016 4:20:00 PM,2,1,0,36.152370,-86.837390,CHARLOTTE AV,,,,100.00,Feet,West,42ND AVN,,,,0.00,N,Not at Intersection,N,Non-Junction,None,,,         ,Walter,Gray II,Clear,"Sideswipe, Same Direction",no,no,no,no,no,False
101230842,METROPOLITAN NASHVILLE POLICE DEPT,20160463940,Davidson,Nashville,5/22/2016 5:30:00 PM,2,0,0,36.153880,-86.758100,I 40,,,,0.00,,,,,,,211.10,N,Not at Intersection, ,Non-Junction,None,,,         ,Brent,Hedgcoth,Clear,"Sideswipe, Same Direction",no,no,no,no,no,False
101230843,METROPOLITAN NASHVILLE POLICE DEPT,20160464010,Davidson,Nashville,5/22/2016 6:50:00 PM,2,0,0,36.139890,-86.725490,I 40,,,,0.00,,,,,,,213.40,N,Not at Intersection, ,Non-Junction,None,,,         ,Brent,Hedgcoth,Clear,"Sideswipe, Same Direction",no,no,no,no,no,False
101230844,METROPOLITAN NASHVILLE POLICE DEPT,20160646183,Davidson,Nashville,5/22/2016 8:15:00 PM,1,0,0,36.226810,-86.707590,PENNINGTON BEND RD,,,,0.66,Miles,North,MCGAVOCK PKE,,,,0.00,N,Not at Intersection,N,Non-Junction,None,,,         ,Brent,Hedgcoth,Clear,Not Collision with Motor Vehicle in Transport,no,no,no,no,no,False
101230845,METROPOLITAN NASHVILLE POLICE DEPT,20160433388,Davidson,Nashville,5/12/2016 2:30:00 PM,2,0,0,36.136900,-86.727280,I 24,,,,0.00,,,,,,,51.30,N,Not at Intersection, ,,None,,,         ,Brent,Hedgcoth,,,no,no,no,no,no,False
101230848,METROPOLITAN NASHVILLE POLICE DEPT,20160466776,Davidson,Nashville,5/23/2016 5:05:00 PM,2,0,0,36.140930,-86.662040,I 40,,,,0.00,,,,,,,218.00,N,Not at Intersection,N,Non-Junction,None,,,         ,John,Kelley,Clear,"Sideswipe, Same Direction",no,no,no,no,yes,False
101230853,METROPOLITAN NASHVILLE POLICE DEPT,20160453201,Davidson,Nashville,5/19/2016 2:55:00 AM,1,1,0,36.046990,-86.681270,BELL RD,,,,174.00,Feet,South,BRENTRIDGE DR,,,,0.00,N,Not at Intersection,N,Non-Junction,None,,,         ,Benjamin,Smith,Clear,Not Collision with Motor Vehicle in Transport,no,no,no,no,no,False
101230858,METROPOLITAN NASHVILLE POLICE DEPT,20160466715,Davidson,Nashville,5/23/2016 4:44:00 PM,3,7,0,36.139710,-86.813310,31ST AVS,,,,0.00,,,WELLINGTON AV,,,,0.00,Y,T-Intersection,N,Intersection,None,,,         ,Charles,Griffin,Clear,Front to Rear,no,no,no,no,no,Campus
101230866,METROPOLITAN NASHVILLE POLICE DEPT,20160466857,Davidson,Nashville,5/23/2016 4:50:00 PM,2,0,0,36.149700,-86.802810,WEST END AV,,,,546.00,Feet,West,21ST AVS,,,,0.00,N,Not at Intersection, ,Non-Junction,None,,,         ,Eric,Burford,Clear,Front to Rear,no,no,no,no,no,Campus
101230868,METROPOLITAN NASHVILLE POLICE DEPT,20160466721,Davidson,Nashville,5/23/2016 4:43:00 PM,4,1,0,36.191310,-86.827330,CLARKSVILLE PKE,,,,236.00,Feet,West,TSU CONNECTOR,,,,0.00,N,Not at Intersection,N,Non-Junction,None,,,         ,Kevin,Reynolds,Clear,Front to Rear,no,no,no,no,no,False
101230872,METROPOLITAN NASHVILLE POLICE DEPT,20160458561,Davidson,Nashville,5/20/2016 4:15:00 PM,2,1,0,36.048920,-86.665440,I 24,,,,0.00,,,,,,,59.00,N,Not at Intersection,N,Non-Junction,None,,,         ,David,Hughes,Clear,Front to Rear,no,no,no,no,no,False
101230879,METROPOLITAN NASHVILLE POLICE DEPT,20160466369,Davidson,Nashville,5/23/2016 2:30:00 PM,3,1,0,36.193010,-86.777390,I 65,,,,0.00,,,,,,,86.50,N,Not at Intersection,N,Non-Junction,None,,,         ,Eric,Thomas,Clear,Front to Rear,no,no,no,no,no,False
101230881,METROPOLITAN NASHVILLE POLICE DEPT,2016-0457861,Davidson,Nashville,5/20/2016 10:52:00 AM,5,1,0,36.161980,-86.721220,CAVE RD,,,,52.00,Feet,West,SPENCE LN,,,,0.00,N,Not at Intersection,N,Non-Junction,None,,,         ,Jeb,Johnston,Rain,Not Collision with Motor Vehicle in Transport,no,no,no,no,yes,False
101230883,METROPOLITAN NASHVILLE POLICE DEPT,20160466390,Davidson,Nashville,5/23/2016 2:03:00 PM,2,0,0,36.173340,-86.808240,DR D B TODD JR BLVD,,,,0.00,,,UNDERWOOD ST,,,,0.00,Y,Four-Way, ,Intersection,None,,,         ,Michael,Brooks,Clear,Front to Rear,no,no,no,no,no,False
101230884,METROPOLITAN NASHVILLE POLICE DEPT,20160466453,Davidson,Nashville,5/23/2016 2:03:00 PM,1,0,0,36.169060,-86.810490,JEFFERSON ST,,,,0.00,,,,,,,0.00,,Not at Intersection,N,Non-Junction,None,,,         ,Michael,Brooks,Clear,Not Collision with Motor Vehicle in Transport,no,no,no,no,yes,False
101230885,METROPOLITAN NASHVILLE POLICE DEPT,20160466703,Davidson,Nashville,5/23/2016 4:40:00 PM,2,1,0,36.216170,-86.775100,I 65,,,,0.00,,,,,,,88.00,N,Not at Intersection,N,Non-Junction,None,,,         ,Michael,Brooks,Clear,Front to Rear,no,no,no,no,no,False
101230886,METROPOLITAN NASHVILLE POLICE DEPT,20160466822,Davidson,Nashville,5/23/2016 5:28:00 PM,2,0,0,36.188520,-86.798520,ROSA L PARKS BLVD,,,,220.00,Feet,North,DOMINICAN DR,,,,0.00,N,Not at Intersection, ,Non-Junction,None,,,         ,Michael,Brooks,Clear,Front to Rear,no,no,no,no,no,False
101230888,METROPOLITAN NASHVILLE POLICE DEPT,20160466796,Davidson,Nashville,5/23/2016 5:15:00 PM,2,0,0,36.091790,-86.828200,HILLSBORO PKE,,,,121.00,Feet,South,FOREST PLACE CIR,,,,0.00,N,Not at Intersection, ,Non-Junction,None,,,         ,Mark,Hatt,Clear,Front to Rear,no,no,no,no,no,False
101230896,METROPOLITAN NASHVILLE POLICE DEPT,20160466861,Davidson,Nashville,5/23/2016 5:40:00 PM,1,1,0,36.068630,-86.676240,RICHARDS RD,,,,0.00,,,WAIKIKI BLVD,,,,0.00,Y,OTHER,N,Non-Junction,None,,,         ,Sharissa,Perez,Clear,Not Collision with Motor Vehicle in Transport,yes,no,no,yes,yes,False
101230900,METROPOLITAN NASHVILLE POLICE DEPT,20160466722,Davidson,Nashville,5/23/2016 4:45:00 PM,3,2,0,36.047440,-86.713510,NOLENSVILLE PKE,,,,758.00,Feet,North,OLD HICKORY BLVD,,,,0.00,N,Not at Intersection,N,Non-Junction,None,,,         ,Jarred,Ruhlman,Clear,Angle,no,no,no,no,no,False
101230902,METROPOLITAN NASHVILLE POLICE DEPT,20160466736,Davidson,Nashville,5/23/2016 4:45:00 PM,2,1,0,36.124750,-86.847970,HARDING PKE,,,,130.00,Feet,West,WOODMONT BLVD,,,,0.00,N,Not at Intersection,Y,Non-Junction,None,,,         ,Barrett,Teague,Clear,Front to Rear,no,no,no,no,no,False
101230904,METROPOLITAN NASHVILLE POLICE DEPT,20160466629,Davidson,Nashville,5/23/2016 4:10:00 PM,2,0,0,36.147880,-86.776400,I40 E ENT RAMP,,,,0.00,Feet,East,I 40,,,,0.00,N,Not at Intersection, ,Entrance/Exit Ramp Related,None,,,         ,Clyde,Stambaugh,Clear,Not Collision with Motor Vehicle in Transport,no,no,no,no,no,False
101230931,METROPOLITAN NASHVILLE POLICE DEPT,20160467019,Davidson,Nashville,5/23/2016 6:44:00 PM,1,1,0,36.136400,-86.727220,I24 E EXT RAMP,,,,0.00,,,I 24,,,,0.00,Y,OTHER,N,Non-Junction,None,,,         ,David,Hughes,Clear,Not Collision with Motor Vehicle in Transport,no,no,no,no,no,False
101230937,METROPOLITAN NASHVILLE POLICE DEPT,20160466875,Davidson,Nashville,5/23/2016 5:52:00 PM,2,0,0,36.151070,-86.784340,DIVISION ST,,,,0.00,,,12TH AVS,,,,0.00,Y,Four-Way,N,Intersection,None,,,         ,Derek,Betty,Clear,Front to Rear,no,no,no,no,yes,False
101230942,METROPOLITAN NASHVILLE POLICE DEPT,20160466921,Davidson,Nashville,5/23/2016 5:20:00 PM,1,0,0,36.101970,-86.756290,SIDCO DR,,,,75.00,Feet,South,ARMORY DR,,,,0.00,N,Not at Intersection,N,Non-Junction,None,,,         ,William,Taylor,Clear,Not Collision with Motor Vehicle in Transport,no,no,no,no,no,False