master_record_number,agency,agency_tracking_number,county,city,collision_date,vehicles_involved,number_injured,number_dead,latitude,longitude,roadway_name,roadway_suffix,roadway_number,roadway_local_id,distance_from_reference,miles-feet_indicator,direction_from_reference,intersection_road_name,intersection_road_name_suffix,intersection_road_number,intersection_local_id,mile_marker,intersection_indicator,intersect_type,interchange_related_indicator,relation_to_junction,work_zone_type,construction_maintenance_zone,construction_maintenance_zone_location,fatal_case_number,officer_first_name,officer_last_name,weather_condition(s),manner_of_crash,pedestrian,bicycle,scooter,parking,hitrun,mou
101230953,METROPOLITAN NASHVILLE POLICE DEPT,20160433931,Davidson,Nashville,5/12/2016 6:25:00 PM,2,0,0,36.168420,-86.687960,LEBANON PKE,,,,0.00,,,BRILEY PKWY N ENT RAMP,,,,0.00,Y,Four-Way, ,,None,,,         ,Brent,Hedgcoth,,,no,no,no,no,no,False
101230963,METROPOLITAN NASHVILLE POLICE DEPT,20160466382,Davidson,Not in City Limit,5/23/2016 2:47:00 PM,2,0,0,36.264070,-86.735920,I65 N EXT RAMP,,,,0.00,,,OLD HICKORY BLVDW,,,,0.00,Y,T-Intersection, ,,None,,,         ,Samuel,Miller,,,no,no,no,no,no,False
101230964,METROPOLITAN NASHVILLE POLICE DEPT,20160466646,Davidson,Not in City Limit,5/23/2016 4:21:00 PM,2,0,0,36.269000,-86.755840,DICKERSON PKE,,,,100.00,Feet,South,OLD HICKORY BLVDW,,,,0.00,N,Not at Intersection, ,Non-Junction,None,,,         ,Samuel,Miller,Clear,Front to Rear,no,no,no,no,no,False
101230981,METROPOLITAN NASHVILLE POLICE DEPT,20160448148,Davidson,Nashville,5/17/2016 4:26:00 PM,2,0,0,36.121650,-86.754850,I 440,,,,0.00,,,,,,,6.10,N,Not at Intersection, ,Non-Junction,None,,,         ,Miguel,Garcia,Clear,Front to Rear,no,no,no,no,no,False
101230982,METROPOLITAN NASHVILLE POLICE DEPT,20160466793,Davidson,Nashville,5/23/2016 3:15:00 PM,4,2,0,36.122720,-86.752190,I 440,,,,0.00,,,,,,,6.25,N,Not at Intersection,N,Non-Junction,None,,,         ,Miguel,Garcia,Clear,Front to Rear,no,no,no,no,no,False
101230985,GOODLETTSVILLE POLICE DEPT,16-18661,Davidson,Goodlettsville,5/23/2016 4:05:00 PM,2,0,0,36.313895,-86.736111,HITT,LN,,,0.40,Miles,North,WATTS,LN,,,0.00,N,Not at Intersection, ,Non-Junction,None,,,         ,Stephen,Hodges,Clear,"Sideswipe, Same Direction",no,no,no,no,no,False
101230986,METROPOLITAN NASHVILLE POLICE DEPT,20160466966,Davidson,Nashville,5/23/2016 6:07:00 PM,2,0,0,36.071640,-86.635930,MURFREESBORO PKE,,,,112.00,Feet,South,BELL RD,,,,0.00,N,Not at Intersection, ,,None,,,         ,Brandon,Vance,,,no,no,no,no,no,False
101230993,METROPOLITAN NASHVILLE POLICE DEPT,20160463806,Davidson,Not in City Limit,5/22/2016 5:10:00 PM,1,0,0,36.052830,-86.985070,MCCRORY LN,,,,0.00,Feet,East,POPLAR CREEK RD,,,,0.00,N,Not at Intersection,N,Non-Junction,None,,,         ,Terrance,Stuckey,Clear,Not Collision with Motor Vehicle in Transport,no,no,no,no,no,False
101230998,METROPOLITAN NASHVILLE POLICE DEPT,20160466832,Davidson,Nashville,5/23/2016 5:33:00 PM,2,0,0,36.167150,-86.779610,3RD AVN,,,,0.00,,,JAMES ROBERTSON PKWY,,,,0.00,Y,Four-Way, ,Intersection,None,,,         ,Christopher,Augustin,Clear,Front to Rear,no,no,no,no,no,False
101231024,METROPOLITAN NASHVILLE POLICE DEPT,20160466944,Davidson,Nashville,5/23/2016 6:11:00 PM,2,1,0,36.131420,-86.900390,CABOT DR,,,,433.00,Feet,North,I40 W EXT RAMP,,,,0.00,N,Not at Intersection,N,Non-Junction,None,,,         ,Jeremy,Huffine,Clear,Angle,yes,no,no,no,no,False
101231049,METROPOLITAN NASHVILLE POLICE DEPT,2016-0462463,Davidson,Nashville,5/22/2016 1:40:00 AM,1,0,0,36.221520,-86.849070,LUNN DR,,,,0.00,,,HODGE CT,,,,0.00,Y,T-Intersection,N,Non-Junction,None,,,         ,Armonty,Houston,Clear,Not Collision with Motor Vehicle in Transport,no,no,no,no,no,False
101231063,METROPOLITAN NASHVILLE POLICE DEPT,20160465091,Davidson,Not in City Limit,5/23/2016 6:20:00 AM,2,1,0,36.312950,-86.864010,WHITES CREEK PKE,,,,250.00,Feet,East,OLD CLARKSVILLE PKE,,,,0.00,N,Not at Intersection,N,Non-Junction,None,,,         ,Matthew,Lachance,Clear,Angle,no,no,no,no,no,False
101231064,METROPOLITAN NASHVILLE POLICE DEPT,20160464258,Davidson,Nashville,5/22/2016 9:36:00 PM,1,1,0,36.145520,-86.667770,CLARIDGE DR,,,,205.00,Feet,North,SHACKLETT DR,,,,0.00,N,Not at Intersection,N,Non-Junction,None,,,         ,Bryan,Byrnes,Clear,Not Collision with Motor Vehicle in Transport,yes,no,no,no,no,False
101231065,METROPOLITAN NASHVILLE POLICE DEPT,20160466672,Davidson,Nashville,5/23/2016 4:31:00 PM,3,0,0,36.146010,-86.742020,I 40,,,,0.00,,,,,,,212.15,N,Not at Intersection, ,,None,,,         ,Bryan,Byrnes,,,no,no,no,no,no,False
101231066,METROPOLITAN NASHVILLE POLICE DEPT,20160466891,Davidson,Nashville,5/23/2016 6:03:00 PM,1,0,0,36.140220,-86.722410,I 40,,,,0.00,,,,,,,213.50,N,Not at Intersection,Y,Non-Junction,None,,,         ,Bryan,Byrnes,Clear,Not Collision with Motor Vehicle in Transport,no,no,no,no,no,False
101231078,METROPOLITAN NASHVILLE POLICE DEPT,2016-0449549,Davidson,Nashville,5/18/2016 2:05:00 AM,2,0,0,36.161140,-86.784880,CHURCH ST,,,,0.00,,,YMCA WAY,,,,0.00,Y,T-Intersection, ,Intersection,None,,,         ,Travis,Baxter,Clear,Front to Rear,no,no,no,no,yes,False
101231082,METROPOLITAN NASHVILLE POLICE DEPT,20160467930,Davidson,Nashville,5/24/2016 12:00:00 AM,2,0,0,36.135830,-86.727700,I24 E EXT RAMP,,,,0.00,Feet,East,I 24,,,,0.00,N,Not at Intersection,Y,Entrance/Exit Ramp Related,None,,,         ,Douglas,Sykes,Clear,"Sideswipe, Same Direction",no,no,no,no,yes,False
101231085,METROPOLITAN NASHVILLE POLICE DEPT,20160468036,Davidson,Nashville,5/24/2016 2:22:00 AM,1,1,0,36.129490,-86.903310,CHARLOTTE PKE,,,,0.00,,,DAVIDSON DR,,,,0.00,Y,T-Intersection,N,Non-Junction,Construction Zone,Laneclosure,Advanced Warning Area,         ,Albert,Wilson,Clear,Not Collision with Motor Vehicle in Transport,yes,no,no,no,yes,False
101231098,METROPOLITAN NASHVILLE POLICE DEPT,20160468088,Davidson,Nashville,5/24/2016 2:56:00 AM,1,0,0,36.180760,-86.695500,BRILEY PKWYN,,,,0.63,Miles,South,RUSTIC CT,,,,0.00,N,Not at Intersection,N,Non-Junction,None,,,         ,Daniel,Caruth,Clear,Not Collision with Motor Vehicle in Transport,no,no,no,no,no,False
101231103,METROPOLITAN NASHVILLE POLICE DEPT,20160468023,Davidson,Nashville,5/24/2016 4:21:00 AM,1,1,0,36.086710,-86.701130,I24 E EXT RAMP,,,,0.00,,,I 24,,,,0.00,Y,Y-Intersection,N,Non-Junction,None,,,         ,Justin,McCormick,Clear,Not Collision with Motor Vehicle in Transport,no,no,no,no,no,False
101231106,METROPOLITAN NASHVILLE POLICE DEPT,20160464847,Davidson,Nashville,5/23/2016 12:00:00 AM,1,0,0,36.131520,-86.756520,NOLENSVILLE PKE,,,,291.00,Feet,North,WOODYCREST AV,,,,0.00,N,Not at Intersection,N,Unknown,None,,,         ,Dale,Dameron,Unknown,Unknown,no,no,no,no,yes,False
101231107,METROPOLITAN NASHVILLE POLICE DEPT,20160464374,Davidson,Nashville,5/22/2016 9:59:00 PM,2,0,0,36.117930,-86.725840,I 24,,,,0.00,,,,,,,53.10,N,Not at Intersection,N,Non-Junction,None,,,         ,Dale,Dameron,Clear,Angle,no,no,no,no,no,False
101231122,METROPOLITAN NASHVILLE POLICE DEPT,20160463700,Davidson,Nashville,5/22/2016 4:17:00 PM,2,1,0,36.175590,-86.782240,JEFFERSON ST,,,,0.00,,,1ST AVN,,,,0.00,Y,OTHER,N,Non-Junction,None,,,         ,Alex,Moore,Clear,Front to Rear,no,no,no,no,no,False
101231135,METROPOLITAN NASHVILLE POLICE DEPT,20160465828,Davidson,Nashville,5/23/2016 11:18:00 AM,2,0,0,36.140790,-86.738190,MURFREESBORO PKE,,,,0.00,,,TRANSIT AV,,,,0.00,Y,T-Intersection,N,Intersection,None,,,         ,Jessie,Loy,Clear,Angle,no,no,no,no,no,False
101231140,METROPOLITAN NASHVILLE POLICE DEPT,20160465332,Davidson,Nashville,5/23/2016 7:45:00 AM,1,0,0,36.175110,-86.748810,RUSSELL ST,,,,0.00,,,S 12TH ST,,,,0.00,Y,T-Intersection,N,Non-Junction,None,,,         ,Alex,Moore,Clear,Not Collision with Motor Vehicle in Transport,no,no,no,no,yes,False
101231150,METROPOLITAN NASHVILLE POLICE DEPT,20160466380,Davidson,Nashville,5/23/2016 2:44:00 PM,2,5,0,36.236750,-86.627740,OLD HICKORY BLVD,,,,230.00,Feet,North,FIELDS DR,,,,0.00,N,Not at Intersection,N,Non-Junction,None,,,         ,Wesley,Young,Clear,HeadOn,no,no,no,no,no,False
101231152,THP District 3 - Nashville,316029044,Davidson,Nashville,5/18/2016 12:31:00 PM,2,0,0,36.170140,-86.881520,COCKRILL BEND BLVD,,,,1266.00,Feet,West,WESTBELT DR,,,,0.00,N,Not at Intersection, ,Non-Junction,None,,,         ,Terrell,Johnson,Clear,Rear to Rear,no,no,no,yes,no,False
101231159,METROPOLITAN NASHVILLE POLICE DEPT,20160468556,Davidson,Nashville,5/24/2016 7:37:00 AM,2,0,0,36.220380,-86.774790,I 65,,,,0.00,,,,,,,88.30,N,Not at Intersection, ,Non-Junction,None,,,         ,Nicholas,MacDougall,Clear,Front to Rear,no,no,no,no,no,False
101231162,METROPOLITAN NASHVILLE POLICE DEPT,20160468464,Davidson,Nashville,5/24/2016 6:48:00 AM,2,3,0,36.206620,-86.777900,W TRINITY LN,,,,0.00,,,BRICK CHURCH PKE,,,,0.00,Y,Four-Way,N,Intersection,None,,,         ,Michael,McCord,Clear,Angle,no,no,no,no,no,False
101231167,METROPOLITAN NASHVILLE POLICE DEPT,20160468539,Davidson,Nashville,5/24/2016 7:30:00 AM,2,0,0,36.036660,-86.645170,I 24,,,,0.00,,,,,,,60.40,N,Not at Intersection, ,Non-Junction,None,,,         ,Kenneth,Alexandrow,Clear,Front to Rear,no,no,no,no,no,False
101231169,METROPOLITAN NASHVILLE POLICE DEPT,20160446636,Davidson,Nashville,5/17/2016 7:52:00 AM,2,0,0,36.186150,-86.752720,SEYMOUR AV,,,,0.00,Feet,North,LAURENT ST,,,,0.00,N,Not at Intersection,N,Non-Junction,None,,,         ,Jamell,Randall,Rain,"Sideswipe, Same Direction",no,no,no,no,no,False
101231173,METROPOLITAN NASHVILLE POLICE DEPT,20160468597,Davidson,Nashville,5/24/2016 7:54:00 AM,3,0,0,36.221520,-86.774620,I 65,,,,0.00,,,,,,,88.40,N,Not at Intersection, ,Non-Junction,None,,,         ,William,Caillouette,Clear,Front to Rear,no,no,no,no,no,False
101231174,METROPOLITAN NASHVILLE POLICE DEPT,20160468684,Davidson,Nashville,5/24/2016 8:25:00 AM,2,0,0,36.213190,-86.687670,MCGAVOCK PKE,,,,138.00,Feet,South,PLEASANT GREEN RD,,,,0.00,N,Not at Intersection, ,Non-Junction,None,,,         ,Tyler,Adcock,Clear,Front to Rear,no,no,no,no,no,False
101231188,METROPOLITAN NASHVILLE POLICE DEPT,2016-0456772,Davidson,Nashville,5/23/2016 10:45:00 AM,2,0,0,0.000000,0.000000,TWO RIVERS,PKWY,,,100.00,Feet,East,MCGAVOCK PK,PIKE,SRMCGAVO,,0.00,N,Not at Intersection,N,Non-Junction,None,,,         ,Duane,Brooks,Clear,Angle,no,no,no,yes,no,False
101231190,METROPOLITAN NASHVILLE POLICE DEPT,20160468459,Davidson,Nashville,5/24/2016 6:40:00 AM,2,0,0,36.050840,-86.668260,I 24,,,,0.00,,,,,,,58.80,N,Not at Intersection, ,Non-Junction,None,,,         ,Roderic,Williams,Clear,Front to Rear,no,no,no,no,no,False
101231193,METROPOLITAN NASHVILLE POLICE DEPT,20160468462,Davidson,Nashville,5/24/2016 6:38:00 AM,2,0,0,36.107800,-86.812670,HILLSBORO PKE,,,,0.00,,,GREEN HILLS VILLAGE DR,,,,0.00,Y,Four-Way,N,Intersection,None,,,         ,Nathan,Kemp,Clear,"Sideswipe, Opposite Direction",no,no,no,no,no,False
101231194,METROPOLITAN NASHVILLE POLICE DEPT,20160468610,Davidson,Nashville,5/24/2016 7:57:00 AM,2,0,0,36.115990,-86.793790,I 440,,,,0.00,,,,,,,3.75,N,Not at Intersection, ,Non-Junction,None,,,         ,Nathan,Kemp,Clear,"Sideswipe, Same Direction",no,no,no,no,no,False
101231195,METROPOLITAN NASHVILLE POLICE DEPT,20160468806,Davidson,Nashville,5/24/2016 9:13:00 AM,2,0,0,36.141880,-86.813150,VANDERBILT PL,,,,0.00,,,30TH AVS,,,,0.00,Y,Four-Way,N,Intersection,None,,,         ,Nathan,Kemp,Clear,Angle,no,no,no,no,no,Campus
101231198,METROPOLITAN NASHVILLE POLICE DEPT,20160468618,Davidson,Nashville,5/24/2016 8:02:00 AM,2,0,0,36.192430,-86.778780,I 65,,,,0.00,,,,,,,86.40,N,Not at Intersection, ,Non-Junction,None,,,         ,Earnest,Fields,Clear,Front to Rear,no,no,no,no,no,False
101231206,METROPOLITAN NASHVILLE POLICE DEPT,2016-0468623,Davidson,Nashville,5/24/2016 7:57:00 AM,2,1,0,36.085680,-86.698810,I24 W EXT RAMP,,,,0.00,Feet,East,I 24,,,,0.00,N,Not at Intersection,N,Entrance/Exit Ramp Related,None,,,         ,Stanley,Collins,Clear,Front to Rear,no,no,no,no,no,False
101231211,METROPOLITAN NASHVILLE POLICE DEPT,20160468663,Davidson,Nashville,5/24/2016 7:50:00 AM,3,0,0,36.115610,-86.631520,BELL RD,,,,944.00,Feet,South,HERON POINTE DR,,,,0.00,N,Not at Intersection, ,Non-Junction,None,,,         ,MIchael,Mihajlov,Clear,Front to Rear,no,no,no,no,no,False
101231223,METROPOLITAN NASHVILLE POLICE DEPT,20160468452,Davidson,Nashville,5/24/2016 6:42:00 AM,2,1,0,36.128110,-86.697000,KIRBY AV,,,,0.00,,,KENTON PL,,,,0.00,Y,Four-Way,N,Intersection-Related,None,,,         ,James,Curtis,Clear,Unknown,no,no,no,no,no,False
101231232,METROPOLITAN NASHVILLE POLICE DEPT,20160468719,Davidson,Nashville,5/24/2016 8:40:00 AM,2,0,0,36.183820,-86.797910,I65 N ENT RAMP,,,,60.00,Feet,West,I 65,,,,0.00,N,Not at Intersection, ,,None,,,         ,Garren,Hoskins,,,no,no,no,no,no,False
101231239,BELLE MEADE POLICE DEPT,16-0131,Davidson,Belle Meade,5/24/2016 8:40:00 AM,2,0,0,36.114400,-86.861860,HARDING PKE,,,,0.00,,,CLARENDON AV,,,,0.00,Y,T-Intersection, ,Non-Junction,None,,,         ,Keith,Samol,Clear,Angle,no,no,no,no,no,False
101231241,METROPOLITAN NASHVILLE POLICE DEPT,20160468693,Davidson,Nashville,5/24/2016 8:30:00 AM,2,0,0,36.115950,-86.794370,I 440,,,,0.00,,,,,,,3.75,N,Not at Intersection, ,Non-Junction,None,,,         ,Nathan,Smith,Clear,Front to Rear,no,no,no,no,no,False
101231247,METROPOLITAN NASHVILLE POLICE DEPT,20160468797,Davidson,Nashville,5/24/2016 8:51:00 AM,2,0,0,36.084730,-86.704060,HARDING PL,,,,198.00,Feet,West,TRAVELERS INN DR,,,,0.00,N,Not at Intersection, ,Non-Junction,None,,,         ,Brian,Penny,Clear,Front to Rear,no,no,no,no,no,False
101231248,METROPOLITAN NASHVILLE POLICE DEPT,20160468885,Davidson,Nashville,5/24/2016 9:41:00 AM,2,0,0,36.114860,-86.719560,DRUMMOND DR,,,,0.00,,,EAST THOMPSON LN,,,,0.00,Y,Four-Way,N,Intersection,None,,,         ,Pamela,Caulder,Clear,Front to Rear,no,no,no,no,no,False
101231249,METROPOLITAN NASHVILLE POLICE DEPT,2016-0468975,Davidson,Nashville,5/24/2016 9:45:00 AM,2,0,0,36.074480,-86.920940,OLD HICKORY BLVD,,,,0.00,,,HIGHWAY 70S,,,,0.00,Y,Four-Way, ,Intersection,None,,,         ,Curtis,Rich,Clear,Angle,no,no,no,no,yes,False
101231255,METROPOLITAN NASHVILLE POLICE DEPT,2016-0468925,Davidson,Nashville,5/24/2016 9:50:00 AM,2,0,0,36.157650,-86.773410,KOREAN VETERANS BLVD,,,,0.00,,,3RD AVS,,,,0.00,Y,Four-Way, ,Intersection,None,,,         ,William,Vincion,Clear,Angle,no,no,no,no,no,False
101231258,METROPOLITAN NASHVILLE POLICE DEPT,20160469039,Davidson,Nashville,5/24/2016 10:47:00 AM,2,0,0,36.044890,-86.659960,BELL RD,,,,66.00,Feet,West,I24 E EXT RAMP,,,,0.00,N,Not at Intersection, ,Non-Junction,None,,,         ,Jessie,Meadows,Clear,Angle,no,no,no,no,no,False
101231269,METROPOLITAN NASHVILLE POLICE DEPT,20160469007,Davidson,Nashville,5/24/2016 9:40:00 AM,2,0,0,36.154010,-86.884210,AMERICAN RD,,,,267.00,Feet,West,SUNLINER DR,,,,0.00,N,Not at Intersection, ,Non-Junction,None,,,         ,Michael,Pyle,Clear,Rear to Side,no,no,no,no,no,False
101231272,METROPOLITAN NASHVILLE POLICE DEPT,20160469138,Davidson,Nashville,5/24/2016 11:00:00 AM,2,0,0,36.150290,-86.857370,CHARLOTTE PKE,,,,0.00,,,ORLANDO AV,,,,0.00,Y,OTHER, ,,None,,,         ,Wesley,Tilley,,,no,no,no,no,no,False
101231276,METROPOLITAN NASHVILLE POLICE DEPT,20160469143,Davidson,Nashville,5/24/2016 11:15:00 AM,2,0,0,36.151470,-86.857780,I40 E EXT RAMP,,,,0.00,,,I 40,,,,0.00,Y,T-Intersection, ,Intersection,None,,,         ,Benjamin,Cantrell,Clear,Front to Rear,no,no,no,no,no,False
101231280,BELLE MEADE POLICE DEPT,16-0129,Davidson,Belle Meade,5/23/2016 1:33:00 PM,1,0,0,0.000000,0.000000,HARDING,PL,,,0.00,,,WEST VIEW,AVE,,,0.00,Y,T-Intersection,N,Intersection-Related,None,,,         ,Norm,Shelton,Clear,Not Collision with Motor Vehicle in Transport,no,no,no,no,no,False
101231281,METROPOLITAN NASHVILLE POLICE DEPT,20160469101,Davidson,Nashville,5/24/2016 10:55:00 AM,1,0,0,36.143290,-86.857730,CORBETT LN,,,,0.00,,,WHITE BRIDGE PKE,,,,0.00,Y,T-Intersection,N,Intersection-Related,None,,,         ,Michael,Phelps,Clear,Not Collision with Motor Vehicle in Transport,no,no,no,no,no,False
101231282,METROPOLITAN NASHVILLE POLICE DEPT,20160469148,Davidson,Nashville,5/24/2016 11:17:00 AM,2,1,0,36.190180,-86.614870,OLD HICKORY BLVD,,,,276.00,Feet,South,OLD LEBANON DIRT RD,,,,0.00,N,Not at Intersection,N,Non-Junction,None,,,         ,Wesley,Young,Clear,Front to Rear,no,no,no,no,no,False
101231284,METROPOLITAN NASHVILLE POLICE DEPT,20160468873,Davidson,Nashville,5/24/2016 9:35:00 AM,2,0,0,36.089590,-86.688520,HARDING PL,,,,0.00,,,EZELL PKE,,,,0.00,Y,Four-Way, ,Intersection,None,,,         ,Jedidayah,Merriweather,Clear,Angle,no,no,no,no,no,False
101231287,METROPOLITAN NASHVILLE POLICE DEPT,20160469194,Davidson,Nashville,5/24/2016 12:03:00 PM,2,0,0,36.107070,-86.719730,I 24,,,,0.00,,,,,,,53.90,N,Not at Intersection, ,Non-Junction,None,,,         ,Jessie,Meadows,Clear,"Sideswipe, Same Direction",no,no,no,no,no,False
101231294,METROPOLITAN NASHVILLE POLICE DEPT,20160469162,Davidson,Nashville,5/24/2016 11:30:00 AM,2,0,0,36.143830,-86.744170,FESSLERS LN,,,,304.00,Feet,South,ELM HILL PKE,,,,0.00,N,Not at Intersection, ,,None,,,         ,James,Curtis,,,no,no,no,no,no,False
101231295,METROPOLITAN NASHVILLE POLICE DEPT,20160469041,Davidson,Nashville,5/24/2016 10:37:00 AM,2,0,0,36.196120,-86.776120,I 65,,,,0.00,,,,,,,86.60,N,Not at Intersection,Y,Non-Junction,None,,,         ,Michael,McCord,Clear,"Sideswipe, Same Direction",no,no,no,no,no,False
101231301,METROPOLITAN NASHVILLE POLICE DEPT,20160469065,Davidson,Nashville,5/24/2016 11:21:00 AM,2,0,0,36.152650,-86.830040,CHARLOTTE AV,,,,50.00,Feet,East,38TH AVN,,,,0.00,N,Not at Intersection, ,Non-Junction,None,,,         ,Brian,Myatt,Clear,Angle,no,no,no,no,no,False
101231304,METROPOLITAN NASHVILLE POLICE DEPT,2016-0468715,Davidson,Nashville,5/24/2016 8:35:00 AM,2,3,0,36.247430,-86.681600,NEELYS BEND RD,,,,0.00,,,SIOUX TER,,,,0.00,Y,T-Intersection,N,Intersection,None,,,         ,Eric,Richardson,Clear,Front to Rear,no,no,no,no,yes,False
101231322,METROPOLITAN NASHVILLE POLICE DEPT,20160468876,Davidson,Nashville,5/24/2016 9:33:00 AM,3,0,0,36.205890,-86.768610,E TRINITY LN,,,,0.00,,,DICKERSON PKE,,,,0.00,Y,Four-Way,N,Intersection,None,,,         ,Martin,Gonzalez,Clear,Front to Rear,no,no,no,no,no,False
101231327,METROPOLITAN NASHVILLE POLICE DEPT,20160469349,Davidson,Nashville,5/24/2016 12:59:00 PM,1,2,0,36.107180,-86.629800,BELL RD,,,,0.00,,,NED SHELTON RD,,,,0.00,Y,Four-Way,N,Intersection,None,,,         ,James,Curtis,Clear,Not Collision with Motor Vehicle in Transport,no,no,no,no,no,False
101231337,METROPOLITAN NASHVILLE POLICE DEPT,20160469220,Davidson,Nashville,5/24/2016 11:48:00 AM,3,0,0,36.158010,-86.800090,CHARLOTTE AV,,,,0.00,Feet,,DR D B TODD JR BLVD,,,,0.00,Y,Four-Way, ,Non-Junction,Utility Zone,,,         ,Nicholas,MacDougall,Clear,Front to Rear,no,no,no,no,no,False
101231339,METROPOLITAN NASHVILLE POLICE DEPT,2016-0469298,Davidson,Nashville,5/24/2016 12:44:00 PM,2,0,0,36.152480,-86.832510,39TH AVN,,,,17.00,Feet,South,CHARLOTTE AV,,,,0.00,N,Not at Intersection,N,Non-Junction,None,,,         ,Curtis,Rich,Clear,HeadOn,no,no,no,no,no,False
101231344,METROPOLITAN NASHVILLE POLICE DEPT,20160469327,Davidson,Nashville,5/24/2016 12:25:00 PM,2,1,0,36.179770,-86.773970,I 24,,,,0.00,,,,,,,47.70,N,Not at Intersection,Y,Non-Junction,None,,,         ,Michael,McCord,Clear,Front to Rear,no,no,no,no,yes,False
101231345,METROPOLITAN NASHVILLE POLICE DEPT,20160469179,Davidson,Nashville,5/24/2016 10:49:00 AM,2,1,0,36.152810,-86.825630,CHARLOTTE AV,,,,0.00,,,,,,,0.00,,,N,Non-Junction,None,,,         ,George,Ward,Clear,Angle,no,no,no,no,no,False
101231347,VANDERBILT UNIVERSITY POLICE,16-0469379,Davidson,Nashville,5/24/2016 12:45:00 PM,2,0,0,36.141960,-86.801410,MEDICAL CENTER DR,,,,0.00,,,,,,,0.00,,, ,,None,,,         ,Ron,Reeves,,,no,no,no,yes,no,Campus
101231350,METROPOLITAN NASHVILLE POLICE DEPT,20160469320,Davidson,Nashville,5/24/2016 12:49:00 PM,2,0,0,36.124980,-86.789520,12TH AVS,,,,89.00,Feet,South,BEECHWOOD AV,,,,0.00,N,Not at Intersection,N,Non-Junction,None,,,         ,Citlaly,Juarez,Clear,Other,no,no,no,no,yes,False
101231359,METROPOLITAN NASHVILLE POLICE DEPT,20160469311,Davidson,Nashville,5/24/2016 12:14:00 PM,2,0,0,36.099780,-86.604770,LAKE AIRE DR,,,,537.00,Feet,South,ANDERSON RD,,,,0.00,N,Not at Intersection, ,Non-Junction,None,,,         ,Wesley,Young,Clear,Angle,no,no,no,no,no,False
101231373,METROPOLITAN NASHVILLE POLICE DEPT,20160466251,Davidson,Nashville,5/4/2016 12:00:00 AM,2,0,0,36.163340,-86.685010,BLUE HILLS DR,,,,322.00,Feet,South,FAIRWAY DR,,,,0.00,N,Not at Intersection, ,Non-Junction,None,,,         ,James,Curtis,Unknown,Unknown,no,no,no,no,yes,False
101231374,METROPOLITAN NASHVILLE POLICE DEPT,20160469407,Davidson,Nashville,5/24/2016 1:15:00 PM,2,0,0,36.165350,-86.781600,5TH AVN,,,,0.00,,,DEADERICK ST,,,,0.00,Y,Four-Way, ,Non-Junction,None,,,         ,Michael,Johnson,Cloudy,"Sideswipe, Same Direction",no,no,no,no,no,False
101231378,METROPOLITAN NASHVILLE POLICE DEPT,20160469385,Davidson,Nashville,5/24/2016 12:51:00 PM,2,0,0,36.109370,-86.811750,HILLSBORO PKE,,,,94.00,Feet,North,CRESTMOOR RD,,,,0.00,N,Not at Intersection, ,Non-Junction,None,,,         ,Citlaly,Juarez,Clear,"Sideswipe, Same Direction",no,no,no,no,no,False
101231389,METROPOLITAN NASHVILLE POLICE DEPT,20160469459,Davidson,Nashville,5/24/2016 1:45:00 PM,1,0,0,36.098680,-86.713080,ANTIOCH PKE,,,,623.00,Feet,West,MCILLWAIN PL,,,,0.00,N,Not at Intersection, ,Non-Junction,None,,,         ,Brian,Penny,Clear,Not Collision with Motor Vehicle in Transport,no,no,no,no,no,False
101231408,METROPOLITAN NASHVILLE POLICE DEPT,20160448250,Davidson,Nashville,5/17/2016 5:50:00 PM,2,0,0,36.044930,-86.659740,I24 E ENT RAMP,,,,0.00,Feet,,I 24,,,,0.00,Y,T-Intersection,N,Intersection,None,,,         ,Oscar,Gomez,Cloudy,Angle,no,no,no,no,no,False
101231413,METROPOLITAN NASHVILLE POLICE DEPT,20160469275,Davidson,Nashville,5/24/2016 12:27:00 PM,1,0,0,36.090340,-86.743350,MCNALLY DR,,,,834.00,Feet,South,KEYSTONE AV,,,,0.00,N,Not at Intersection,N,Non-Junction,None,,,         ,Nathan,Kemp,Clear,Not Collision with Motor Vehicle in Transport,no,no,no,yes,no,False
101231414,METROPOLITAN NASHVILLE POLICE DEPT,20160469451,Davidson,Nashville,5/24/2016 1:32:00 PM,2,0,0,36.155650,-86.810360,CHARLOTTE AV,,,,0.00,,,24TH AVN,,,,0.00,Y,T-Intersection, ,Intersection,None,,,         ,Nathan,Kemp,Clear,Angle,no,no,no,no,no,False
101231415,METROPOLITAN NASHVILLE POLICE DEPT,20160469500,Davidson,Nashville,5/24/2016 2:09:00 PM,2,1,0,36.155080,-86.813020,CHARLOTTE AV,,,,294.00,Feet,West,26TH AVN,,,,0.00,N,Not at Intersection,N,Non-Junction,None,,,         ,Nathan,Kemp,Clear,Front to Rear,no,no,no,no,no,False
101231419,METROPOLITAN NASHVILLE POLICE DEPT,2016-0465938,Davidson,Nashville,5/23/2016 11:55:00 AM,1,0,0,36.146030,-86.667270,ROYAL PKWY,,,,130.00,Feet,East,CLARIDGE DR,,,,0.00,N,Not at Intersection,N,Non-Junction,None,,,         ,Jeb,Johnston,Clear,Not Collision with Motor Vehicle in Transport,no,no,no,yes,no,False
101231422,METROPOLITAN NASHVILLE POLICE DEPT,2016-0467433,Davidson,Nashville,5/23/2016 9:12:00 PM,2,0,0,36.171030,-86.874980,COCKRILL BEND BLVD,,,,316.00,Feet,West,CENTENNIAL BLVD,,,,0.00,N,Not at Intersection, ,Non-Junction,None,,,         ,Michael,Rogers,Clear,"Sideswipe, Same Direction",no,no,no,no,no,False