master_record_number,agency,agency_tracking_number,county,city,collision_date,vehicles_involved,number_injured,number_dead,latitude,longitude,roadway_name,roadway_suffix,roadway_number,roadway_local_id,distance_from_reference,miles-feet_indicator,direction_from_reference,intersection_road_name,intersection_road_name_suffix,intersection_road_number,intersection_local_id,mile_marker,intersection_indicator,intersect_type,interchange_related_indicator,relation_to_junction,work_zone_type,construction_maintenance_zone,construction_maintenance_zone_location,fatal_case_number,officer_first_name,officer_last_name,weather_condition(s),manner_of_crash,pedestrian,bicycle,scooter,parking,hitrun,mou
101231952,METROPOLITAN NASHVILLE POLICE DEPT,20160472296,Davidson,Nashville,5/25/2016 10:45:00 AM,1,0,0,36.034230,-86.660890,PRESTON RD,,,,973.00,Feet,North,OLD FRANKLIN RD,,,,0.00,N,Not at Intersection,N,Non-Junction,None,,,         ,Kenneth,Alexandrow,Clear,Not Collision with Motor Vehicle in Transport,no,no,no,no,no,False
101231955,METROPOLITAN NASHVILLE POLICE DEPT,20160472253,Davidson,Nashville,5/25/2016 10:36:00 AM,2,2,0,36.157480,-86.635890,STEWARTS FERRY PKE,,,,0.00,,,MCCRORY CREEK RD,,,,0.00,Y,Four-Way,N,Intersection,None,,,         ,Wesley,Young,Cloudy,HeadOn,no,no,no,no,no,False
101231965,METROPOLITAN NASHVILLE POLICE DEPT,20160472474,Davidson,Nashville,5/25/2016 11:50:00 AM,2,0,0,36.147230,-86.888300,CAPRI DR,,,,40.00,Feet,North,ANNEX AV,,,,0.00,N,Not at Intersection, ,Non-Junction,None,,,         ,Wesley,Tilley,Clear,Front to Rear,no,no,no,no,no,False
101231974,METROPOLITAN NASHVILLE POLICE DEPT,20160472470,Davidson,Nashville,5/25/2016 11:56:00 AM,2,0,0,36.134210,-86.776370,I65 S ENT RAMP,,,,0.00,,,WEDGEWOOD AV,,,,0.00,Y,T-Intersection, ,Intersection,None,,,         ,Justin,Fox,Cloudy,Front to Rear,no,no,no,no,no,False
101231982,METROPOLITAN NASHVILLE POLICE DEPT,2016-0472582,Davidson,Nashville,5/25/2016 12:22:00 PM,2,0,0,36.140120,-86.880280,CHARLOTTE PKE,,,,310.00,Feet,West,RUSSLEO DR,,,,0.00,N,Not at Intersection, ,Non-Junction,None,,,         ,Curtis,Rich,Clear,Front to Rear,no,no,no,yes,yes,False
101231990,METROPOLITAN NASHVILLE POLICE DEPT,2016-0470316,Davidson,Nashville,5/24/2016 3:30:00 PM,2,1,0,36.045420,-86.712660,OLD HICKORY BLVD,,,,181.00,Feet,East,NOLENSVILLE PKE,,,,0.00,N,Not at Intersection,N,Non-Junction,None,,,         ,Michael,Apsey,Clear,Front to Rear,no,no,no,no,no,False
101232004,GOODLETTSVILLE POLICE DEPT,16-18869,Davidson,Goodlettsville,5/25/2016 1:08:00 PM,2,0,0,36.309470,-86.695620,STATE HWY 386,,,,0.00,,,CONFERENCE DR,,,,0.00,Y,OTHER, ,Entrance/Exit Ramp Related,None,,,         ,Benny,Alexander,Cloudy,Front to Rear,no,no,no,no,no,False
101232005,METROPOLITAN NASHVILLE POLICE DEPT,20160472630,Davidson,Nashville,5/25/2016 12:39:00 PM,2,0,0,36.093530,-86.736330,NOLENSVILLE PKE,,,,100.00,Feet,North,MCNALLY DR,,,,0.00,N,Not at Intersection, ,Non-Junction,Utility Zone,,,         ,Earl,Davis,Clear,"Sideswipe, Same Direction",no,no,no,no,no,False
101232007,METROPOLITAN NASHVILLE POLICE DEPT,2016-0468434,Davidson,Nashville,5/24/2016 6:23:00 AM,2,1,0,36.106210,-86.673060,MURFREESBORO PKE,,,,0.00,,,DONELSON PKE,,,,0.00,Y,Four-Way,N,Intersection,None,,,         ,Michael,Baker,Clear,Front to Rear,no,no,no,no,no,False
101232022,METROPOLITAN NASHVILLE POLICE DEPT,2016-0466227,Davidson,Nashville,5/23/2016 12:00:00 AM,2,0,0,0.000000,0.000000,11TH AVENUE NORTH,,,,400.00,Feet,South,CHARLOTTE AVENUE,,,,0.00,N,Not at Intersection,N,Non-Junction,None,,,         ,William,Vincion,Clear,Unknown,no,no,no,no,yes,False
101232023,METROPOLITAN NASHVILLE POLICE DEPT,20160410227,Davidson,Nashville,5/5/2016 3:15:00 PM,2,0,0,36.174510,-86.602510,OLD HICKORY BLVD,,,,0.00,,,BURNING TREE DR,,,,0.00,Y,T-Intersection, ,Non-Junction,None,,,         ,Alex,Lampley,Clear,Front to Rear,no,no,no,no,no,False
101232045,METROPOLITAN NASHVILLE POLICE DEPT,20160472685,Davidson,Nashville,5/25/2016 1:15:00 PM,2,2,0,36.045740,-86.674350,BELL RD,,,,0.00,Feet,,BLUE HOLE RD,,,,0.00,Y,Four-Way,N,Intersection-Related,None,,,         ,Kenneth,Alexandrow,Clear,Angle,no,no,no,no,no,False
101232061,Metro Park Police,20160470353,Davidson,Nashville,5/24/2016 6:58:00 PM,2,0,0,36.104170,-86.628090,BELL RD,,,,1209.00,Feet,South,NED SHELTON RD,,,,0.00,N,Not at Intersection,N,Unknown,None,,,         ,Bryan,Crutchfield,Clear,Other,no,no,no,yes,yes,False
101232069,METROPOLITAN NASHVILLE POLICE DEPT,2016472573,Davidson,Nashville,5/25/2016 12:34:00 PM,3,0,0,36.145530,-86.871420,US HWY 70,,,,289.00,Feet,West,WESTBORO DR,,,,0.00,N,Not at Intersection,N,Non-Junction,None,,,         ,Michael,Brickman,Clear,Front to Rear,no,no,no,no,no,False
101232070,METROPOLITAN NASHVILLE POLICE DEPT,20160463861,Davidson,Nashville,5/22/2016 1:43:00 PM,2,0,0,36.136580,-86.795150,WEDGEWOOD AV,,,,0.00,,,MAGNOLIA BLVD,,,,0.00,Y,Four-Way, ,Intersection,None,,,         ,Megan,Lamon,Clear,"Sideswipe, Same Direction",no,no,no,no,no,False
101232073,METROPOLITAN NASHVILLE POLICE DEPT,2016-0458817,Davidson,Nashville,5/20/2016 5:04:00 PM,2,0,0,36.030550,-86.744980,CLOVERLAND DR,,,,86.00,Feet,East,GRAND OAK WAY,,,,0.00,N,Not at Intersection,N,Non-Junction,None,,,         ,William,King,Cloudy,Front to Rear,no,no,no,no,no,False
101232082,METROPOLITAN NASHVILLE POLICE DEPT,20160472910,Davidson,Nashville,5/25/2016 12:38:00 PM,2,0,0,36.111210,-86.811310,GRAYBAR LN,,,,0.00,,,HILLSBORO PKE,,,,0.00,Y,T-Intersection,N,Intersection-Related,None,,,         ,Tien,Nguyen,Cloudy,Front to Rear,no,no,no,no,yes,False
101232086,METROPOLITAN NASHVILLE POLICE DEPT,20160470580,Davidson,Nashville,5/24/2016 4:44:00 PM,1,0,0,36.235150,-86.758810,HOMESTEAD RD,,,,159.00,Feet,West,DICKERSON PKE,,,,0.00,N,Not at Intersection,N,Non-Junction,None,,,         ,Christopher,Davis,Clear,Not Collision with Motor Vehicle in Transport,no,no,no,yes,no,False
101232094,METROPOLITAN NASHVILLE POLICE DEPT,2016-0471903,Davidson,Nashville,5/25/2016 8:25:00 AM,2,0,0,36.148610,-86.793470,MUSIC SQW,,,,50.00,Feet,North,CHET ATKINS PL,,,,0.00,N,Not at Intersection, ,Non-Junction,None,,,         ,Allen,Bates,Cloudy,Angle,no,no,no,no,no,False
101232099,METROPOLITAN NASHVILLE POLICE DEPT,20160473003,Davidson,Nashville,5/25/2016 3:19:00 PM,2,0,0,36.120700,-86.807970,LOMBARDY AV,,,,0.00,,,SHARONDALE DR,,,,0.00,Y,Four-Way, ,Intersection,None,,,         ,Tien,Nguyen,Cloudy,Front to Rear,no,no,no,no,no,False
101232103,METROPOLITAN NASHVILLE POLICE DEPT,2016-0472273,Davidson,Nashville,5/25/2016 10:40:00 AM,2,1,0,36.148990,-86.746760,I 40,,,,0.00,,,,,,,211.80,N,Not at Intersection,N,Non-Junction,None,,,         ,Scott,Toney,Cloudy,Front to Rear,no,no,no,no,no,False
101232110,METROPOLITAN NASHVILLE POLICE DEPT,20160472963,Davidson,Nashville,5/25/2016 2:46:00 PM,2,0,0,36.210040,-86.778230,BRICK CHURCH PKE,,,,333.00,Feet,East,AVONDALE CIR,,,,0.00,N,Not at Intersection,N,Non-Junction,None,,,         ,Brandon,Rardin,Cloudy,"Sideswipe, Same Direction",no,no,no,no,no,False
101232118,METROPOLITAN NASHVILLE POLICE DEPT,2016-0455630,Davidson,Nashville,5/19/2016 6:40:00 PM,2,0,0,36.079120,-86.709140,WALLACE RD,,,,0.00,,,TAMPA DR,,,,0.00,Y,T-Intersection,N,Non-Junction,None,,,         ,Daniel,Garrett,Clear,Angle,no,no,no,no,no,False
101232124,METROPOLITAN NASHVILLE POLICE DEPT,20160473138,Davidson,Nashville,5/25/2016 4:02:00 PM,2,1,0,36.039910,-86.780980,I65 N EXT RAMP,,,,0.00,,,I 65,,,,0.00,Y,Four-Way,N,Entrance/Exit Ramp Related,None,,,         ,Tien,Nguyen,Cloudy,Front to Rear,no,no,no,no,no,False
101232130,METROPOLITAN NASHVILLE POLICE DEPT,20160473063,Davidson,Nashville,5/25/2016 3:38:00 PM,2,0,0,36.177150,-86.605170,I40 E EXT RAMP,,,,0.00,Feet,East,I40 W ENT RAMP,,,,0.00,N,Not at Intersection,Y,Non-Junction,None,,,         ,Bradley,McIntyre,Cloudy,Front to Rear,no,no,no,no,no,False
101232139,METROPOLITAN NASHVILLE POLICE DEPT,2016-0473143,Davidson,Not in City Limit,5/25/2016 4:07:00 PM,2,0,0,36.045210,-86.950450,TEMPLE RD,,,,100.00,Feet,South,HIGHWAY 100,,,,0.00,N,Not at Intersection, ,Non-Junction,None,,,         ,Walter,Gray II,Cloudy,Not Collision with Motor Vehicle in Transport,no,no,no,no,yes,False
101232144,METROPOLITAN NASHVILLE POLICE DEPT,20160473052,Davidson,Nashville,5/25/2016 3:25:00 PM,2,0,0,36.040010,-86.743470,OLD HICKORY BLVD,,,,0.00,,,EDMONDSON PKE,,,,0.00,Y,Four-Way,N,Non-Junction,None,,,         ,David,Collins,Clear,"Sideswipe, Same Direction",no,no,no,no,no,False
101232155,METROPOLITAN NASHVILLE POLICE DEPT,20160473018,Davidson,Nashville,5/25/2016 3:26:00 PM,1,1,0,36.231360,-86.773280,CREEKWOOD DR,,,,60.00,Feet,East,RICHMOND HILL DR,,,,0.00,N,Not at Intersection,N,Non-Junction,None,,,         ,Rodney,Phipps,Rain,Not Collision with Motor Vehicle in Transport,no,no,no,no,no,False
101232158,METROPOLITAN NASHVILLE POLICE DEPT,20160473243,Davidson,Old Hickory,5/25/2016 4:40:00 PM,2,0,0,36.261920,-86.633500,CIRCLE DR,,,,0.00,,,LAKE HARBOR DR,,,,0.00,Y,Four-Way, ,Intersection,None,,,         ,Tyler,Conrads,Clear,Front to Rear,no,no,no,no,no,False
101232161,METROPOLITAN NASHVILLE POLICE DEPT,20160473184,Davidson,Nashville,5/25/2016 4:25:00 PM,2,0,0,36.141880,-86.637210,TRAILS END LN,,,,0.00,,,ELM HILL PKE,,,,0.00,Y,T-Intersection,N,Non-Junction,None,,,         ,Alex,Lampley,Cloudy,Front to Rear,no,no,no,no,no,False
101232165,METROPOLITAN NASHVILLE POLICE DEPT,20160473192,Davidson,Nashville,5/25/2016 4:30:00 PM,2,0,0,36.161200,-86.792680,CHARLOTTE AV,,,,0.00,,,GEORGE L DAVIS BLVD,,,,0.00,Y,Four-Way,N,Entrance/Exit Ramp Related,None,,,         ,Zachary,Ronan,Cloudy,"Sideswipe, Same Direction",no,no,no,no,yes,False
101232173,METROPOLITAN NASHVILLE POLICE DEPT,20160473001,Davidson,Nashville,5/25/2016 3:20:00 PM,3,1,0,36.146970,-86.808360,WEST END AV,,,,0.00,,,25TH AVS,,,,0.00,Y,Four-Way,N,Intersection,None,,,         ,Clyde,Stambaugh,Clear,Front to Rear,no,no,no,no,no,Campus
101232174,METROPOLITAN NASHVILLE POLICE DEPT,20160473228,Davidson,Nashville,5/25/2016 3:49:00 PM,2,0,0,36.151440,-86.801990,HAYES ST,,,,0.00,,,21ST AVN,,,,0.00,Y,Four-Way, ,Intersection,None,,,         ,Clyde,Stambaugh,Clear,Angle,no,no,no,no,no,Campus
101232184,METROPOLITAN NASHVILLE POLICE DEPT,20160473377,Davidson,Nashville,5/25/2016 3:55:00 PM,2,0,0,36.241970,-86.757210,BRILEY PKWY W ENT RAMP,,,,0.00,,,DICKERSON PKE ENT RAMP,,,,0.00,Y,T-Intersection, ,Intersection,None,,,         ,Rodney,Phipps,Rain,Front to Rear,no,no,no,no,no,False
101232188,METROPOLITAN NASHVILLE POLICE DEPT,20160473361,Davidson,Nashville,5/25/2016 4:56:00 PM,2,0,0,36.182840,-86.770190,GRACE ST,,,,0.00,,,STOCKELL ST,,,,0.00,Y,T-Intersection, ,Intersection,None,,,         ,Charles,Wakefield,Clear,Angle,no,no,no,no,no,False
101232193,METROPOLITAN NASHVILLE POLICE DEPT,2016-0459231,Davidson,Nashville,5/20/2016 5:47:00 PM,2,0,0,36.040640,-86.771490,OLD HICKORY BLVD,,,,125.00,Feet,West,SEVEN SPRINGS WAY PVTDR,,,,0.00,N,Not at Intersection, ,Non-Junction,None,,,         ,William,King,Rain,Front to Rear,no,no,no,no,no,False
101232196,BERRY HILL POLICE DEPT,16-1850,Davidson,Berry Hill,5/25/2016 4:10:00 PM,2,0,0,36.116670,-86.766320,W IRIS DR,,,,0.00,,,BRANSFORD AV,,,,0.00,Y,Four-Way, ,Intersection,None,,,         ,Larry,Carter,Cloudy,"Sideswipe, Same Direction",no,no,no,no,no,False
101232204,METROPOLITAN NASHVILLE POLICE DEPT,20160473284,Davidson,Nashville,5/25/2016 5:03:00 PM,2,0,0,36.074190,-86.737770,BLACKMAN RD,,,,0.00,,,SHADESCREST DR,,,,0.00,Y,T-Intersection, ,Intersection,None,,,         ,David,Collins,Clear,HeadOn,no,no,no,no,no,False
101232210,METROPOLITAN NASHVILLE POLICE DEPT,20160473449,Davidson,Nashville,5/25/2016 6:12:00 PM,2,0,0,36.059800,-86.716340,NOLENSVILLE PKE,,,,109.00,Feet,South,STRASSER DR,,,,0.00,N,Not at Intersection,N,Non-Junction,None,,,         ,Clyde,Stambaugh,Clear,Unknown,no,no,no,no,yes,False
101232219,METROPOLITAN NASHVILLE POLICE DEPT,20160473472,Davidson,Nashville,5/25/2016 4:30:00 PM,2,2,0,36.233030,-86.792400,GWYNNWOOD DR,,,,100.00,Feet,South,EWINGDALE DR,,,,0.00,N,Not at Intersection,N,Non-Junction,None,,,         ,Brian,Woodard,Cloudy,HeadOn,no,no,no,no,yes,False
101232223,METROPOLITAN NASHVILLE POLICE DEPT,20160473460,Davidson,Nashville,5/25/2016 5:10:00 PM,2,1,0,36.204680,-86.776520,I 65,,,,0.00,,,,,,,87.20,N,Not at Intersection,N,Non-Junction,None,,,         ,Audrean,Manquero,Cloudy,"Sideswipe, Same Direction",no,no,no,no,yes,False
101232225,METROPOLITAN NASHVILLE POLICE DEPT,20160473354,Davidson,Nashville,5/25/2016 4:45:00 PM,2,0,0,36.164130,-86.793970,I 40,,,,0.00,,,,,,,208.50,N,Not at Intersection, ,Non-Junction,None,,,         ,Royce,McLester,Cloudy,Front to Rear,no,no,no,no,no,False
101232234,METROPOLITAN NASHVILLE POLICE DEPT,20160472301,Davidson,Antioch,5/25/2016 10:45:00 AM,4,2,0,36.025470,-86.587420,MURFREESBORO RD,,,,437.00,Feet,North,WALDRON RD,,,,0.00,N,Not at Intersection,N,Non-Junction,None,,,         ,Jessie,Meadows,Clear,Front to Rear,no,no,no,no,no,False
101232235,METROPOLITAN NASHVILLE POLICE DEPT,20160472205,Davidson,Nashville,5/25/2016 10:00:00 AM,3,1,0,36.117480,-86.699290,MURFREESBORO PKE,,,,27.00,Feet,North,BRILEY PKWY N ENT RAMP,,,,0.00,N,Not at Intersection,N,Non-Junction,None,,,         ,Jessie,Meadows,Clear,Front to Rear,no,no,no,no,no,False
101232236,METROPOLITAN NASHVILLE POLICE DEPT,20160472858,Davidson,Antioch,5/25/2016 3:20:00 PM,2,2,0,36.025470,-86.587420,MURFREESBORO RD,,,,437.00,Feet,North,WALDRON RD,,,,0.00,N,Not at Intersection,N,Non-Junction,None,,,         ,Jessie,Meadows,Clear,Front to Rear,no,no,no,no,no,False
101232237,METROPOLITAN NASHVILLE POLICE DEPT,20160473036,Davidson,Nashville,5/25/2016 4:07:00 PM,3,2,0,36.133710,-86.726910,I24E,,,,58.00,Feet,East,I24 W EXT RAMP,,,,0.00,N,Not at Intersection,N,Non-Junction,None,,,         ,Jessie,Meadows,Clear,Front to Rear,no,no,no,no,no,False
101232238,METROPOLITAN NASHVILLE POLICE DEPT,20160473236,Davidson,Nashville,5/25/2016 5:23:00 PM,2,0,0,36.054840,-86.642500,BELL RD,,,,65.00,Feet,South,ZELIDA AV,,,,0.00,N,Not at Intersection, ,Non-Junction,None,,,         ,Jessie,Meadows,Clear,Angle,no,no,no,no,no,False
101232241,METROPOLITAN NASHVILLE POLICE DEPT,20160473346,Davidson,Nashville,5/25/2016 5:33:00 PM,2,0,0,36.141740,-86.714060,I 40,,,,0.00,,,,,,,214.00,N,Not at Intersection, ,,None,,,         ,Bryan,Byrnes,,,no,no,no,no,no,False
101232248,METROPOLITAN NASHVILLE POLICE DEPT,20160473587,Davidson,Not in City Limit,5/25/2016 6:28:00 PM,2,0,0,36.266860,-86.690120,MYATT DR,,,,121.00,Feet,North,N DUPONT AV,,,,0.00,N,Not at Intersection, ,Non-Junction,None,,,         ,Jordan,Lowry,Cloudy,"Sideswipe, Same Direction",no,no,no,no,no,False
101232256,METROPOLITAN NASHVILLE POLICE DEPT,20160473577,Davidson,Nashville,5/25/2016 7:02:00 PM,1,0,0,36.057420,-86.773790,I 65,,,,0.00,,,,,,,75.05,N,Not at Intersection,N,Non-Junction,None,,,         ,Tien,Nguyen,Rain,Not Collision with Motor Vehicle in Transport,no,no,no,no,no,False
101232257,METROPOLITAN NASHVILLE POLICE DEPT,20160473466,Davidson,Nashville,5/25/2016 3:30:00 PM,1,0,0,36.135950,-86.876500,HILLWOOD BLVD,,,,132.00,Feet,East,FLEETWOOD DR,,,,0.00,N,Not at Intersection,N,Non-Junction,None,,,         ,Brandon,Pedigo,Rain,Not Collision with Motor Vehicle in Transport,no,no,no,no,no,False
101232260,METROPOLITAN NASHVILLE POLICE DEPT,20160473683,Davidson,Nashville,5/25/2016 6:21:00 PM,2,1,0,36.093550,-86.656900,FORGE RIDGE CIR,,,,0.00,,,FRANKLIN LIMESTONE RD,,,,0.00,Y,T-Intersection,N,Intersection,None,,,         ,Oscar,Gomez,Rain,Angle,no,no,no,no,yes,False
101232264,METROPOLITAN NASHVILLE POLICE DEPT,20160473146,Davidson,Nashville,5/25/2016 4:12:00 PM,2,0,0,36.155910,-86.767010,HERMITAGE AV,,,,0.00,,,MIDDLETON ST,,,,0.00,Y,OTHER,N,Non-Junction,None,,,         ,Michael,Osuna,Clear,Angle,no,no,no,no,no,False
101232272,METROPOLITAN NASHVILLE POLICE DEPT,20160473635,Davidson,Nashville,5/25/2016 7:23:00 PM,2,0,0,36.160710,-86.792950,I 40,,,,0.00,,,,,,,208.75,N,Not at Intersection,N,Non-Junction,None,,,         ,Caleb,Rogan,Rain,"Sideswipe, Same Direction",no,no,no,no,yes,False
101232275,VANDERBILT UNIVERSITY POLICE,16-0473592,Davidson,Nashville,5/25/2016 7:15:00 PM,2,0,0,36.141890,-86.801290,MEDICAL CENTER DR,,,,792.00,Feet,North,PIERCE AV,,,,0.00,N,Not at Intersection,N,Non-Junction,None,,,         ,Alan,Reed,Rain,Front to Rear,no,no,no,yes,yes,Campus
101232276,METROPOLITAN NASHVILLE POLICE DEPT,20160473638,Davidson,Nashville,5/25/2016 7:25:00 PM,2,1,0,36.142070,-86.678810,I 40,,,,0.00,,,,,,,215.90,N,Not at Intersection,N,Non-Junction,None,,,         ,Alex,Lampley,Rain,Angle,no,no,no,no,no,False
101232283,METROPOLITAN NASHVILLE POLICE DEPT,20160473703,Davidson,Nashville,5/25/2016 5:15:00 PM,2,1,0,36.128410,-86.842310,HARDING PKE,,,,556.00,Feet,East,BRIXWORTH LN,,,,0.00,N,Not at Intersection,N,Non-Junction,None,,,         ,Adam,Reese,Cloudy,Front to Rear,no,no,no,no,no,False
101232284,METROPOLITAN NASHVILLE POLICE DEPT,20160473729,Davidson,Nashville,5/25/2016 8:04:00 PM,2,0,0,36.032560,-86.768700,CLOVERLAND DR,,,,0.00,,,JONES PKWY,,,,0.00,Y,Four-Way, ,Intersection-Related,None,,,         ,Tien,Nguyen,Rain,Front to Rear,no,no,no,no,no,False
101232287,METROPOLITAN NASHVILLE POLICE DEPT,20160473712,Davidson,Not in City Limit,5/25/2016 7:41:00 PM,1,0,0,36.095340,-86.527760,COUCHVILLE PKE,,,,691.00,Feet,East,S MOUNT JULIET RD,,,,0.00,N,Not at Intersection,N,Non-Junction,None,,,         ,Larry,Preuett,Rain,Not Collision with Motor Vehicle in Transport,no,no,no,no,no,False
101232289,METROPOLITAN NASHVILLE POLICE DEPT,20160473662,Davidson,Nashville,5/25/2016 7:33:00 PM,1,1,0,36.239770,-86.774970,BRILEY PKWYW,,,,290.00,Feet,North,BRILEY PKWYE,,,,0.00,N,Not at Intersection,N,Non-Junction,None,,,         ,Samuel,Miller,Rain,Not Collision with Motor Vehicle in Transport,no,no,no,no,no,False
101232292,METROPOLITAN NASHVILLE POLICE DEPT,20160473264,Davidson,Goodlettsville,5/25/2016 5:01:00 PM,3,2,0,36.299670,-86.712130,I 65,,,,0.00,,,,,,,95.10,N,Not at Intersection,Y,Entrance/Exit Ramp Related,None,,,         ,Samuel,Miller,Rain,Angle,no,no,no,no,no,False
101232300,METROPOLITAN NASHVILLE POLICE DEPT,20160473679,Davidson,Nashville,5/25/2016 7:23:00 PM,1,0,0,36.153880,-86.839040,I 40,,,,0.00,,,,,,,205.00,N,Not at Intersection,N,Non-Junction,None,,,         ,Ryan,Worstall,Rain,Not Collision with Motor Vehicle in Transport,no,no,no,no,no,False
101232305,METROPOLITAN NASHVILLE POLICE DEPT,20160469840,Davidson,Nashville,5/24/2016 4:10:00 PM,2,0,0,36.242630,-86.758700,DOVERSIDE DR,,,,500.00,Feet,West,US HWY 31W,,,,0.00,N,Not at Intersection, ,Non-Junction,None,,,         ,Nathan,Dungan,Clear,Front to Rear,no,no,no,no,no,False
101232306,METROPOLITAN NASHVILLE POLICE DEPT,20160473862,Davidson,Nashville,5/25/2016 8:30:00 PM,3,0,0,36.037400,-86.786570,FRANKLIN PKE,,,,0.00,,,OLD HICKORY BLVD,,,,0.00,Y,Four-Way, ,Intersection-Related,None,,,         ,Tien,Nguyen,Cloudy,Front to Rear,no,no,no,no,no,False
101232311,METROPOLITAN NASHVILLE POLICE DEPT,20160473705,Davidson,Nashville,5/25/2016 7:48:00 PM,2,0,0,36.170400,-86.768450,INTERSTATE DR,,,,0.00,,,WOODLAND ST,,,,0.00,Y,Four-Way, ,,None,,,         ,Jacob,Paul,,,no,no,no,no,no,False
101232321,METROPOLITAN NASHVILLE POLICE DEPT,20160473608,Davidson,Nashville,5/25/2016 7:00:00 PM,1,0,0,36.159040,-86.791750,I 40,,,,0.00,,,,,,,208.90,N,Not at Intersection, ,Non-Junction,None,,,         ,Andy,Esqueda,Rain,Not Collision with Motor Vehicle in Transport,no,no,no,no,no,False
101232322,METROPOLITAN NASHVILLE POLICE DEPT,20160473630,Davidson,Nashville,5/25/2016 7:23:00 PM,1,2,0,36.157720,-86.691840,ATRIUM WAY,,,,263.00,Feet,West,BRILEY PKWYN,,,,0.00,N,Not at Intersection,N,Non-Junction,None,,,         ,Bryan,Byrnes,Rain,Not Collision with Motor Vehicle in Transport,no,no,no,no,no,False
101232343,METROPOLITAN NASHVILLE POLICE DEPT,20160473013,Davidson,Not in City Limit,5/25/2016 3:25:00 PM,3,2,0,36.279600,-86.779090,OLD HICKORY BLVD,,,,1320.00,Feet,East,BRICK CHURCH PKE,,,,0.00,N,Not at Intersection,N,Non-Junction,None,,,         ,Samuel,Miller,Rain,Front to Rear,no,no,no,no,no,False
101232344,METROPOLITAN NASHVILLE POLICE DEPT,20160473450,Davidson,Goodlettsville,5/25/2016 5:14:00 PM,2,0,0,36.301590,-86.710430,I 65,,,,0.00,,,,,,,95.30,N,Not at Intersection, ,Non-Junction,None,,,         ,Samuel,Miller,Cloudy,Front to Rear,no,no,no,no,no,False
101232349,METROPOLITAN NASHVILLE POLICE DEPT,20160473760,Davidson,Nashville,5/25/2016 8:10:00 PM,2,0,0,36.089140,-86.720740,PARAGON MILLS RD,,,,0.00,,,DEWAIN DR,,,,0.00,Y,T-Intersection, ,Intersection,None,,,         ,Ian,Lynch,Clear,Angle,no,no,no,no,no,False
101232352,METROPOLITAN NASHVILLE POLICE DEPT,20160470182,Davidson,Not in City Limit,5/24/2016 5:24:00 PM,2,0,0,36.268160,-86.756210,DICKERSON PKE,,,,70.00,Feet,South,BELL GRIMES LN,,,,0.00,N,Not at Intersection,N,Non-Junction,None,,,         ,Samuel,Miller,Clear,Angle,no,no,no,no,yes,False
101232354,METROPOLITAN NASHVILLE POLICE DEPT,20160457915,Davidson,Nashville,5/20/2016 11:30:00 AM,1,1,0,36.240470,-86.768460,BRILEY PKWYW,,,,582.00,Feet,West,OAKVIEW DR,,,,0.00,N,Not at Intersection,N,Non-Junction,None,,,         ,William,Estes,Rain,Not Collision with Motor Vehicle in Transport,no,no,no,no,no,False
101232366,METROPOLITAN NASHVILLE POLICE DEPT,20160473628,Davidson,Nashville,5/25/2016 6:43:00 PM,2,0,0,36.040410,-86.650230,I 24,,,,0.00,,,,,,,60.00,N,Not at Intersection, ,Non-Junction,None,,,         ,Victoria,Cunningham,Cloudy,"Sideswipe, Same Direction",no,no,no,no,no,False
101232370,METROPOLITAN NASHVILLE POLICE DEPT,20160473971,Davidson,Nashville,5/25/2016 9:14:00 PM,3,1,0,36.187990,-86.821560,CLARKSVILLE PKE,,,,0.00,,,ROSA L PARKS BLVD,,,,0.00,Y,Four-Way,Y,Intersection,None,,,         ,Michael,Brooks,Cloudy,Angle,no,no,no,no,no,False
101232392,METROPOLITAN NASHVILLE POLICE DEPT,20160474413,Davidson,Nashville,5/25/2016 11:17:00 PM,1,1,0,36.145700,-86.741520,I 40,,,,0.00,,,,,,,212.20,N,Not at Intersection,N,Non-Junction,None,,,         ,Joseph,Zambardi,Other,Not Collision with Motor Vehicle in Transport,no,no,no,no,no,False
101232397,METROPOLITAN NASHVILLE POLICE DEPT,20160474251,Davidson,Not in City Limit,5/25/2016 12:00:00 AM,1,0,0,36.262570,-86.676830,STATE RT 45,,,,464.00,Feet,North,VANDIVER DR,,,,0.00,N,Not at Intersection,N,Non-Junction,None,,,         ,Michael,Reid,Clear,Not Collision with Motor Vehicle in Transport,no,no,no,no,yes,False
101232400,METROPOLITAN NASHVILLE POLICE DEPT,20160474453,Davidson,Nashville,5/26/2016 12:20:00 AM,1,0,0,36.185910,-86.862990,BRILEY PKWYS,,,,258.00,Feet,North,BRILEY PKWYN,,,,0.00,N,Not at Intersection,N,Non-Junction,None,,,         ,Harold,Willmore IV,Rain,Not Collision with Motor Vehicle in Transport,no,no,no,no,no,False
101232404,METROPOLITAN NASHVILLE POLICE DEPT,20160474356,Davidson,Nashville,5/25/2016 11:30:00 PM,2,0,0,36.145700,-86.741520,I 40,,,,0.00,,,,,,,212.20,N,Not at Intersection, ,Non-Junction,None,,,         ,Joseph,Zambardi,Other,Front to Rear,no,no,no,no,no,False
101232405,METROPOLITAN NASHVILLE POLICE DEPT,20160471672,Davidson,Nashville,5/25/2016 12:00:00 AM,2,1,0,36.142780,-86.707750,I 40,,,,0.00,,,,,,,214.35,N,Not at Intersection,N,Non-Junction,None,,,         ,Austin,Childress,Clear,Front to Rear,no,no,no,no,no,False