master_record_number,agency,agency_tracking_number,county,city,collision_date,vehicles_involved,number_injured,number_dead,latitude,longitude,roadway_name,roadway_suffix,roadway_number,roadway_local_id,distance_from_reference,miles-feet_indicator,direction_from_reference,intersection_road_name,intersection_road_name_suffix,intersection_road_number,intersection_local_id,mile_marker,intersection_indicator,intersect_type,interchange_related_indicator,relation_to_junction,work_zone_type,construction_maintenance_zone,construction_maintenance_zone_location,fatal_case_number,officer_first_name,officer_last_name,weather_condition(s),manner_of_crash,pedestrian,bicycle,scooter,parking,hitrun,mou
101232409,METROPOLITAN NASHVILLE POLICE DEPT,20160474329,Davidson,Nashville,5/25/2016 12:00:00 AM,2,0,0,36.150170,-86.694700,ELM HILL PKE,,,,0.00,,,,,,,0.00,,,N,Non-Junction,None,,,         ,Ashley,Arnold,Rain,Front to Rear,no,no,no,yes,yes,False
101232411,GOODLETTSVILLE POLICE DEPT,16-18917,Davidson,Goodlettsville,5/25/2016 8:05:00 PM,1,0,0,36.298710,-86.712720,I 65,,,,0.00,,,,,,,95.05,N,Not at Intersection,N,Non-Junction,None,,,         ,Brandon,Wright,Rain,Not Collision with Motor Vehicle in Transport,no,no,no,no,no,False
101232419,METROPOLITAN NASHVILLE POLICE DEPT,20160474705,Davidson,Nashville,5/25/2016 10:30:00 PM,2,0,0,36.081510,-86.724200,SEVEN MILE CREEK HARDING MALL,,,,96.00,Feet,North,HARDING MALL PVTDR,,,,0.00,N,Not at Intersection,N,Non-Junction,None,,,         ,Andrew,Swint,Clear,HeadOn,no,no,no,yes,yes,False
101232421,METROPOLITAN NASHVILLE POLICE DEPT,20160471544,Davidson,Nashville,5/25/2016 12:00:00 AM,2,0,0,36.143960,-86.722570,ELM HILL PKE,,,,0.00,Feet,,SPENCE LN,,,,0.00,Y,Four-Way, ,Intersection,None,,,         ,Austin,Childress,Clear,Other,no,no,no,no,no,False
101232448,METROPOLITAN NASHVILLE POLICE DEPT,20160474633,Davidson,Nashville,5/26/2016 1:47:00 AM,1,1,0,36.183440,-86.744890,EASTLAND AV,,,,0.00,,,N 14TH ST,,,,0.00,Y,Four-Way,N,Intersection-Related,None,,,         ,Christopher,Dameron,Clear,Not Collision with Motor Vehicle in Transport,no,no,no,no,no,False
101232465,METROPOLITAN NASHVILLE POLICE DEPT,20160462560,Davidson,Nashville,5/22/2016 2:35:00 AM,2,0,0,36.167150,-86.779610,JAMES ROBERTSON PKWY,,,,0.00,,,3RD AVN,,,,0.00,Y,Four-Way, ,Unknown,None,,,         ,Carlos,angulo,Clear,Angle,no,no,no,no,no,False
101232466,METROPOLITAN NASHVILLE POLICE DEPT,20160459580,Davidson,Nashville,5/20/2016 10:11:00 PM,2,0,0,36.147790,-86.778660,I65 S ENT RAMP,,,,0.00,,,I 40,,,,0.00,Y,OTHER, ,Unknown,Unknown,,,         ,Carlos,angulo,Clear,"Sideswipe, Same Direction",no,no,no,no,yes,False
101232469,METROPOLITAN NASHVILLE POLICE DEPT,20160471533,Davidson,Nashville,5/25/2016 5:10:00 AM,2,0,0,36.172860,-86.765390,MAIN ST,,,,0.00,,,S 5TH ST,,,,0.00,Y,Four-Way,N,Intersection,None,,,         ,Amanda,Hane,Clear,Angle,no,no,no,no,yes,False
101232472,METROPOLITAN NASHVILLE POLICE DEPT,20160465904,Davidson,Nashville,5/23/2016 11:44:00 AM,3,0,0,36.086180,-86.648240,MURFREESBORO PKE,,,,296.00,Feet,South,NASHBORO BLVD,,,,0.00,N,Not at Intersection,N,Non-Junction,None,,,         ,James,Curtis,Clear,Front to Rear,no,no,no,no,yes,False
101232474,METROPOLITAN NASHVILLE POLICE DEPT,2016-0466236,Davidson,Nashville,5/22/2016 11:37:00 PM,2,0,0,36.223650,-86.595450,OLD COACH PL,,,,105.00,Feet,West,OLD COACH CT,,,,0.00,N,Not at Intersection, ,Non-Junction,None,,,         ,Jeb,Johnston,Cloudy,Rear to Rear,no,no,no,yes,yes,False
101232476,METROPOLITAN NASHVILLE POLICE DEPT,20160472207,Davidson,Goodlettsville,5/25/2016 10:28:00 AM,1,1,0,36.294600,-86.697230,MYATT DR,,,,82.00,Feet,North,RIVERGATE INDUSTRIAL PARK PVTD,,,,0.00,N,Not at Intersection,N,Non-Junction,None,,,         ,Jack,Crouch,Clear,Not Collision with Motor Vehicle in Transport,no,no,no,no,no,False
101232483,METROPOLITAN NASHVILLE POLICE DEPT,20160472315,Davidson,Nashville,5/25/2016 10:24:00 AM,2,0,0,36.151840,-86.791620,DIVISION ST,,,,0.00,,,DIVISION ST,,,,0.00,Y,Roundabout, ,Intersection-Related,Utility Zone,,,         ,Phillip,Murphy,Cloudy,"Sideswipe, Same Direction",no,no,no,no,no,False
101232487,METROPOLITAN NASHVILLE POLICE DEPT,20160471746,Davidson,Nashville,5/25/2016 7:18:00 AM,2,2,0,36.142870,-86.707150,I 40,,,,0.00,,,,,,,214.40,N,Not at Intersection,N,Non-Junction,None,,,         ,James,Curtis,Clear,Front to Rear,no,no,no,no,no,False
101232488,METROPOLITAN NASHVILLE POLICE DEPT,20160471810,Davidson,Nashville,5/25/2016 7:47:00 AM,2,0,0,36.030470,-86.743980,EDMONDSON PKE,,,,0.00,Feet,,CLOVERLAND DR,,,,0.00,Y,T-Intersection, ,Intersection,None,,,         ,Phillip,Murphy,Clear,Angle,no,no,no,no,no,False
101232494,METROPOLITAN NASHVILLE POLICE DEPT,20160469431,Davidson,Nashville,5/24/2016 1:55:00 PM,2,0,0,36.117580,-86.753940,NEWSOME ST,,,,0.00,,,WINFORD AV,,,,0.00,Y,Four-Way, ,Intersection,None,,,         ,Citlaly,Juarez,Clear,Other,no,no,no,no,no,False
101232495,METROPOLITAN NASHVILLE POLICE DEPT,2016471922,Davidson,Nashville,5/25/2016 8:25:00 AM,2,2,0,36.010270,-86.608320,BRIDGESTONE PKWY,,,,0.00,,,HEIL QUAKER BLVD,,,,0.00,Y,Four-Way,N,Intersection,None,,,         ,James,Grady,Cloudy,Angle,no,no,no,no,no,False
101232504,METROPOLITAN NASHVILLE POLICE DEPT,20160469238,Davidson,Nashville,5/24/2016 12:09:00 PM,2,1,0,36.206220,-86.773620,I65 N EXT RAMP,,,,0.00,,,W TRINITY LN,,,,0.00,Y,OTHER,N,Intersection,None,,,         ,Martin,Gonzalez,Clear,Angle,no,no,no,no,no,False
101232507,BERRY HILL POLICE DEPT,16-1847,Davidson,Berry Hill,5/25/2016 12:03:00 PM,2,0,0,36.126190,-86.777070,FRANKLIN PKE,,,,0.00,,,CRAIGHEAD ST,,,,0.00,Y,T-Intersection, ,Intersection,None,,,         ,Ronnie,Hill,Cloudy,Angle,no,no,no,no,no,False
101232509,METROPOLITAN NASHVILLE POLICE DEPT,20160473017,Davidson,Nashville,5/25/2016 3:25:00 PM,1,1,0,36.080290,-86.642920,EDGE O LAKE DR,,,,154.00,Feet,West,LAKEVILLA DR,,,,0.00,N,Not at Intersection,N,Non-Junction,None,,,         ,Wesley,Young,Clear,Not Collision with Motor Vehicle in Transport,no,yes,no,no,yes,False
101232512,METROPOLITAN NASHVILLE POLICE DEPT,20160471833,Davidson,Nashville,5/25/2016 7:35:00 AM,2,0,0,36.032770,-86.569530,W NIR SHRIEBMAN RD,,,,0.00,,,W NIR SHREIBMAN BLVD,,,,0.00,Y,Four-Way, ,,None,,,         ,James,Grady,,,no,no,no,no,no,False
101232526,METROPOLITAN NASHVILLE POLICE DEPT,20160475213,Davidson,Nashville,5/26/2016 7:32:00 AM,2,1,0,36.039800,-86.781460,I65 N EXT RAMP,,,,0.00,,,I 65,,,,0.00,Y,OTHER,Y,Entrance/Exit Ramp Related,None,,,         ,Earl,Davis,Clear,Front to Rear,no,no,no,no,no,False
101232530,METROPOLITAN NASHVILLE POLICE DEPT,20160475272,Davidson,Nashville,5/26/2016 7:21:00 AM,2,1,0,36.109310,-86.723330,I24 E EXT RAMP,,,,0.00,,,BRILEY PKWYS,,,,0.00,Y,T-Intersection,N,Entrance/Exit Ramp Related,None,,,         ,Brian,Penny,Clear,Angle,no,no,no,no,no,False
101232534,METROPOLITAN NASHVILLE POLICE DEPT,20160475124,Davidson,Nashville,5/26/2016 12:00:00 AM,1,0,0,36.072090,-86.688250,BAKERTOWN RD,,,,599.00,Feet,West,HAYSTACK LN,,,,0.00,N,Not at Intersection,N,Non-Junction,None,,,         ,Robert,Erickson,Unknown,Not Collision with Motor Vehicle in Transport,no,no,no,yes,yes,False
101232535,THP District 9 - Administrative,316030407,Davidson,Not in City Limit,5/25/2016 5:35:00 PM,1,0,0,36.283540,-86.805640,I 24,,,,0.00,,,,,,,39.95,N,Not at Intersection,N,Non-Junction,None,,,         ,Doug,Taylor,Cloudy,Not Collision with Motor Vehicle in Transport,no,no,no,no,no,False
101232536,METROPOLITAN NASHVILLE POLICE DEPT,20160475373,Davidson,Nashville,5/26/2016 8:47:00 AM,2,0,0,36.170830,-86.601530,I40 W EXT RAMP,,,,0.00,,,I 40,,,,0.00,Y,Four-Way, ,,None,,,         ,Wesley,Young,,,no,no,no,no,no,False
101232538,METROPOLITAN NASHVILLE POLICE DEPT,20160475182,Davidson,Nashville,5/26/2016 7:40:00 AM,1,0,0,36.265060,-86.750830,WESTCHESTER DR,,,,86.00,Feet,East,KEMPER DRS,,,,0.00,N,Not at Intersection,N,Non-Junction,None,,,         ,Jack,Crouch,Clear,Not Collision with Motor Vehicle in Transport,no,no,no,no,no,False
101232546,METROPOLITAN NASHVILLE POLICE DEPT,2016-0475252,Davidson,Nashville,5/14/2016 11:47:00 PM,1,0,0,36.054990,-86.638220,ZELIDA AV,,,,491.00,Feet,West,HAMILTON CHURCH RD,,,,0.00,N,Not at Intersection,N,Non-Junction,None,,,         ,Blake,Lutz,Clear,Not Collision with Motor Vehicle in Transport,no,no,no,no,no,False
101232553,METROPOLITAN NASHVILLE POLICE DEPT,20160472668,Davidson,Nashville,5/25/2016 1:00:00 PM,2,0,0,36.072090,-86.636390,MURFREESBORO PKE,,,,102.00,Feet,North,BELL RD,,,,0.00,N,Not at Intersection, ,"Driveway, Alley Access, etc",None,,,         ,James,Grady,Clear,Angle,no,no,no,no,no,False
101232563,METROPOLITAN NASHVILLE POLICE DEPT,20160475286,Davidson,Nashville,5/26/2016 12:00:00 AM,2,2,0,36.150480,-86.749150,I 40,,,,0.00,,,,,,,211.65,N,Not at Intersection,N,Non-Junction,None,,,         ,Ralph,Harvey,Clear,Front to Rear,no,no,no,no,no,False
101232587,METROPOLITAN NASHVILLE POLICE DEPT,20160475326,Davidson,Nashville,5/26/2016 8:25:00 AM,2,1,0,36.241960,-86.757080,DICKERSON PKE,,,,0.00,,,DICKERSON PKE ENT RAMP,,,,0.00,Y,Four-Way,N,Intersection,None,,,         ,Joshua,Borum,Clear,Front to Rear,no,no,no,no,no,False
101232593,METROPOLITAN NASHVILLE POLICE DEPT,20160475594,Davidson,Nashville,5/26/2016 10:10:00 AM,2,0,0,36.116500,-86.748050,JOYNER AV,,,,0.00,,,NOLENSVILLE PKE,,,,0.00,Y,T-Intersection, ,Intersection,None,,,         ,Stephen,Soule,Clear,Front to Rear,no,no,no,no,no,False
101232594,METROPOLITAN NASHVILLE POLICE DEPT,20160475555,Davidson,Nashville,5/26/2016 10:00:00 AM,1,0,0,36.052610,-86.673110,BLUE HOLE RD,,,,0.00,,,TUSCULUM RD,,,,0.00,Y,T-Intersection, ,Intersection,None,,,         ,Thomas,White,Clear,Not Collision with Motor Vehicle in Transport,no,no,no,no,no,False
101232596,METROPOLITAN NASHVILLE POLICE DEPT,2016-0466199,Davidson,Nashville,5/23/2016 12:00:00 AM,3,1,0,36.168730,-86.784700,JAMES ROBERTSON PKWY,,,,165.00,Feet,East,6TH AVN,,,,0.00,N,Not at Intersection,N,Non-Junction,None,,,         ,Daniel,Russett,Clear,Front to Rear,no,no,no,no,no,False
101232598,METROPOLITAN NASHVILLE POLICE DEPT,20160475528,Davidson,Madison,5/26/2016 12:00:00 AM,1,0,0,36.264120,-86.725150,OLD HICKORY BLVDW,,,,0.00,,,BEVERLY DR,,,,0.00,Y,OTHER, ,OtherLocation,None,,,         ,Joshua,Borum,Clear,Not Collision with Motor Vehicle in Transport,yes,no,no,yes,yes,False
101232616,METROPOLITAN NASHVILLE POLICE DEPT,20160475389,Davidson,Nashville,5/26/2016 8:00:00 AM,2,0,0,36.126700,-86.711090,EAST THOMPSON LN,,,,0.00,,,MURFREESBORO PKE,,,,0.00,Y,Four-Way, ,Intersection-Related,None,,,         ,David,Simmonds,Clear,Front to Rear,no,no,no,no,no,False
101232621,METROPOLITAN NASHVILLE POLICE DEPT,20160475577,Davidson,Nashville,5/26/2016 10:16:00 AM,2,1,0,36.134860,-86.784870,WEDGEWOOD AV,,,,0.00,,,10TH AVS,,,,0.00,Y,Four-Way,N,Intersection-Related,None,,,         ,Phillip,Murphy,Clear,Front to Rear,no,no,no,no,no,False
101232622,METROPOLITAN NASHVILLE POLICE DEPT,20160475365,Davidson,Nashville,5/26/2016 8:43:00 AM,2,0,0,36.078790,-86.837000,TYNE BLVD,,,,0.00,,,HILLSBORO PKE,,,,0.00,Y,Four-Way, ,Intersection,None,,,         ,Phillip,Murphy,Clear,Front to Rear,no,no,no,no,no,False
101232624,METROPOLITAN NASHVILLE POLICE DEPT,20160475706,Davidson,Nashville,5/26/2016 10:30:00 AM,1,0,0,36.153640,-86.796470,18TH AVN,,,,170.00,Feet,South,18TH AVN,,,,0.00,N,Not at Intersection, ,"Driveway, Alley Access, etc",None,,,         ,Justin,Fox,Cloudy,Not Collision with Motor Vehicle in Transport,no,no,no,no,no,False
101232626,METROPOLITAN NASHVILLE POLICE DEPT,20160475734,Davidson,Nashville,5/26/2016 11:11:00 AM,2,0,0,36.037400,-86.786570,FRANKLIN PKE,,,,0.00,,,OLD HICKORY BLVD,,,,0.00,Y,Four-Way, ,Intersection,None,,,         ,Earl,Davis,Clear,Front to Rear,no,no,no,no,no,False
101232633,METROPOLITAN NASHVILLE POLICE DEPT,2016-0475742,Davidson,Nashville,5/26/2016 10:43:00 AM,2,0,0,36.135750,-86.800990,21ST AVS,,,,0.00,,,ACKLEN AV,,,,0.00,Y,OTHER, ,Non-Junction,None,,,         ,Emily,Davies,Clear,"Sideswipe, Same Direction",no,no,no,no,no,Campus
101232637,METROPOLITAN NASHVILLE POLICE DEPT,20160475643,Davidson,Nashville,5/26/2016 10:41:00 AM,1,1,0,36.167950,-86.814190,I40 E EXT RAMP,,,,0.00,Feet,East,I 40,,,,0.00,N,Not at Intersection,N,Non-Junction,None,,,         ,James,Wray,Clear,Not Collision with Motor Vehicle in Transport,no,no,no,no,no,False
101232640,METROPOLITAN NASHVILLE POLICE DEPT,20160475505,Davidson,Nashville,5/26/2016 9:42:00 AM,1,1,0,36.078170,-86.744000,HARDING PL,,,,397.00,Feet,East,E LONGDALE DR,,,,0.00,N,Not at Intersection,N,Non-Junction,None,,,         ,Phillip,Murphy,Clear,Not Collision with Motor Vehicle in Transport,no,no,no,no,no,False
101232648,METROPOLITAN NASHVILLE POLICE DEPT,20160475840,Davidson,Nashville,5/26/2016 11:18:00 AM,2,0,0,36.201870,-86.776850,I 65,,,,0.00,,,,,,,87.00,N,Not at Intersection, ,Non-Junction,None,,,         ,Michael,McCord,Clear,"Sideswipe, Same Direction",no,no,no,no,no,False
101232649,METROPOLITAN NASHVILLE POLICE DEPT,20160457980,Davidson,Nashville,5/20/2016 11:40:00 AM,2,2,0,36.239760,-86.775000,BRILEY PKWYW,,,,578.00,Feet,West,MOOREWOOD DR,,,,0.00,N,Not at Intersection,N,Non-Junction,None,,,         ,William,Estes,Rain,Rear to Rear,no,no,no,no,no,False
101232650,METROPOLITAN NASHVILLE POLICE DEPT,20160396712,Davidson,Nashville,5/1/2016 1:29:00 PM,3,1,0,36.044880,-86.663710,BELL RD,,,,150.00,Feet,West,CANE RIDGE RD,,,,0.00,N,Not at Intersection,N,Non-Junction,None,,,         ,Robert,Erickson,Clear,Front to Rear,no,no,no,no,no,False
101232651,METROPOLITAN NASHVILLE POLICE DEPT,20160475668,Davidson,Nashville,5/26/2016 11:05:00 AM,2,2,0,36.100450,-86.711760,I 24,,,,0.00,,,,,,,54.50,N,Not at Intersection,N,Non-Junction,None,,,         ,Jessie,Meadows,Clear,Angle,no,no,no,no,no,False
101232663,METROPOLITAN NASHVILLE POLICE DEPT,20160476006,Davidson,Nashville,5/26/2016 12:40:00 PM,1,1,0,36.143650,-86.795690,EDGEHILL AV,,,,0.00,,,18TH AVS,,,,0.00,Y,Four-Way,N,Intersection,None,,,         ,Phillip,Murphy,Clear,Not Collision with Motor Vehicle in Transport,yes,no,no,no,no,Campus
101232671,METROPOLITAN NASHVILLE POLICE DEPT,20160476043,Davidson,Nashville,5/26/2016 12:56:00 PM,2,0,0,36.111080,-86.754470,THOMPSON LN,,,,0.00,,,EUGENIA AV,,,,0.00,Y,Four-Way, ,Unknown,None,,,         ,Citlaly,Juarez,Clear,"Sideswipe, Same Direction",no,no,no,no,no,False
101232677,METROPOLITAN NASHVILLE POLICE DEPT,20160469240,Davidson,Nashville,5/24/2016 12:06:00 PM,4,2,0,36.155780,-86.809600,CHARLOTTE AV,,,,42.00,Feet,East,23RD AVN,,,,0.00,N,Not at Intersection,N,Non-Junction,None,,,         ,Darrell,Osment,Cloudy,Front to Rear,no,no,no,no,no,False
101232679,METROPOLITAN NASHVILLE POLICE DEPT,20160475985,Davidson,Madison,5/26/2016 12:30:00 PM,2,0,0,36.308840,-86.680610,GALLATIN PKEN,,,,285.00,Feet,East,RIVERCHASE BLVD,,,,0.00,N,Not at Intersection,N,Non-Junction,None,,,         ,Joshua,Borum,Clear,Angle,no,no,no,no,yes,False
101232681,VANDERBILT UNIVERSITY POLICE,16-0472649,Davidson,Nashville,5/25/2016 12:34:00 PM,2,0,0,36.108900,-86.764730,POWELL AV,,,,0.00,,,,,,,0.00,,, ,"Driveway, Alley Access, etc",None,,,         ,Fred,Oakley,Clear,Front to Rear,no,no,no,yes,yes,OHO
101232694,METROPOLITAN NASHVILLE POLICE DEPT,20160463930,Davidson,Nashville,5/22/2016 6:17:00 PM,1,0,1,36.171250,-86.869250,BRILEY PKWYS,,,,53.00,Feet,South,CENTENNIAL BLVD,,,,0.00,N,Not at Intersection,N,Non-Junction,None,,,16-0340  ,Jessie,Loy,Clear,Not Collision with Motor Vehicle in Transport,no,no,no,no,no,False
101232712,METROPOLITAN NASHVILLE POLICE DEPT,20160476121,Davidson,Nashville,5/26/2016 1:23:00 PM,2,1,0,36.187230,-86.613760,OLD HICKORY BLVD,,,,1618.00,Feet,North,ANDREW JACKSON PKWY,,,,0.00,N,Not at Intersection,N,OtherLocation,None,,,         ,Wesley,Young,Clear,Front to Rear,no,no,no,no,no,False
101232719,METROPOLITAN NASHVILLE POLICE DEPT,20160476103,Davidson,Nashville,5/26/2016 1:08:00 PM,2,0,0,36.134280,-86.774730,WEDGEWOOD AV,,,,0.00,,,I65 N ENT RAMP,,,,0.00,Y,Four-Way,Y,Intersection,None,,,         ,Justin,Fox,Cloudy,Angle,no,no,no,no,no,False
101232721,METROPOLITAN NASHVILLE POLICE DEPT,20160469423,Davidson,Nashville,5/26/2016 1:40:00 PM,2,1,0,36.159280,-86.797050,CHARLOTTE AV,,,,144.00,Feet,West,16TH AVN,,,,0.00,N,Not at Intersection,N,Non-Junction,None,,,         ,Darrell,Osment,Clear,Front to Rear,no,no,no,no,no,False
101232724,METROPOLITAN NASHVILLE POLICE DEPT,2016-0475712,Davidson,Nashville,5/26/2016 10:08:00 AM,2,0,0,36.165940,-86.777920,UNION ST,,,,50.00,Feet,West,UNION ST EXT RAMP,,,,0.00,N,Not at Intersection, ,"Driveway, Alley Access, etc",None,,,         ,Paul,Sorace,Cloudy,Angle,no,no,no,no,no,False
101232730,METROPOLITAN NASHVILLE POLICE DEPT,20160476101,Davidson,Nashville,5/26/2016 1:00:00 PM,2,0,0,36.104790,-86.669740,MURFREESBORO PKE,,,,451.00,Feet,West,OLD MURFREESBORO PKE,,,,0.00,N,Not at Intersection, ,Non-Junction,None,,,         ,Kyle,Burks,Clear,Front to Rear,no,no,no,no,no,False
101232734,METROPOLITAN NASHVILLE POLICE DEPT,20160476013,Davidson,Nashville,5/26/2016 1:24:00 PM,2,0,0,36.086470,-86.691470,ANTIOCH PKE,,,,404.00,Feet,North,PERIMETER HILL DR,,,,0.00,N,Not at Intersection,N,Non-Junction,None,,,         ,Jessie,Meadows,Clear,Rear to Rear,no,no,no,no,yes,False
101232735,METROPOLITAN NASHVILLE POLICE DEPT,20160476135,Davidson,Nashville,5/26/2016 2:17:00 PM,2,0,0,36.051350,-86.645880,BELL RD,,,,378.00,Feet,East,BENT TREE  PVTDR,,,,0.00,N,Not at Intersection, ,Non-Junction,None,,,         ,Jessie,Meadows,Clear,Angle,no,no,no,no,no,False
101232739,METROPOLITAN NASHVILLE POLICE DEPT,20160472493,Davidson,Nashville,5/26/2016 12:08:00 PM,1,1,0,36.184740,-86.815660,24TH AVN,,,,0.00,,,CLARKSVILLE PKE,,,,0.00,Y,Four-Way,N,Intersection,None,,,         ,Jamel,Griffin,Clear,Not Collision with Motor Vehicle in Transport,no,yes,no,no,no,False
101232742,THP District 9 - Administrative,316029660,Davidson,Not in City Limit,5/21/2016 3:22:00 PM,2,0,0,36.276640,-86.797900,I24 W EXT RAMP,,,,0.00,,,I 24,,,,0.00,Y,Y-Intersection, ,Entrance/Exit Ramp Related,Construction Zone,,,         ,Shane,Moore,Clear,Front to Rear,no,no,no,no,no,False
101232744,GOODLETTSVILLE POLICE DEPT,16-18874,Davidson,Goodlettsville,5/25/2016 2:08:00 PM,2,0,0,36.325040,-86.713230,CONNELL,ST,,,60.00,Feet,East,NORTH MAIN,ST,US31,,0.00,N,Not at Intersection, ,Non-Junction,None,,,         ,Ashley,Akers,Clear,Angle,no,no,no,no,no,False
101232745,METROPOLITAN NASHVILLE POLICE DEPT,20160476118,Davidson,Nashville,5/26/2016 1:22:00 PM,2,0,0,36.043150,-86.713010,NOLENSVILLE PKE,,,,257.00,Feet,North,MILL CREEK WHITTLEMORE GRNWY,,,,0.00,N,Not at Intersection,N,Non-Junction,None,,,         ,Paul,Goebel,Clear,Angle,no,no,no,no,no,False
101232759,METROPOLITAN NASHVILLE POLICE DEPT,20160461054,Davidson,Nashville,5/21/2016 2:06:00 PM,2,0,0,36.046480,-86.713390,NOLENSVILLE PKE,,,,407.00,Feet,North,OLD HICKORY BLVD,,,,0.00,N,Not at Intersection,Y,Non-Junction,None,,,         ,Robert,Erickson,Clear,"Sideswipe, Same Direction",no,no,no,no,no,False
101232772,VANDERBILT UNIVERSITY POLICE,16-0476306,Davidson,Nashville,5/26/2016 2:35:00 PM,2,0,0,36.142080,-86.806500,25TH AVS,,,,217.00,Feet,South,HIGHLAND AV,,,,0.00,N,Not at Intersection, ,,None,,,         ,William,Gladu,,,no,no,no,yes,no,Campus
101232778,METROPOLITAN NASHVILLE POLICE DEPT,2016-0474099,Davidson,Nashville,5/25/2016 9:50:00 PM,2,0,0,36.154600,-86.786200,12TH AVS,,,,0.00,,,DEMONBREUN ST,,,,0.00,Y,Four-Way,Y,Intersection,None,,,         ,Jason,King,Cloudy,Angle,no,no,no,no,yes,False
101232779,METROPOLITAN NASHVILLE POLICE DEPT,20160473774,Davidson,Nashville,5/25/2016 8:18:00 PM,2,0,0,36.156570,-86.775870,KOREAN VETERANS BLVD,,,,0.00,,,5TH AVS,,,,0.00,Y,Four-Way, ,Intersection,None,,,         ,Michael,Douglas,Clear,"Sideswipe, Same Direction",no,no,no,no,no,False
101232780,METROPOLITAN NASHVILLE POLICE DEPT,20160476261,Davidson,Nashville,5/26/2016 2:20:00 PM,1,0,0,36.164860,-86.776290,CHURCH ST,,,,69.00,Feet,West,1ST AVN,,,,0.00,N,Not at Intersection,N,Non-Junction,None,,,         ,Michael,Baron,Clear,Not Collision with Motor Vehicle in Transport,no,no,no,no,no,False
101232783,METROPOLITAN NASHVILLE POLICE DEPT,20160476272,Davidson,Old Hickory,5/26/2016 2:19:00 PM,2,0,0,36.256010,-86.627410,ROBERTA DR,,,,127.00,Feet,East,24TH ST,,,,0.00,N,Not at Intersection, ,Non-Junction,None,,,         ,Wesley,Young,Clear,"Sideswipe, Same Direction",no,no,no,no,no,False
101232796,METROPOLITAN NASHVILLE POLICE DEPT,20160476359,Davidson,Nashville,5/26/2016 3:16:00 PM,2,0,0,36.124450,-86.736920,I 440,,,,0.00,,,,,,,7.00,N,Not at Intersection, ,Non-Junction,None,,,         ,Jessie,Meadows,Clear,Front to Rear,no,no,no,no,no,False
101232797,METROPOLITAN NASHVILLE POLICE DEPT,20160476314,Davidson,Nashville,5/26/2016 2:47:00 PM,3,0,0,36.109940,-86.779150,WOODMONT BLVD,,,,0.00,,,SPRINGBROOK DR,,,,0.00,Y,Y-Intersection,N,Intersection-Related,None,,,         ,Tien,Nguyen,Clear,Front to Rear,no,no,no,no,yes,False
101232803,METROPOLITAN NASHVILLE POLICE DEPT,20160476375,Davidson,Nashville,5/26/2016 3:12:00 PM,2,0,0,36.183350,-86.748570,GALLATIN AV,,,,0.00,,,W EASTLAND AV,,,,0.00,Y,Four-Way, ,Non-Junction,None,,,         ,Audrean,Manquero,Cloudy,Front to Rear,no,no,no,no,no,False
101232828,METROPOLITAN NASHVILLE POLICE DEPT,2016-0476239,Davidson,Nashville,5/26/2016 1:19:00 PM,2,0,0,36.138230,-86.800680,21ST AVS,,,,150.00,Feet,South,CHILDRENS WAY,,,,0.00,N,Not at Intersection,N,Non-Junction,None,,,         ,Allen,Bates,Clear,Angle,no,no,no,no,yes,Campus
101232835,METROPOLITAN NASHVILLE POLICE DEPT,2016-0476529,Davidson,Nashville,5/26/2016 3:49:00 PM,2,0,0,36.115290,-86.810670,HILLSBORO PKE,,,,182.00,Feet,South,HAMPTON PL,,,,0.00,N,Not at Intersection, ,Non-Junction,None,,,         ,Walter,Gray II,Cloudy,Front to Rear,no,no,no,no,no,False
101232836,METROPOLITAN NASHVILLE POLICE DEPT,20160476471,Davidson,Nashville,5/26/2016 3:38:00 PM,3,0,0,36.167140,-86.787130,JAMES ROBERTSON PKWY,,,,0.00,,,ROSA L PARKS BLVD,,,,0.00,Y,Four-Way,N,Intersection,None,,,         ,Caleb,Rogan,Clear,Front to Rear,no,no,no,no,yes,False
101232847,METROPOLITAN NASHVILLE POLICE DEPT,20160476590,Davidson,Nashville,5/26/2016 4:20:00 PM,2,0,0,36.142850,-86.666640,DONELSON PKE,,,,203.00,Feet,North,I40 W ENT RAMP,,,,0.00,N,Not at Intersection, ,,None,,,         ,Bradley,McIntyre,,,no,no,no,no,no,False
101232856,METROPOLITAN NASHVILLE POLICE DEPT,20160476455,Davidson,Nashville,5/26/2016 3:36:00 PM,2,0,0,0.000000,0.000000,OLD HICKORY BLVD,,,,0.00,,,BELLE FOREST CIR,,,,0.00,Y,T-Intersection,N,Intersection-Related,None,,,         ,Jeremy,Huffine,Cloudy,Angle,no,no,no,no,no,False
101232859,METROPOLITAN NASHVILLE POLICE DEPT,20160476435,Davidson,Nashville,5/26/2016 3:32:00 PM,2,1,0,36.129580,-86.816810,I 440,,,,0.00,,,,,,,2.00,N,Not at Intersection,N,Non-Junction,None,,,         ,Clyde,Stambaugh,Clear,Front to Rear,no,no,no,no,no,False
101232864,METROPOLITAN NASHVILLE POLICE DEPT,20160476283,Davidson,Madison,5/26/2016 2:00:00 PM,2,0,0,36.258540,-86.714210,MADISON ST,,,,0.00,,,DUVAL CT,,,,0.00,Y,T-Intersection,N,Non-Junction,None,,,         ,George,Oden,Clear,Front to Rear,no,no,no,no,no,False