master_record_number,agency,agency_tracking_number,county,city,collision_date,vehicles_involved,number_injured,number_dead,latitude,longitude,roadway_name,roadway_suffix,roadway_number,roadway_local_id,distance_from_reference,miles-feet_indicator,direction_from_reference,intersection_road_name,intersection_road_name_suffix,intersection_road_number,intersection_local_id,mile_marker,intersection_indicator,intersect_type,interchange_related_indicator,relation_to_junction,work_zone_type,construction_maintenance_zone,construction_maintenance_zone_location,fatal_case_number,officer_first_name,officer_last_name,weather_condition(s),manner_of_crash,pedestrian,bicycle,scooter,parking,hitrun,mou
101232865,METROPOLITAN NASHVILLE POLICE DEPT,20160476559,Davidson,Nashville,5/26/2016 4:37:00 PM,2,0,0,36.072600,-86.636880,MURFREESBORO PKE,,,,334.00,Feet,North,BELL RD,,,,0.00,N,Not at Intersection, ,Non-Junction,None,,,         ,Jessie,Meadows,Clear,Front to Rear,no,no,no,no,no,False
101232894,METROPOLITAN NASHVILLE POLICE DEPT,20160476680,Davidson,Nashville,5/26/2016 4:50:00 PM,2,0,0,36.062190,-86.682170,I 24,,,,0.00,,,,,,,57.65,N,Not at Intersection,N,Non-Junction,None,,,         ,Benjamin,Froehlich,Clear,Front to Rear,no,no,no,no,yes,False
101232896,METROPOLITAN NASHVILLE POLICE DEPT,20160476532,Davidson,Nashville,5/26/2016 4:02:00 PM,2,1,0,36.133300,-86.696720,BRILEY PKWYS,,,,296.00,Feet,North,BRILEY PKWY S EXT RAMP,,,,0.00,N,Not at Intersection,N,Non-Junction,None,,,         ,Jaby,Djabbarov,Clear,"Sideswipe, Same Direction",no,no,no,no,no,False
101232897,METROPOLITAN NASHVILLE POLICE DEPT,20160476719,Davidson,Nashville,5/26/2016 5:03:00 PM,2,0,0,36.142780,-86.800020,MEDICAL CENTER DR,,,,0.00,,,21ST AVS,,,,0.00,Y,T-Intersection, ,,None,,,         ,Charles,Griffin,,,no,no,no,no,no,Campus
101232898,METROPOLITAN NASHVILLE POLICE DEPT,2016-0472535,Davidson,Nashville,5/25/2016 12:10:00 PM,2,0,0,36.140730,-86.732280,I 40,,,,0.00,,,,,,,213.00,N,Not at Intersection, ,Non-Junction,None,,,         ,Jeb,Johnston,Cloudy,"Sideswipe, Same Direction",no,no,no,no,no,False
101232899,METROPOLITAN NASHVILLE POLICE DEPT,2016-0469491,Davidson,Nashville,5/23/2016 5:54:00 PM,2,0,0,36.087430,-86.692210,ANTIOCH PKE,,,,0.00,,,HARDING PL,,,,0.00,Y,Four-Way, ,Intersection,None,,,         ,Jeb,Johnston,Clear,"Sideswipe, Same Direction",no,no,no,no,yes,False
101232905,METROPOLITAN NASHVILLE POLICE DEPT,20160476702,Davidson,Nashville,5/26/2016 4:55:00 PM,2,0,0,36.145500,-86.626190,LINCOYA BAY DR,,,,0.00,Feet,,BELL RD,,,,0.00,Y,Four-Way,N,Intersection-Related,None,,,         ,Marcus,Mitchell,Cloudy,Angle,no,no,no,no,yes,False
101232908,METROPOLITAN NASHVILLE POLICE DEPT,20160476638,Davidson,Nashville,5/26/2016 4:37:00 PM,2,0,0,36.050650,-86.668400,I 24,,,,0.00,,,,,,,58.80,N,Not at Intersection, ,Non-Junction,None,,,         ,Benjamin,Froehlich,Clear,Front to Rear,no,no,no,no,no,False
101232909,METROPOLITAN NASHVILLE POLICE DEPT,20160476685,Davidson,Nashville,5/26/2016 4:36:00 PM,3,0,0,36.126820,-86.772700,I 65,,,,0.00,,,,,,,80.85,N,Not at Intersection,N,Non-Junction,None,,,         ,Tien,Nguyen,Cloudy,Front to Rear,no,no,no,no,no,False
101232911,METROPOLITAN NASHVILLE POLICE DEPT,20160476751,Davidson,Nashville,5/26/2016 5:24:00 PM,2,2,0,36.202090,-86.769470,DICKERSON PKE,,,,705.00,Feet,North,GATEWOOD AV,,,,0.00,N,Not at Intersection,N,"Driveway, Alley Access, etc",None,,,         ,Cressie,Prill,Cloudy,Angle,no,no,no,no,no,False
101232912,BELLE MEADE POLICE DEPT,16-0137,Davidson,Belle Meade,5/26/2016 4:15:00 PM,2,0,0,36.119600,-86.854940,HARDING PKE,,,,0.00,,,BELLE MEADE BLVD,,,,0.00,Y,T-Intersection, ,Intersection,None,,,         ,Doris,Howell,Cloudy,Front to Rear,no,no,no,no,no,False
101232923,METROPOLITAN NASHVILLE POLICE DEPT,20160476777,Davidson,Nashville,5/26/2016 5:08:00 PM,2,0,0,36.082320,-86.762320,HARDING PL,,,,0.00,,,I65 N ENT RAMP,,,,0.00,Y,OTHER, ,Entrance/Exit Ramp Related,None,,,         ,Megan,Lamon,Clear,Angle,no,no,no,no,no,False
101232924,METROPOLITAN NASHVILLE POLICE DEPT,20160466752,Davidson,Not in City Limit,5/23/2016 4:55:00 PM,3,3,0,36.262210,-86.738030,I 65,,,,0.00,,,,,,,92.10,N,Not at Intersection,N,Non-Junction,None,,,         ,Samuel,Miller,Clear,Front to Rear,no,no,no,no,no,False
101232926,METROPOLITAN NASHVILLE POLICE DEPT,20160476796,Davidson,Nashville,5/26/2016 5:40:00 PM,2,0,0,36.158400,-86.783250,BROADWAY,,,,52.00,Feet,East,9TH AVS,,,,0.00,N,Not at Intersection, ,Non-Junction,None,,,         ,Derek,Betty,Cloudy,"Sideswipe, Same Direction",no,no,no,no,no,False
101232931,METROPOLITAN NASHVILLE POLICE DEPT,20160476825,Davidson,Nashville,5/26/2016 5:56:00 PM,2,0,0,36.100500,-86.739900,NOLENSVILLE PKE,,,,20.00,Feet,South,CHILTON ST,,,,0.00,N,Not at Intersection, ,Non-Junction,None,,,         ,Ian,Lynch,Cloudy,Front to Rear,no,no,no,no,no,False
101232937,METROPOLITAN NASHVILLE POLICE DEPT,20160466827,Davidson,Goodlettsville,5/23/2016 5:31:00 PM,2,0,0,36.303280,-86.691070,GALLATIN PKEN,,,,230.00,Feet,West,THE SHOPPES AT RIVERGATE PVTDR,,,,0.00,N,Not at Intersection,N,Non-Junction,None,,,         ,Samuel,Miller,Clear,Front to Rear,no,no,no,no,no,False
101232944,METROPOLITAN NASHVILLE POLICE DEPT,20160476917,Davidson,Nashville,5/26/2016 6:25:00 PM,1,0,0,36.235770,-86.785490,I 24,,,,0.00,,,,,,,43.70,N,Not at Intersection, ,Non-Junction,None,,,         ,Rodney,Phipps,Rain,Not Collision with Motor Vehicle in Transport,no,no,no,no,no,False
101232958,METROPOLITAN NASHVILLE POLICE DEPT,20160464066,Davidson,Nashville,5/22/2016 7:27:00 PM,2,0,0,36.182270,-86.836060,BRIARWICK DR,,,,330.00,Feet,South,HINKLE DR,,,,0.00,N,Not at Intersection, ,Non-Junction,None,,,         ,Victor,Alexander,Clear,Angle,no,no,no,no,no,False
101232959,METROPOLITAN NASHVILLE POLICE DEPT,20160476914,Davidson,Nashville,5/26/2016 6:23:00 PM,3,1,0,36.145410,-86.776970,I 65,,,,0.00,,,,,,,82.20,N,Not at Intersection,N,Entrance/Exit Ramp Related,None,,,         ,Tien,Nguyen,Cloudy,Front to Rear,no,no,no,no,no,False
101232974,METROPOLITAN NASHVILLE POLICE DEPT,20160476598,Davidson,Not in City Limit,5/26/2016 4:20:00 PM,2,0,0,36.276570,-86.799140,I 24,,,,0.00,,,,,,,40.60,N,Not at Intersection, ,Non-Junction,None,,,         ,Jessica,Ware,Rain,Front to Rear,no,no,no,no,no,False
101232978,METROPOLITAN NASHVILLE POLICE DEPT,20160476844,Davidson,Nashville,5/26/2016 5:21:00 PM,2,0,0,36.237840,-86.785900,I 24,,,,0.00,,,,,,,43.60,N,Not at Intersection, ,Non-Junction,None,,,         ,Rodney,Phipps,Rain,Front to Rear,no,no,no,no,no,False
101232979,METROPOLITAN NASHVILLE POLICE DEPT,20160476740,Davidson,Nashville,5/26/2016 5:00:00 PM,2,0,0,36.156240,-86.802940,20TH AVN,,,,0.00,,,MURPHY AV,,,,0.00,Y,T-Intersection, ,Intersection-Related,None,,,         ,Jose,Salazar,Cloudy,"Sideswipe, Same Direction",no,no,no,no,no,False
101232984,METROPOLITAN NASHVILLE POLICE DEPT,20160477095,Davidson,Nashville,5/26/2016 8:12:00 PM,1,0,0,36.239270,-86.776950,BRILEY PKWYW,,,,405.00,Feet,East,BRILEY PKWYE,,,,0.00,N,Not at Intersection, ,,None,,,         ,Corteze,Armstrong,,,no,no,no,no,no,False
101232988,METROPOLITAN NASHVILLE POLICE DEPT,20160476654,Davidson,Nashville,5/26/2016 4:15:00 PM,1,0,0,36.236880,-86.794330,BRILEY PKWYW,,,,357.00,Feet,North,BRILEY PKWYE,,,,0.00,N,Not at Intersection,N,Non-Junction,None,,,         ,Melvin,Taylor,Cloudy,Not Collision with Motor Vehicle in Transport,no,no,no,no,no,False
101232993,METROPOLITAN NASHVILLE POLICE DEPT,20160477105,Davidson,Nashville,5/26/2016 7:29:00 PM,2,0,0,36.040590,-86.771070,OLD HICKORY BLVD,,,,0.00,,,SEVEN SPRINGS WAY PVTDR,,,,0.00,Y,Four-Way, ,Intersection-Related,None,,,         ,Tien,Nguyen,Cloudy,Front to Rear,no,no,no,no,no,False
101232997,METROPOLITAN NASHVILLE POLICE DEPT,20160477100,Davidson,Nashville,5/26/2016 7:49:00 PM,2,2,0,36.198430,-86.689160,OPRY MILLS DR,,,,378.00,Feet,South,BRILEY PKWY S EXT RAMP,,,,0.00,N,Not at Intersection,N,Non-Junction,None,,,         ,Mikala,Moore,Rain,Angle,no,no,no,no,no,False
101233001,METROPOLITAN NASHVILLE POLICE DEPT,20160476998,Davidson,Nashville,5/26/2016 6:59:00 PM,2,1,0,36.115920,-86.798620,BATTLEFIELD DR,,,,0.00,Feet,,BELMONT BLVD,,,,0.00,Y,Four-Way,N,Intersection,None,,,         ,Megan,Lamon,Rain,Front to Rear,no,no,no,no,no,False
101233002,METROPOLITAN NASHVILLE POLICE DEPT,20160476816,Davidson,Nashville,5/26/2016 5:50:00 PM,2,1,0,36.081890,-86.727030,NOLENSVILLE PKE,,,,271.00,Feet,South,WELSHWOOD DR,,,,0.00,N,Not at Intersection,N,Non-Junction,None,,,         ,Clyde,Stambaugh,Clear,Angle,no,no,no,no,no,False
101233005,METROPOLITAN NASHVILLE POLICE DEPT,20160476961,Davidson,Nashville,5/26/2016 6:38:00 PM,2,0,0,36.233640,-86.723840,BRILEY PKWY E ENT RAMP,,,,0.00,,,BRILEY PKWY E EXT RAMP,,,,0.00,Y,Y-Intersection, ,,None,,,         ,Randy,Heinze,,,no,no,no,no,no,False
101233009,METROPOLITAN NASHVILLE POLICE DEPT,2016-0474116,Davidson,Nashville,5/25/2016 9:55:00 PM,1,1,0,36.173200,-86.808180,DR D B TODD JR BLVD,,,,72.00,Feet,South,UNDERWOOD ST,,,,0.00,N,Not at Intersection,N,Non-Junction,None,,,         ,Zachary,Ronan,Clear,Not Collision with Motor Vehicle in Transport,no,no,no,yes,no,False
101233011,METROPOLITAN NASHVILLE POLICE DEPT,20160477195,Davidson,Nashville,5/26/2016 6:25:00 PM,2,0,0,36.104250,-86.869190,HARDING PKE,,,,215.00,Feet,North,POST RD,,,,0.00,N,Not at Intersection, ,Non-Junction,None,,,         ,Mark,Hatt,Rain,Front to Rear,no,no,no,no,no,False
101233026,METROPOLITAN NASHVILLE POLICE DEPT,20160476939,Davidson,Nashville,5/26/2016 5:47:00 PM,2,0,0,36.106360,-86.719010,I 24,,,,0.00,,,,,,,54.00,N,Not at Intersection, ,Non-Junction,None,,,         ,David,Hughes,Rain,Front to Rear,no,no,no,no,no,False
101233037,METROPOLITAN NASHVILLE POLICE DEPT,20160477192,Davidson,Nashville,5/26/2016 8:18:00 PM,1,0,0,36.136300,-86.727230,I24 E EXT RAMP,,,,0.00,,,I 24,,,,0.00,Y,OTHER,N,Non-Junction,None,,,         ,David,Hughes,Cloudy,Not Collision with Motor Vehicle in Transport,no,no,no,no,no,False
101233044,METROPOLITAN NASHVILLE POLICE DEPT,20160476836,Davidson,Nashville,5/26/2016 5:57:00 PM,2,0,0,36.243890,-86.756580,SKYLINE MEMORIAL CT,,,,0.00,,,DICKERSON PKE,,,,0.00,Y,Four-Way, ,Intersection,None,,,         ,George,Oden,Rain,Front to Rear,no,no,no,no,no,False
101233062,METROPOLITAN NASHVILLE POLICE DEPT,20160476442,Davidson,Not in City Limit,5/26/2016 3:23:00 PM,2,0,0,36.301890,-86.812200,I 24,,,,0.00,,,,,,,38.65,N,Not at Intersection,N,Non-Junction,None,,,         ,Timothy,Morgan,Cloudy,Front to Rear,no,no,no,no,yes,False
101233071,METROPOLITAN NASHVILLE POLICE DEPT,20160477259,Davidson,Nashville,5/26/2016 8:31:00 PM,2,0,0,36.203930,-86.738320,LELAND AV,,,,0.00,,,GALLATIN PKE,,,,0.00,Y,T-Intersection, ,Intersection,None,,,         ,Audrean,Manquero,Cloudy,Front to Rear,no,no,no,no,no,False
101233076,METROPOLITAN NASHVILLE POLICE DEPT,2016-0458892,Davidson,Nashville,5/20/2016 4:24:00 PM,2,0,0,36.031150,-86.751650,CLOVERLAND DR,,,,50.00,Feet,West,COPPERFIELD CT,,,,0.00,N,Not at Intersection, ,Non-Junction,None,,,         ,William,King,Rain,Front to Rear,no,no,no,no,no,False
101233077,METROPOLITAN NASHVILLE POLICE DEPT,2016-0476500,Davidson,Nashville,5/26/2016 3:49:00 PM,3,0,0,36.031830,-86.743840,EDMONDSON PKE,,,,496.00,Feet,North,CLOVERLAND DR,,,,0.00,N,Not at Intersection, ,Non-Junction,None,,,         ,William,King,Clear,Front to Rear,no,no,no,no,no,False
101233084,METROPOLITAN NASHVILLE POLICE DEPT,20160476404,Davidson,Nashville,5/26/2016 2:28:00 PM,3,0,0,36.166880,-86.801210,16TH AVN,,,,17.00,Feet,North,ANDREW JACKSON COURTS PVTDR,,,,0.00,N,Not at Intersection, ,Non-Junction,None,,,         ,Michael,Brooks,Cloudy,HeadOn,no,no,no,no,no,False
101233085,METROPOLITAN NASHVILLE POLICE DEPT,20160476694,Davidson,Not in City Limit,5/26/2016 2:45:00 PM,1,0,0,36.276160,-86.799130,I 24,,,,0.00,,,,,,,40.60,N,Not at Intersection, ,Non-Junction,Maintenance Zone,,,         ,Michael,Brooks,Cloudy,Not Collision with Motor Vehicle in Transport,no,no,no,no,no,False
101233086,METROPOLITAN NASHVILLE POLICE DEPT,20160476897,Davidson,Nashville,5/26/2016 5:41:00 PM,2,0,0,36.203980,-86.776870,I65 S ENT RAMP,,,,0.00,,,I 65,,,,0.00,Y,OTHER, ,Entrance/Exit Ramp Related,None,,,         ,Michael,Brooks,Rain,Front to Rear,no,no,no,no,no,False
101233087,METROPOLITAN NASHVILLE POLICE DEPT,20160477067,Davidson,Nashville,5/26/2016 7:34:00 PM,1,1,0,36.170330,-86.805360,I 40,,,,0.00,,,,,,,207.40,N,Not at Intersection,N,Non-Junction,None,,,         ,Michael,Brooks,Rain,Not Collision with Motor Vehicle in Transport,no,no,no,no,no,False
101233088,METROPOLITAN NASHVILLE POLICE DEPT,20160477337,Davidson,Nashville,5/26/2016 9:20:00 PM,3,2,0,36.175340,-86.807290,17TH AVN,,,,340.00,Feet,North,COCKRILL ST,,,,0.00,N,Not at Intersection,N,Non-Junction,None,,,         ,Michael,Brooks,Rain,HeadOn,no,no,no,no,yes,False
101233091,METROPOLITAN NASHVILLE POLICE DEPT,20160477577,Davidson,Not in City Limit,5/26/2016 11:10:00 PM,1,0,0,36.069180,-86.933620,COLICE JEANNE RD,,,,0.00,,,BAUGH RD,,,,0.00,Y,T-Intersection,N,Intersection-Related,None,,,         ,Jackson,Smythe,Cloudy,Not Collision with Motor Vehicle in Transport,no,no,no,no,no,False
101233106,METROPOLITAN NASHVILLE POLICE DEPT,20160477544,Davidson,Nashville,5/26/2016 10:18:00 PM,2,1,0,36.066670,-86.717940,NORTHCREST DR,,,,0.00,,,NOLENSVILLE PKE,,,,0.00,Y,Four-Way,N,Intersection,None,,,         ,Andrew,Mullen,Clear,Front to Rear,no,no,no,no,no,False
101233115,METROPOLITAN NASHVILLE POLICE DEPT,20160477616,Davidson,Nashville,5/26/2016 11:30:00 PM,2,0,0,36.205130,-86.771210,LUCAS LN,,,,345.00,Feet,South,W TRINITY LN,,,,0.00,N,Not at Intersection,N,OtherLocation,None,,,         ,Terrance,McBride,Clear,Angle,no,no,no,yes,yes,False
101233117,GOODLETTSVILLE POLICE DEPT,16-19049,Davidson,Goodlettsville,5/26/2016 7:25:00 PM,2,0,0,36.335304,-86.717152,NORTH MAIN,ST,US31/41,,500.00,Feet,South,OLD STONE BRIDGE,RD,,,0.00,N,Not at Intersection, ,Non-Junction,None,,,         ,Donald,Brinton,Rain,Front to Rear,no,no,no,no,no,False
101233119,METROPOLITAN NASHVILLE POLICE DEPT,20160474724,Davidson,Nashville,5/26/2016 12:00:00 AM,1,2,0,36.177100,-86.751070,WOODLAND ST,,,,119.00,Feet,East,S 10TH ST,,,,0.00,N,Not at Intersection,N,Non-Junction,Construction Zone,Laneclosure,Advanced Warning Area,         ,Amanda,Hane,Clear,Not Collision with Motor Vehicle in Transport,no,no,no,no,yes,False
101233125,Nashville Airport Police,16-01369,Davidson,Nashville,5/26/2016 10:25:00 PM,2,0,0,36.139030,-86.665810,I40 E ENT RAMP,,,,0.00,,,DONELSON PKE,,,,0.00,Y,Y-Intersection,N,Intersection-Related,None,,,         ,John,Herd,Clear,Angle,no,no,no,no,no,False
101233161,METROPOLITAN NASHVILLE POLICE DEPT,20160477487,Davidson,Nashville,5/26/2016 9:18:00 PM,1,2,0,36.176510,-86.808250,17TH AVN,,,,0.00,,,WHELESS ST,,,,0.00,Y,Four-Way,N,Intersection,None,,,         ,Benjamin,Cole,Clear,Not Collision with Motor Vehicle in Transport,yes,no,no,no,yes,False
101233167,METROPOLITAN NASHVILLE POLICE DEPT,20160476138,Davidson,Madison,5/26/2016 1:30:00 PM,2,1,0,36.279690,-86.708680,GALLATIN PKEN,,,,101.00,Feet,South,ELMORE AV,,,,0.00,N,Not at Intersection,N,Non-Junction,None,,,         ,Brian,Otto,Cloudy,Angle,no,no,no,no,no,False
101233215,METROPOLITAN NASHVILLE POLICE DEPT,20160472532,Davidson,Nashville,5/26/2016 12:00:00 AM,2,2,0,36.118960,-86.767430,I65 ENT RAMP,,,,0.00,,,I 440,,,,0.00,Y,Y-Intersection,Y,Entrance/Exit Ramp Related,None,,,         ,Akira,McSwain,Clear,Front to Rear,no,no,no,no,no,False
101233271,METROPOLITAN NASHVILLE POLICE DEPT,2016-0476804,Davidson,Nashville,5/26/2016 5:36:00 PM,2,0,0,36.172600,-86.865580,CENTENNIAL BLVD,,,,333.00,Feet,North,BRILEY PKWY N ENT RAMP,,,,0.00,N,Not at Intersection,N,Non-Junction,None,,,         ,Walter,Gray II,Cloudy,"Sideswipe, Opposite Direction",no,no,no,yes,yes,False
101233370,METROPOLITAN NASHVILLE POLICE DEPT,20160475091,Davidson,Nashville,5/26/2016 6:50:00 AM,2,0,0,36.180990,-86.800250,I 65,,,,0.00,,,,,,,85.10,N,Not at Intersection, ,,None,,,         ,Darryl,Morton,,,no,no,no,no,no,False
101233399,METROPOLITAN NASHVILLE POLICE DEPT,20160473468,Davidson,Nashville,5/25/2016 6:00:00 PM,2,0,0,36.127020,-86.709170,THOMPSON PL,,,,0.00,,,,,,,0.00,,, ,,None,,,         ,Brian,Smith,,,no,no,no,no,no,False
101233404,METROPOLITAN NASHVILLE POLICE DEPT,20160477359,Davidson,Nashville,5/26/2016 9:22:00 PM,3,3,0,36.095200,-86.762710,I 65,,,,0.00,,,,,,,78.70,N,Not at Intersection,N,Non-Junction,None,,,         ,Tien,Nguyen,Clear,Angle,no,no,no,no,no,False
101233405,METROPOLITAN NASHVILLE POLICE DEPT,20160475894,Davidson,Nashville,5/26/2016 12:10:00 PM,2,1,0,36.152870,-86.765190,I40 E ENT RAMP,,,,0.00,,,I 40,,,,0.00,Y,OTHER,N,Entrance/Exit Ramp Related,None,,,         ,James,Curtis,Clear,Front to Rear,no,no,no,no,no,False
101233406,METROPOLITAN NASHVILLE POLICE DEPT,20160476164,Davidson,Nashville,5/26/2016 1:43:00 PM,2,0,0,36.153420,-86.756810,I 40,,,,0.00,,,,,,,211.20,N,Not at Intersection,N,Non-Junction,None,,,         ,James,Curtis,Clear,Front to Rear,no,no,no,no,no,False
101233436,METROPOLITAN NASHVILLE POLICE DEPT,20160463847,Davidson,Nashville,5/22/2016 5:25:00 PM,2,0,0,36.085080,-86.702960,HARDING PL,,,,36.00,Feet,West,I24 E EXT RAMP,,,,0.00,N,Not at Intersection,N,Non-Junction,None,,,         ,Benjamin,Froehlich,Clear,Front to Rear,no,no,no,no,yes,False
101233512,METROPOLITAN NASHVILLE POLICE DEPT,20160477449,Davidson,Nashville,5/26/2016 10:10:00 PM,2,1,0,36.058830,-86.670450,MT VIEW RD,,,,0.00,Feet,West,HICKORY HOLLOW PKWY,,,,0.00,N,Not at Intersection,N,Non-Junction,None,,,         ,Joseph,Progar,Clear,Angle,no,no,no,no,yes,False
101233632,BRENTWOOD POLICE DEPT,201600014960,Davidson,Nashville,5/25/2016 6:00:00 PM,2,0,0,36.038990,-86.782580,OLD HICKORY BLVD,,,,0.00,,,I65 N EXT RAMP,,,,0.00,Y,Four-Way, ,,None,,,         ,Jeff,Moorehead,,,no,no,no,no,no,False
101233640,METROPOLITAN NASHVILLE POLICE DEPT,20160469940,Davidson,Nashville,5/24/2016 5:13:00 PM,2,0,0,36.255010,-86.715230,GALLATIN PKES,,,,0.00,,,MADISON BLVD,,,,0.00,Y,Four-Way,Y,Intersection,None,,,         ,Samuel,Miller,Clear,Angle,no,no,no,no,no,False
101233641,METROPOLITAN NASHVILLE POLICE DEPT,20160476678,Davidson,Nashville,5/26/2016 4:17:00 PM,2,0,0,36.231580,-86.781180,EWING DR,,,,100.00,Feet,East,BRICK CHURCH PKE,,,,0.00,N,Not at Intersection,N,Non-Junction,None,,,         ,Samuel,Miller,Cloudy,Rear to Side,no,no,no,no,yes,False
101233642,METROPOLITAN NASHVILLE POLICE DEPT,20160476765,Davidson,Nashville,5/26/2016 5:30:00 PM,2,1,0,36.255010,-86.715230,GALLATIN PKES,,,,0.00,,,MADISON BLVD,,,,0.00,Y,Four-Way,Y,Intersection,None,,,         ,Samuel,Miller,Cloudy,Angle,no,no,no,no,no,False
101233643,METROPOLITAN NASHVILLE POLICE DEPT,20160477023,Davidson,Goodlettsville,5/26/2016 7:04:00 PM,2,0,0,36.300770,-86.694820,GALLATIN PKEN,,,,0.00,,,SHEPHERD HILLS DR,,,,0.00,Y,Four-Way, ,Intersection,None,,,         ,Samuel,Miller,Rain,Angle,no,no,no,no,no,False
101233678,METROPOLITAN NASHVILLE POLICE DEPT,20160476580,Davidson,Not in City Limit,5/26/2016 2:35:00 PM,2,1,0,36.272910,-86.689510,MYATT DR,,,,250.00,Feet,North,ANDERSON LN,,,,0.00,N,Not at Intersection,N,Non-Junction,None,,,         ,Samuel,Miller,Cloudy,Front to Rear,no,no,no,no,no,False
101233745,METROPOLITAN NASHVILLE POLICE DEPT,20160479801,Davidson,Nashville,5/26/2016 4:00:00 AM,1,0,0,36.104670,-86.720980,GLENCLIFF RD,,,,231.00,Feet,North,TWIN OAKS DR,,,,0.00,N,Not at Intersection,N,Non-Junction,None,,,         ,John,Joyce,Clear,Not Collision with Motor Vehicle in Transport,no,no,no,yes,yes,False
101233748,METROPOLITAN NASHVILLE POLICE DEPT,20160476298,Davidson,Nashville,5/26/2016 12:00:00 PM,2,0,0,36.169450,-86.779100,GAY ST,,,,130.00,Feet,West,1ST AVN,,,,0.00,N,Not at Intersection,N,Non-Junction,None,,,         ,Nathan,Dungan,Cloudy,Angle,no,no,no,no,yes,False
101233859,METROPOLITAN NASHVILLE POLICE DEPT,20160470372,Davidson,Nashville,5/24/2016 7:12:00 PM,2,0,0,36.252250,-86.693900,NEELYS BEND RD,,,,0.00,,,RANDY RD,,,,0.00,Y,T-Intersection,Y,Intersection,None,,,         ,Samuel,Miller,Clear,Angle,no,no,no,no,no,False
101233863,METROPOLITAN NASHVILLE POLICE DEPT,20160470607,Davidson,Not in City Limit,5/24/2016 8:17:00 PM,2,0,0,36.266950,-86.791730,I 24,,,,0.00,,,,,,,41.35,N,Not at Intersection,N,Non-Junction,None,,,         ,Samuel,Miller,Clear,"Sideswipe, Same Direction",no,no,no,no,yes,False
101233974,METROPOLITAN NASHVILLE POLICE DEPT,2016-0476155,Davidson,Nashville,5/26/2016 1:32:00 PM,2,0,0,0.000000,0.000000,OLD HICKORY,BLVD,,,100.00,Feet,North,OVERTON,ST,,,0.00,N,Not at Intersection,N,Non-Junction,None,,,         ,Jeb,Johnston,Clear,Front to Rear,no,no,no,no,no,False
101233984,METROPOLITAN NASHVILLE POLICE DEPT,2016-0468625,Davidson,Nashville,5/24/2016 8:05:00 AM,2,1,0,36.040010,-86.743480,EDMONDSON PKE,,,,1.00,Feet,North,OLD HICKORY BLVD,,,,0.00,N,Not at Intersection,N,Non-Junction,None,,,         ,Sean,Williams,Clear,Front to Rear,no,no,no,no,yes,False
101233990,METROPOLITAN NASHVILLE POLICE DEPT,2016-0476155,Davidson,Nashville,5/26/2016 12:10:00 PM,2,0,0,36.191120,-86.625380,LEBANON PKE,,,,275.00,Feet,South,BONNABROOK DR,,,,0.00,N,Not at Intersection,N,Non-Junction,None,,,         ,Jeb,Johnston,Clear,Front to Rear,no,no,no,no,no,False
101234043,METROPOLITAN NASHVILLE POLICE DEPT,20160457319,Davidson,Nashville,5/20/2016 7:40:00 AM,2,0,0,36.098980,-86.715530,ANTIOCH PKE,,,,589.00,Feet,East,MCCALL ST,,,,0.00,N,Not at Intersection,N,Non-Junction,None,,,         ,James,Thomas,Rain,Front to Rear,no,no,no,no,no,False
101234076,METROPOLITAN NASHVILLE POLICE DEPT,20160461062,Davidson,Nashville,5/21/2016 2:04:00 PM,2,1,0,36.163080,-86.819750,I 40,,,,0.00,,,,,,,206.35,N,Not at Intersection,N,Non-Junction,None,,,         ,Earnest,Fields,Clear,Front to Rear,no,no,no,no,no,False
101234078,METROPOLITAN NASHVILLE POLICE DEPT,20160465192,Davidson,Nashville,5/23/2016 7:27:00 AM,2,2,0,36.087870,-86.920730,OLD HICKORY BLVD,,,,0.00,,,WOODBURY FALLS DR,,,,0.00,Y,Four-Way,N,Non-Junction,None,,,         ,Christopher,Taylor,Clear,Angle,no,no,no,no,no,False
101234163,METROPOLITAN NASHVILLE POLICE DEPT,2016-0469515,Davidson,Nashville,5/16/2016 2:00:00 PM,2,0,0,36.081090,-86.758300,HARDING PL,,,,16.00,Feet,East,TROUSDALE DR,,,,0.00,N,Not at Intersection, ,Non-Junction,None,,,         ,Sean,Williams,Clear,Front to Rear,no,no,no,no,no,False
101234211,METROPOLITAN NASHVILLE POLICE DEPT,20160476959,Davidson,Nashville,5/26/2016 6:10:00 PM,2,0,0,36.043870,-86.650480,HICKORY HOLLOW PKWY,,,,0.00,,,CROSSINGS PL,,,,0.00,Y,T-Intersection, ,Intersection-Related,None,,,         ,Victoria,Cunningham,Cloudy,"Sideswipe, Same Direction",no,no,no,no,no,False
101234280,METROPOLITAN NASHVILLE POLICE DEPT,20160476433,Davidson,Nashville,5/26/2016 3:30:00 PM,2,0,0,36.141240,-86.814470,VANDERBILT PL,,,,0.00,,,31ST AVS,,,,0.00,Y,T-Intersection, ,,None,,,         ,Charles,Griffin,,,no,no,no,no,no,Campus
101234561,METROPOLITAN NASHVILLE POLICE DEPT,20160462579,Davidson,Nashville,5/22/2016 3:00:00 AM,2,1,0,36.113420,-86.710330,CURREY RD,,,,0.00,,,GLENGARRY DR,,,,0.00,,Not at Intersection,N,Non-Junction,None,,,         ,Ethan,Luffman,Clear,HeadOn,no,no,no,no,yes,False
101234562,METROPOLITAN NASHVILLE POLICE DEPT,20160464539,Davidson,Nashville,5/23/2016 12:11:00 AM,2,1,0,36.109450,-86.728050,BRILEY PKWYN,,,,0.00,,,BRILEY PKWYS,,,,0.00,Y,Four-Way,Y,Intersection,None,,,         ,Ethan,Luffman,Clear,Angle,no,no,no,no,no,False