master_record_number,agency,agency_tracking_number,county,city,collision_date,vehicles_involved,number_injured,number_dead,latitude,longitude,roadway_name,roadway_suffix,roadway_number,roadway_local_id,distance_from_reference,miles-feet_indicator,direction_from_reference,intersection_road_name,intersection_road_name_suffix,intersection_road_number,intersection_local_id,mile_marker,intersection_indicator,intersect_type,interchange_related_indicator,relation_to_junction,work_zone_type,construction_maintenance_zone,construction_maintenance_zone_location,fatal_case_number,officer_first_name,officer_last_name,weather_condition(s),manner_of_crash,pedestrian,bicycle,scooter,parking,hitrun,mou
101233596,METROPOLITAN NASHVILLE POLICE DEPT,20160479848,Davidson,Nashville,5/27/2016 4:39:00 PM,4,0,0,36.115760,-86.781640,I 440,,,,0.00,,,,,,,4.45,N,Not at Intersection, ,Entrance/Exit Ramp Related,None,,,         ,Tien,Nguyen,Cloudy,Front to Rear,no,no,no,no,no,False
101233600,METROPOLITAN NASHVILLE POLICE DEPT,20160479724,Davidson,Nashville,5/27/2016 3:15:00 PM,2,0,0,36.173590,-86.602150,CENTRAL PKE,,,,0.00,,,OLD HICKORY BLVD,,,,0.00,Y,Four-Way, ,,None,,,         ,Alex,Lampley,,,no,no,no,no,no,False
101233605,METROPOLITAN NASHVILLE POLICE DEPT,2016-0479649,Davidson,Nashville,5/27/2016 3:42:00 PM,2,0,0,36.148900,-86.778900,I 40,,,,0.00,,,,,,,209.90,N,Not at Intersection,N,Non-Junction,None,,,         ,Jason,King,Cloudy,Front to Rear,no,no,no,no,no,False
101233607,METROPOLITAN NASHVILLE POLICE DEPT,2016-0478535,Davidson,Antioch,5/27/2016 8:26:00 AM,2,1,0,0.000000,0.000000,MT VIEW RD,RD,,,80.00,Feet,South,MURFREESBORO PIKE,PIKE,US70 S,,0.00,N,Not at Intersection,N,Non-Junction,None,,,         ,William,Whitworth,Cloudy,Front to Rear,no,no,no,no,no,False
101233608,VANDERBILT UNIVERSITY POLICE,16-0479699,Davidson,Nashville,5/27/2016 4:07:00 PM,2,0,0,36.144980,-86.797050,19TH AVS,,,,453.00,Feet,North,EDGEHILL AV,,,,0.00,N,Not at Intersection, ,Non-Junction,None,,,         ,Matthew,Neely,Clear,Rear to Side,no,no,no,yes,no,Campus
101233610,Nashville Airport Police,2016-01378,Davidson,Nashville,5/27/2016 12:00:00 AM,2,0,0,0.000000,0.000000,TERMINAL DRIVE,,,,1000.00,Feet,West,,,,,216.00,N,Not at Intersection, ,Non-Junction,None,,,         ,Ronald,Allen,,Unknown,no,no,no,yes,yes,False
101233619,METROPOLITAN NASHVILLE POLICE DEPT,20160479922,Davidson,Nashville,5/27/2016 5:59:00 PM,2,1,0,36.229380,-86.758190,BROADMOOR DR,,,,320.00,Feet,East,DICKERSON PKE,,,,0.00,N,Not at Intersection,N,Non-Junction,None,,,         ,Randy,Heinze,Cloudy,Angle,no,no,no,no,no,False
101233631,METROPOLITAN NASHVILLE POLICE DEPT,20160479831,Davidson,Nashville,5/27/2016 5:10:00 PM,2,0,0,36.104320,-86.674360,DONELSON PKE,,,,786.00,Feet,South,MURFREESBORO PKE,,,,0.00,N,Not at Intersection, ,Non-Junction,None,,,         ,Patrick,Taylor,Clear,Front to Rear,no,no,no,no,no,False
101233639,METROPOLITAN NASHVILLE POLICE DEPT,20160479133,Davidson,Not in City Limit,5/27/2016 12:00:00 AM,2,0,0,36.264550,-86.711390,GALLATIN PKEN,,,,104.00,Feet,North,OLD TIME VILLAGE PVTDR,,,,0.00,N,Not at Intersection, ,Non-Junction,None,,,         ,Coleman,McKellar,Clear,Angle,no,no,no,no,no,False
101233644,METROPOLITAN NASHVILLE POLICE DEPT,20160479665,Davidson,Goodlettsville,5/27/2016 4:15:00 PM,2,1,0,36.305180,-86.692460,THE SHOPPES AT RIVERGATE PVTDR,,,,0.00,,,,,,,0.00,,,N,Non-Junction,None,,,         ,Samuel,Miller,Cloudy,Angle,no,no,no,yes,no,False
101233646,METROPOLITAN NASHVILLE POLICE DEPT,20160479772,Davidson,Nashville,5/27/2016 4:56:00 PM,3,2,0,36.084410,-86.737950,ELYSIAN FIELDS RD,,,,40.00,Feet,East,COVENTRY CT,,,,0.00,N,Not at Intersection,N,Non-Junction,None,,,         ,Jacob,Masteller,Clear,Angle,no,no,no,no,no,False
101233649,METROPOLITAN NASHVILLE POLICE DEPT,20160479781,Davidson,Nashville,5/27/2016 5:00:00 PM,3,1,0,36.184410,-86.773730,HANCOCK ST,,,,0.00,,,DICKERSON PKE,,,,0.00,Y,T-Intersection,N,Intersection,None,,,         ,Charles,Wakefield,Clear,Front to Rear,no,no,no,no,yes,False
101233650,METROPOLITAN NASHVILLE POLICE DEPT,20160479900,Davidson,Nashville,5/27/2016 11:20:00 AM,1,0,0,36.024990,-86.713010,NOLENSVILLE PKE,,,,174.00,Feet,South,LENOX VILLAGE DR,,,,0.00,N,Not at Intersection, ,OtherLocation,None,,,         ,Megan,Lamon,Clear,Not Collision with Motor Vehicle in Transport,no,no,no,yes,yes,False
101233671,METROPOLITAN NASHVILLE POLICE DEPT,20160479991,Davidson,Goodlettsville,5/27/2016 4:57:00 PM,2,0,0,36.285580,-86.727980,I 65,,,,0.00,,,,,,,93.80,N,Not at Intersection, ,,None,,,         ,Jerry,Pirtle,,,no,no,no,no,no,False
101233674,METROPOLITAN NASHVILLE POLICE DEPT,20160479968,Davidson,Nashville,5/27/2016 6:04:00 PM,3,0,0,36.045520,-86.711690,OLD HICKORY BLVD,,,,467.00,Feet,East,NOLENSVILLE PKE,,,,0.00,N,Not at Intersection,N,Non-Junction,None,,,         ,Alyson,Cook,Clear,Front to Rear,no,no,no,no,no,False
101233682,METROPOLITAN NASHVILLE POLICE DEPT,20160479468,Davidson,Nashville,5/27/2016 3:11:00 PM,2,0,0,36.142020,-86.711610,I 40,,,,0.00,,,,,,,214.10,N,Not at Intersection,N,Non-Junction,None,,,         ,Mikala,Moore,Clear,Front to Rear,no,no,no,no,yes,False
101233687,METROPOLITAN NASHVILLE POLICE DEPT,20160479760,Davidson,Nashville,5/27/2016 4:40:00 PM,4,0,0,36.043060,-86.690100,BELL RD,,,,998.00,Feet,East,BENZING RD,,,,0.00,N,Not at Intersection,N,Non-Junction,None,,,         ,Darryl,Williams,Clear,Angle,no,no,no,no,yes,False
101233688,METROPOLITAN NASHVILLE POLICE DEPT,20160480083,Davidson,Nashville,5/27/2016 6:40:00 PM,1,0,0,36.077180,-86.671420,FRANKLIN LIMESTONE RD,,,,402.00,Feet,North,BILLINGSGATE RD,,,,0.00,N,Not at Intersection,N,Non-Junction,None,,,         ,Oscar,Gomez,Cloudy,Not Collision with Motor Vehicle in Transport,no,no,no,no,no,False
101233690,METROPOLITAN NASHVILLE POLICE DEPT,20160479510,Davidson,Goodlettsville,5/27/2016 3:20:00 PM,2,0,0,36.292870,-86.719640,I 65,,,,0.00,,,,,,,94.50,N,Not at Intersection,N,Non-Junction,None,,,         ,Jessica,Ware,Cloudy,Front to Rear,no,no,no,no,no,False
101233694,METROPOLITAN NASHVILLE POLICE DEPT,20160479676,Davidson,Nashville,5/27/2016 4:11:00 PM,2,0,0,36.200950,-86.739940,GALLATIN PKE,,,,0.00,Feet,,BURCHWOOD AV,,,,0.00,Y,T-Intersection, ,Intersection,None,,,         ,Joshua,Lackey,Cloudy,Angle,no,no,no,no,no,False
101233698,METROPOLITAN NASHVILLE POLICE DEPT,20160480087,Davidson,Nashville,5/27/2016 12:00:00 AM,2,0,0,0.000000,0.000000,HAMILTON CREEK,RD,US0,,300.00,Feet,South,HAMILTON CREEK,RD,US0,,0.00,N,Not at Intersection,N,Non-Junction,None,,,         ,Patrick,Taylor,Clear,Unknown,no,no,no,yes,yes,False
101233701,METROPOLITAN NASHVILLE POLICE DEPT,20160479478,Davidson,Nashville,5/27/2016 2:58:00 PM,2,0,0,36.158290,-86.771890,KOREAN VETERANS BLVD,,,,0.00,,,1ST AVS,,,,0.00,Y,Four-Way,N,Intersection,None,,,         ,Michael,Douglas,Cloudy,Angle,no,no,no,no,no,False
101233705,METROPOLITAN NASHVILLE POLICE DEPT,20160479949,Davidson,Goodlettsville,5/27/2016 5:50:00 PM,2,1,0,36.300520,-86.697590,RIVERGATE MALL PVTDR,,,,57.00,Feet,West,CUDE LN,,,,0.00,N,Not at Intersection,N,Non-Junction,None,,,         ,Broderick,Jones,Clear,Front to Rear,no,no,no,no,no,False
101233709,METROPOLITAN NASHVILLE POLICE DEPT,20160480049,Davidson,Nashville,5/27/2016 12:00:00 AM,2,0,0,36.150610,-86.694030,ELM HILL PKE,,,,428.00,Feet,West,SANBORN DR,,,,0.00,N,Not at Intersection,N,Non-Junction,None,,,         ,Craig,Gentry,Clear,Unknown,no,no,no,yes,yes,False
101233712,METROPOLITAN NASHVILLE POLICE DEPT,20160479841,Davidson,Nashville,5/27/2016 5:26:00 PM,2,1,0,36.177780,-86.805940,14TH AVN,,,,0.00,Feet,,WHELESS ST,,,,0.00,Y,Four-Way,N,Intersection,None,,,         ,Khalid,Abbady,Clear,Angle,no,no,no,no,no,False
101233714,METROPOLITAN NASHVILLE POLICE DEPT,20160479726,Davidson,Nashville,5/27/2016 4:08:00 PM,2,0,0,36.157440,-86.770530,PEABODY ST,,,,0.00,,,HERMITAGE AV,,,,0.00,Y,Four-Way, ,Intersection,None,,,         ,Michael,Douglas,Cloudy,Angle,no,no,no,no,no,False
101233721,METROPOLITAN NASHVILLE POLICE DEPT,20160480255,Davidson,Nashville,5/27/2016 7:45:00 PM,2,0,0,36.063630,-86.710940,MADELINE DR,,,,25.00,Feet,South,FAIRLANE DR,,,,0.00,N,Not at Intersection, ,Non-Junction,None,,,         ,Sharissa,Perez,Clear,HeadOn,no,no,no,no,yes,False
101233738,GOODLETTSVILLE POLICE DEPT,16-19173,Davidson,Goodlettsville,5/27/2016 8:35:00 PM,2,0,0,36.306580,-86.703460,RIVERGATE,PKWY,,,100.00,Feet,West,WADE,CIR,,,0.00,N,Not at Intersection, ,Non-Junction,None,,,         ,Jeremy,Baker,Cloudy,Front to Rear,no,no,no,no,no,False
101233740,METROPOLITAN NASHVILLE POLICE DEPT,20160480395,Davidson,Nashville,5/27/2016 8:50:00 PM,2,0,0,36.039860,-86.781040,I65 N EXT RAMP,,,,0.00,Feet,East,I 65,,,,0.00,N,Not at Intersection, ,Non-Junction,None,,,         ,Tien,Nguyen,Clear,"Sideswipe, Same Direction",no,no,no,no,no,False
101233763,METROPOLITAN NASHVILLE POLICE DEPT,20160479788,Davidson,Nashville,5/27/2016 4:15:00 PM,2,0,0,36.200550,-86.620930,OLD HICKORY BLVD,,,,0.00,,,PLANTATION DR,,,,0.00,Y,T-Intersection, ,Intersection,None,,,         ,Alex,Lampley,Cloudy,Angle,no,no,no,no,no,False
101233766,METROPOLITAN NASHVILLE POLICE DEPT,20160480099,Davidson,Nashville,5/27/2016 6:19:00 PM,2,0,0,36.180680,-86.725730,BARCLAY DR,,,,3.00,Feet,East,RIVERSIDE DR,,,,0.00,N,Not at Intersection,N,Non-Junction,None,,,         ,Joshua,Lackey,Clear,Front to Rear,no,no,no,no,yes,False
101233768,METROPOLITAN NASHVILLE POLICE DEPT,20160479640,Davidson,Nashville,5/27/2016 4:06:00 PM,5,0,0,36.184150,-86.798110,I 65,,,,0.00,,,,,,,85.30,N,Not at Intersection,N,Non-Junction,None,,,         ,Michael,Brooks,Cloudy,Front to Rear,no,no,no,no,yes,False
101233769,METROPOLITAN NASHVILLE POLICE DEPT,20160479961,Davidson,Nashville,5/27/2016 6:09:00 PM,1,0,0,36.233410,-86.819610,BRILEY PKWYW,,,,166.00,Feet,West,BRILEY PKWY E EXT RAMP,,,,0.00,N,Not at Intersection,N,Non-Junction,None,,,         ,Michael,Brooks,Rain,Not Collision with Motor Vehicle in Transport,no,no,no,no,no,False
101233770,METROPOLITAN NASHVILLE POLICE DEPT,20160479970,Davidson,Not in City Limit,5/27/2016 6:16:00 PM,1,0,0,36.282840,-86.877610,CLARKSVILLE PKE,,,,197.00,Feet,South,CANTARUTTI RD,,,,0.00,N,Not at Intersection,N,Non-Junction,None,,,         ,Michael,Brooks,Unknown,Not Collision with Motor Vehicle in Transport,no,no,no,no,yes,False
101233771,METROPOLITAN NASHVILLE POLICE DEPT,20160480349,Davidson,Nashville,5/27/2016 8:42:00 PM,2,0,0,36.218390,-86.803650,WHITES CREEK PKE,,,,103.00,Feet,North,MOORMANS ARM RD,,,,0.00,N,Not at Intersection,N,Non-Junction,None,,,         ,Michael,Brooks,Cloudy,Angle,no,no,no,no,no,False
101233773,METROPOLITAN NASHVILLE POLICE DEPT,20160480212,Davidson,Nashville,5/27/2016 7:52:00 PM,2,0,0,36.141530,-86.671150,I 40,,,,0.00,,,,,,,215.00,N,Not at Intersection,N,Non-Junction,None,,,         ,Jaby,Djabbarov,Clear,Front to Rear,no,no,no,no,no,False
101233778,METROPOLITAN NASHVILLE POLICE DEPT,20160479951,Davidson,Antioch,5/27/2016 6:06:00 PM,4,0,0,36.025470,-86.587420,MURFREESBORO RD,,,,437.00,Feet,North,WALDRON RD,,,,0.00,N,Not at Intersection,N,Non-Junction,None,,,         ,Tamara,Zurawski,Clear,Front to Rear,no,no,no,no,yes,False
101233816,BELLE MEADE POLICE DEPT,16-0140,Davidson,Belle Meade,5/27/2016 10:32:00 PM,2,0,0,36.093050,-86.848750,HARDING PL,,,,0.00,,,LYNNWOOD BLVD,,,,0.00,Y,Four-Way, ,Intersection-Related,None,,,         ,David,Wright,Clear,Front to Rear,no,no,no,no,no,False
101233827,METROPOLITAN NASHVILLE POLICE DEPT,2016-0478174,Davidson,Nashville,5/27/2016 4:07:00 AM,1,0,0,36.247050,-86.748880,SKYLINE MEMORIAL CT,,,,0.00,,,,,,,0.00,,Not at Intersection,N,Non-Junction,None,,,         ,Patrick,McGinnis,Clear,Not Collision with Motor Vehicle in Transport,no,no,no,yes,yes,False
101233850,METROPOLITAN NASHVILLE POLICE DEPT,20160480799,Davidson,Madison,5/28/2016 12:02:00 AM,2,0,0,36.261780,-86.704880,MAPLE ST,,,,108.00,Feet,East,4TH AV,,,,0.00,N,Not at Intersection, ,Non-Junction,None,,,         ,Brenton,Adcox,Clear,Rear to Side,no,no,no,no,yes,False
101233862,METROPOLITAN NASHVILLE POLICE DEPT,20160480703,Davidson,Not in City Limit,5/27/2016 11:25:00 PM,1,0,0,36.098670,-86.985120,BUFFALO RD,,,,0.00,,,,,,,0.00,,,N,Non-Junction,None,,,         ,Geoffrey,Daugherty,Clear,Not Collision with Motor Vehicle in Transport,no,no,no,yes,no,False
101233874,METROPOLITAN NASHVILLE POLICE DEPT,20160480774,Davidson,Nashville,5/27/2016 9:45:00 PM,1,0,0,0.000000,0.000000,BUFFALO,RD,,,500.00,Feet,North,CHARLOTTE,PIKE,,,0.00,N,Not at Intersection,N,Non-Junction,None,,,         ,Stephen,Waterman,Clear,Not Collision with Motor Vehicle in Transport,no,no,no,no,no,False
101233922,METROPOLITAN NASHVILLE POLICE DEPT,20160481058,Davidson,Not in City Limit,5/28/2016 2:28:00 AM,1,0,0,36.260660,-86.757720,DICKERSON PKE,,,,0.00,,,,,,,0.00,,,N,Non-Junction,None,,,         ,Patrick,McGinnis,Clear,Not Collision with Motor Vehicle in Transport,no,no,no,no,no,False
101233932,METROPOLITAN NASHVILLE POLICE DEPT,20160480729,Davidson,Nashville,5/27/2016 11:33:00 PM,2,0,0,36.082030,-86.761520,HARDING PL,,,,59.00,Feet,East,SIDCO DR,,,,0.00,N,Not at Intersection,N,Non-Junction,None,,,         ,Joshua,Billotte,Cloudy,"Sideswipe, Same Direction",no,no,no,no,no,False
101233933,METROPOLITAN NASHVILLE POLICE DEPT,20160481050,Davidson,Nashville,5/28/2016 3:49:00 AM,2,0,0,36.206160,-86.773830,I65 N EXT RAMP,,,,0.00,,,W TRINITY LN,,,,0.00,Y,T-Intersection, ,Intersection-Related,None,,,         ,Edward,Conrads,Cloudy,"Sideswipe, Same Direction",no,no,no,no,yes,False
101233942,METROPOLITAN NASHVILLE POLICE DEPT,20160481101,Davidson,Nashville,5/28/2016 12:00:00 AM,3,0,0,36.140140,-86.730890,I 24,,,,0.00,,,,,,,51.55,N,Not at Intersection,Y,Entrance/Exit Ramp Related,None,,,         ,Douglas,Sykes,Clear,Other,no,no,no,no,yes,False
101233946,METROPOLITAN NASHVILLE POLICE DEPT,20160478303,Davidson,Nashville,5/27/2016 6:30:00 AM,3,2,0,36.140580,-86.722250,I 40,,,,0.00,,,,,,,213.50,N,Not at Intersection,N,Non-Junction,None,,,         ,Curtis,Fisher,Clear,Front to Rear,no,no,no,no,no,False
101233950,METROPOLITAN NASHVILLE POLICE DEPT,20160478256,Davidson,Nashville,5/27/2016 12:00:00 AM,2,1,0,36.171090,-86.688890,BRILEY PKWYS,,,,0.00,,,BRILEY PKWY S EXT RAMP,,,,0.00,Y,OTHER,N,Entrance/Exit Ramp Related,None,,,         ,Austin,Childress,Clear,"Sideswipe, Same Direction",no,no,no,no,no,False
101233953,VANDERBILT UNIVERSITY POLICE,16-0480990,Davidson,Nashville,5/28/2016 1:40:00 AM,2,0,0,36.144540,-86.799780,21ST AVS,,,,160.00,Feet,North,EDGEHILL AV,,,,0.00,N,Not at Intersection, ,Non-Junction,None,,,         ,Olivia,Oliver,Clear,Rear to Rear,no,no,no,yes,no,Campus
101233955,METROPOLITAN NASHVILLE POLICE DEPT,20160481173,Davidson,Nashville,5/28/2016 3:59:00 AM,2,0,0,36.151340,-86.768360,2ND AVS,,,,0.00,,,I40 E ENT RAMP,,,,0.00,Y,Four-Way, ,Intersection,None,,,         ,Leonard,Spadavecchia,Clear,Angle,no,no,no,no,no,False
101233957,METROPOLITAN NASHVILLE POLICE DEPT,2016-0480997,Davidson,Nashville,5/28/2016 12:00:00 AM,2,0,0,36.175530,-86.756990,S 9TH ST,,,,171.00,Feet,South,MAIN ST,,,,0.00,N,Not at Intersection,N,Non-Junction,None,,,         ,Wallis,Massey,Clear,"Sideswipe, Same Direction",no,no,no,no,yes,False
101233960,METROPOLITAN NASHVILLE POLICE DEPT,20160480689,Davidson,Nashville,5/27/2016 11:26:00 PM,3,0,0,36.182710,-86.768660,GRACE ST,,,,0.00,,,MERIDIAN ST,,,,0.00,Y,OTHER,N,Unknown,None,,,         ,Harris,Smith,Clear,"Sideswipe, Same Direction",no,no,no,no,yes,False
101233972,GOODLETTSVILLE POLICE DEPT,16-19137,Davidson,Goodlettsville,5/27/2016 12:47:00 PM,1,5,0,36.324985,-86.705990,,,I65,,300.00,Feet,South,,,,,97.00,N,Not at Intersection,Y,Entrance/Exit Ramp Related,None,,,         ,George,Forbes,Clear,Not Collision with Motor Vehicle in Transport,no,no,no,no,no,False
101233981,METROPOLITAN NASHVILLE POLICE DEPT,20160477959,Davidson,Not in City Limit,5/27/2016 2:44:00 AM,1,0,0,36.282510,-86.837610,WHITES CREEK PKE,,,,1207.00,Feet,South,TRANHAM RD,,,,0.00,N,Not at Intersection,N,Non-Junction,None,,,         ,James,Murphy,Fog,Not Collision with Motor Vehicle in Transport,no,no,no,no,no,False
101233983,METROPOLITAN NASHVILLE POLICE DEPT,20160479251,Davidson,Nashville,5/27/2016 1:10:00 PM,2,0,0,36.191560,-86.785940,I 65,,,,0.00,,,,,,,86.00,N,Not at Intersection,N,Non-Junction,None,,,         ,James,Wray,Clear,Front to Rear,no,no,no,no,no,False
101233991,METROPOLITAN NASHVILLE POLICE DEPT,20160479277,Davidson,Nashville,5/27/2016 12:30:00 PM,2,0,0,36.182240,-86.799240,I65 N EXT RAMP,,,,200.00,Feet,North,I 65,,,,0.00,N,Not at Intersection, ,Entrance/Exit Ramp Related,None,,,         ,Garren,Hoskins,Clear,Front to Rear,no,no,no,no,yes,False
101233994,METROPOLITAN NASHVILLE POLICE DEPT,20160481165,Davidson,Madison,5/28/2016 4:15:00 AM,1,0,0,36.264800,-86.732260,N GRAYCROFT AV,,,,128.00,Feet,North,OLD HICKORY BLVDW,,,,0.00,N,Not at Intersection,N,Non-Junction,None,,,         ,Devon,Morgan,Clear,Not Collision with Motor Vehicle in Transport,no,no,no,no,no,False
101233997,METROPOLITAN NASHVILLE POLICE DEPT,2016-0479107,Davidson,Nashville,5/27/2016 12:06:00 PM,2,0,0,36.147300,-86.757920,LAFAYETTE ST,,,,0.00,,,FAIRFIELD AV,,,,0.00,Y,Four-Way, ,Intersection,None,,,         ,Jeb,Johnston,Cloudy,Angle,no,no,no,no,no,False
101234008,METROPOLITAN NASHVILLE POLICE DEPT,20160481302,Davidson,Nashville,5/28/2016 5:00:00 AM,2,0,0,36.155910,-86.827520,I 40,,,,0.00,,,,,,,205.65,N,Not at Intersection,N,Non-Junction,None,,,         ,Gregory,McDaniel,Clear,"Sideswipe, Same Direction",no,no,no,no,yes,False
101234012,METROPOLITAN NASHVILLE POLICE DEPT,20160481314,Davidson,Nashville,5/28/2016 6:00:00 AM,2,0,0,36.086910,-86.648680,UNA ANTIOCH PKE,,,,0.00,Feet,,NASHBORO BLVD,,,,0.00,Y,Four-Way,N,Intersection-Related,None,,,         ,Roderic,Williams,Cloudy,Front to Rear,no,no,no,no,yes,False
101234017,METROPOLITAN NASHVILLE POLICE DEPT,2016-0478870,Davidson,Nashville,5/27/2016 10:16:00 AM,2,1,0,36.140630,-86.721330,I 40,,,,0.00,,,,,,,213.55,N,Not at Intersection,N,Non-Junction,None,,,         ,Jeb,Johnston,Clear,"Sideswipe, Same Direction",no,no,no,no,no,False
101234061,METROPOLITAN NASHVILLE POLICE DEPT,20160481629,Davidson,Nashville,5/28/2016 12:00:00 AM,2,0,0,36.146040,-86.840550,45TH AVN,,,,174.00,Feet,North,WYOMING AV,,,,0.00,N,Not at Intersection,N,Non-Junction,None,,,         ,Gregory,McDaniel,Clear,Unknown,no,no,no,no,yes,False
101234065,GOODLETTSVILLE POLICE DEPT,16-19226,Davidson,Goodlettsville,5/28/2016 9:34:00 AM,2,2,0,36.323554,-86.701177,CONFERENCE,DR,,,0.00,,,NORTHGATE,CIR,,,0.00,Y,Four-Way,N,Intersection,None,,,         ,Brian,Hajdu,Cloudy,Angle,no,no,no,no,no,False
101234066,METROPOLITAN NASHVILLE POLICE DEPT,20160481597,Davidson,Nashville,5/28/2016 12:30:00 AM,1,0,0,36.070960,-86.671500,DOWDY DR,,,,0.00,,,TERRAGON TRL,,,,0.00,Y,T-Intersection, ,Non-Junction,None,,,         ,Thomas,White,Clear,Not Collision with Motor Vehicle in Transport,no,no,no,no,yes,False
101234067,METROPOLITAN NASHVILLE POLICE DEPT,20160481506,Davidson,Nashville,5/28/2016 9:00:00 AM,1,0,0,36.187250,-86.862430,BRILEY PKWYN,,,,108.00,Feet,South,BRILEY PKWYS,,,,0.00,N,Not at Intersection,N,Non-Junction,None,,,         ,Alan,Jordan,Clear,Not Collision with Motor Vehicle in Transport,no,no,no,no,no,False
101234069,METROPOLITAN NASHVILLE POLICE DEPT,20160479283,Davidson,Nashville,5/27/2016 1:20:00 PM,2,0,0,36.165640,-86.778640,3RD AVN,,,,0.00,,,UNION ST,,,,0.00,Y,Four-Way,N,Intersection,None,,,         ,Daniel,Russett,Clear,Front to Rear,no,no,no,no,yes,False
101234072,METROPOLITAN NASHVILLE POLICE DEPT,2016-0479012,Davidson,Nashville,5/27/2016 11:35:00 AM,2,2,0,36.156010,-86.788850,BROADWAY,,,,0.00,,,13TH AVS,,,,0.00,Y,Four-Way,N,Intersection,None,,,         ,Paul,Sorace,Clear,Angle,no,no,no,no,no,False
101234081,METROPOLITAN NASHVILLE POLICE DEPT,20160479363,Davidson,Nashville,5/27/2016 2:00:00 PM,1,0,0,36.168520,-86.759820,SHELBY AV,,,,84.00,Feet,West,S 6TH ST,,,,0.00,N,Not at Intersection,N,Non-Junction,None,,,         ,Steven,Spillers,Clear,Not Collision with Motor Vehicle in Transport,no,no,no,yes,no,False
101234084,METROPOLITAN NASHVILLE POLICE DEPT,20160481763,Davidson,Nashville,5/28/2016 11:17:00 AM,2,0,0,36.142330,-86.792060,VILLA PL,,,,333.00,Feet,South,EDGEHILL AV,,,,0.00,N,Not at Intersection, ,Non-Junction,None,,,         ,Eric,Harvey,Cloudy,Angle,no,no,no,no,no,False
101234091,METROPOLITAN NASHVILLE POLICE DEPT,20160481767,Davidson,Nashville,5/28/2016 11:26:00 AM,2,0,0,36.150130,-86.784310,I 40,,,,0.00,,,,,,,209.60,N,Not at Intersection, ,Non-Junction,None,,,         ,Seth,Quiles,Cloudy,"Sideswipe, Same Direction",no,no,no,no,yes,False
101234108,METROPOLITAN NASHVILLE POLICE DEPT,20160481835,Davidson,Nashville,5/28/2016 12:00:00 PM,1,0,0,36.159410,-86.760470,I 24,,,,0.00,,,,,,,49.50,N,Not at Intersection,N,Non-Junction,None,,,         ,Kendra,Cowper,Cloudy,Not Collision with Motor Vehicle in Transport,no,no,no,no,no,False
101234109,METROPOLITAN NASHVILLE POLICE DEPT,20160481705,Davidson,Nashville,5/28/2016 10:54:00 AM,1,1,0,36.117060,-86.882510,DAVIDSON RD,,,,0.00,,,BROWNLEE DR,,,,0.00,Y,Four-Way,N,Intersection,None,,,         ,Michael,Pyle,Cloudy,Not Collision with Motor Vehicle in Transport,yes,no,no,no,no,False
101234112,METROPOLITAN NASHVILLE POLICE DEPT,20160481737,Davidson,Nashville,5/28/2016 11:10:00 AM,2,3,0,36.231320,-86.783020,I 24,,,,0.00,,,,,,,44.05,N,Not at Intersection,N,Non-Junction,None,,,         ,Tyler,Maupin,Cloudy,Front to Rear,no,no,no,no,no,False
101234115,METROPOLITAN NASHVILLE POLICE DEPT,20160481824,Davidson,Nashville,5/28/2016 12:05:00 PM,1,0,0,36.142270,-86.735570,I 40,,,,0.00,,,,,,,212.80,N,Not at Intersection,N,Non-Junction,None,,,         ,Richard,Hyatt,Cloudy,Not Collision with Motor Vehicle in Transport,no,no,no,no,no,False
101234134,METROPOLITAN NASHVILLE POLICE DEPT,20160481723,Davidson,Nashville,5/28/2016 10:56:00 AM,2,0,0,36.150150,-86.857950,WHITE BRIDGE PKE,,,,0.00,Feet,,CHARLOTTE PKE,,,,0.00,Y,Four-Way,N,Intersection-Related,None,,,         ,Gregory,McDaniel,Clear,Front to Rear,no,no,no,no,no,False
101234135,METROPOLITAN NASHVILLE POLICE DEPT,2016-0481632,Davidson,Madison,5/28/2016 10:10:00 AM,2,0,0,36.269080,-86.685910,ARCHWOOD DR,,,,350.00,Feet,North,ROOSEVELT AV,,,,0.00,N,Not at Intersection,N,"Driveway, Alley Access, etc",None,,,         ,Terrence,Bradley,Clear,Angle,no,no,no,no,yes,False
101234147,METROPOLITAN NASHVILLE POLICE DEPT,2016-0481889,Davidson,Nashville,5/28/2016 11:55:00 AM,2,0,0,36.132700,-86.893260,CHARLOTTE PKE,,,,46.00,Feet,East,I40 E ENT RAMP,,,,0.00,N,Not at Intersection, ,Non-Junction,Construction Zone,,,         ,Douglas,Atwood,Cloudy,Front to Rear,no,no,no,no,no,False
101234161,METROPOLITAN NASHVILLE POLICE DEPT,20160481532,Davidson,Antioch,5/28/2016 1:45:00 AM,1,0,0,36.067040,-86.673050,MCBRIDE RD,,,,225.00,Feet,North,IRMA DR,,,,0.00,N,Not at Intersection,N,Non-Junction,None,,,         ,Roderic,Williams,Cloudy,Not Collision with Motor Vehicle in Transport,no,no,no,no,no,False
101234166,METROPOLITAN NASHVILLE POLICE DEPT,20160481859,Davidson,Nashville,5/28/2016 11:40:00 AM,2,0,0,36.156580,-86.787480,12TH AVS,,,,0.00,,,BROADWAY,,,,0.00,Y,OTHER,N,Non-Junction,None,,,         ,Pedro,Rivera Chaparro,Clear,Unknown,no,no,no,yes,yes,False