master_record_number,agency,agency_tracking_number,county,city,collision_date,vehicles_involved,number_injured,number_dead,latitude,longitude,roadway_name,roadway_suffix,roadway_number,roadway_local_id,distance_from_reference,miles-feet_indicator,direction_from_reference,intersection_road_name,intersection_road_name_suffix,intersection_road_number,intersection_local_id,mile_marker,intersection_indicator,intersect_type,interchange_related_indicator,relation_to_junction,work_zone_type,construction_maintenance_zone,construction_maintenance_zone_location,fatal_case_number,officer_first_name,officer_last_name,weather_condition(s),manner_of_crash,pedestrian,bicycle,scooter,parking,hitrun,mou
101236754,METROPOLITAN NASHVILLE POLICE DEPT,20160493230,Davidson,Nashville,6/1/2016 12:35:00 PM,2,0,0,36.120530,-86.750020,NOLENSVILLE PKE,,,,0.00,,,I440 E ENT RAMP,,,,0.00,Y,Four-Way,N,Intersection,None,,,         ,Jedidayah,Merriweather,Clear,Front to Rear,no,no,no,no,no,False
101236757,METROPOLITAN NASHVILLE POLICE DEPT,2016-0493106,Davidson,Nashville,6/1/2016 11:45:00 AM,2,0,0,0.000000,0.000000,KOREAN VETERANS BOULEVARD,,,,100.00,Feet,East,8TH AVENUE SOUTH,,,,0.00,N,Not at Intersection, ,Non-Junction,None,,,         ,William,Vincion,Clear,Angle,no,no,no,no,no,False
101236766,METROPOLITAN NASHVILLE POLICE DEPT,20160493457,Davidson,Nashville,6/1/2016 1:10:00 PM,2,0,0,36.137470,-86.778740,ALLOWAY ST,,,,0.00,,,8TH AVS,,,,0.00,Y,T-Intersection, ,Intersection-Related,None,,,         ,Tien,Nguyen,Clear,Angle,no,no,no,no,no,False
101236767,METROPOLITAN NASHVILLE POLICE DEPT,20160492797,Davidson,Nashville,6/1/2016 10:40:00 AM,3,0,0,36.133840,-86.726920,I24E,,,,54.00,Feet,East,I24 W EXT RAMP,,,,0.00,N,Not at Intersection,N,Non-Junction,None,,,         ,Jessie,Meadows,Clear,Front to Rear,no,no,no,no,no,False
101236768,METROPOLITAN NASHVILLE POLICE DEPT,20160493027,Davidson,Nashville,6/1/2016 12:27:00 PM,2,0,0,36.072330,-86.636020,BELL RD,,,,174.00,Feet,North,MURFREESBORO PKE,,,,0.00,N,Not at Intersection,N,Non-Junction,None,,,         ,Jessie,Meadows,Clear,Front to Rear,no,no,no,no,yes,False
101236769,METROPOLITAN NASHVILLE POLICE DEPT,20160493086,Davidson,Nashville,6/1/2016 12:44:00 PM,2,0,0,36.071200,-86.636430,BELL RD,,,,255.00,Feet,South,MURFREESBORO PKE,,,,0.00,N,Not at Intersection, ,Non-Junction,None,,,         ,Jessie,Meadows,Clear,Front to Rear,no,no,no,no,no,False
101236770,METROPOLITAN NASHVILLE POLICE DEPT,20160493260,Davidson,Nashville,6/1/2016 1:26:00 PM,2,0,0,36.074940,-86.724890,NOLENSVILLE PKE,,,,45.00,Feet,South,FLORA MAXWELL RD,,,,0.00,N,Not at Intersection,N,Non-Junction,None,,,         ,Jessie,Meadows,Clear,Angle,no,no,no,no,no,False
101236771,METROPOLITAN NASHVILLE POLICE DEPT,20160493446,Davidson,Nashville,6/1/2016 2:34:00 PM,2,0,0,36.096750,-86.708500,I 24,,,,0.00,,,,,,,54.85,N,Not at Intersection, ,,None,,,         ,Jessie,Meadows,,,no,no,no,no,no,False
101236773,METROPOLITAN NASHVILLE POLICE DEPT,2016-0484951,Davidson,Nashville,5/29/2016 9:59:00 PM,2,0,0,36.047370,-86.617820,SUMMERCREST,BLVD,,,0.00,,West,PINEORCHARD,PL,,,0.00,N,Not at Intersection, ,Non-Junction,None,,,         ,Alyson,Cook,Clear,Front to Rear,no,no,no,no,no,False
101236778,METROPOLITAN NASHVILLE POLICE DEPT,2016-0493453,Davidson,Nashville,6/1/2016 1:47:00 PM,2,0,0,36.084580,-86.704540,HARDING PL,,,,348.00,Feet,West,TRAVELERS INN DR,,,,0.00,N,Not at Intersection, ,Non-Junction,None,,,         ,William,Whitworth,Clear,Front to Rear,no,no,no,no,no,False
101236782,METROPOLITAN NASHVILLE POLICE DEPT,20160493649,Davidson,Nashville,6/1/2016 2:47:00 PM,2,0,0,36.157660,-86.790820,I 40,,,,0.00,,,,,,,209.00,N,Not at Intersection, ,Non-Junction,None,,,         ,Charles,Griffin,Clear,Front to Rear,no,no,no,no,no,False
101236792,METROPOLITAN NASHVILLE POLICE DEPT,20160493668,Davidson,Nashville,6/1/2016 3:03:00 PM,2,0,0,36.052040,-86.646050,BENT TREE  PVTDR,,,,463.00,Feet,East,HICKORY HOLLOW TER,,,,0.00,N,Not at Intersection, ,Non-Junction,None,,,         ,David,Hughes,Rain,Rear to Side,no,no,no,yes,yes,False
101236795,METROPOLITAN NASHVILLE POLICE DEPT,20160493497,Davidson,Nashville,6/1/2016 12:00:00 AM,2,0,0,36.175740,-86.791500,MONROE ST,,,,0.00,,,7TH AVN,,,,0.00,Y,OTHER,N,"Driveway, Alley Access, etc",None,,,         ,Andrae,Starling,Clear,Unknown,no,no,no,no,yes,False
101236798,METROPOLITAN NASHVILLE POLICE DEPT,20160493585,Davidson,Nashville,6/1/2016 2:00:00 PM,3,0,0,36.163480,-86.762310,I 24,,,,0.00,,,,,,,49.20,N,Not at Intersection,N,Non-Junction,None,,,         ,Wesley,Feinstein,Clear,Front to Rear,no,no,no,no,no,False
101236803,VANDERBILT UNIVERSITY POLICE,16-0493645,Davidson,Nashville,5/31/2016 12:00:00 AM,2,0,0,36.140290,-86.801580,MEDICAL CENTER DR,,,,212.00,Feet,North,PIERCE AV,,,,0.00,N,Not at Intersection, ,Non-Junction,None,,,         ,Olivia,Oliver,Clear,"Sideswipe, Opposite Direction",no,no,no,yes,yes,Campus
101236805,METROPOLITAN NASHVILLE POLICE DEPT,20160493749,Davidson,Nashville,6/1/2016 3:35:00 PM,1,1,0,36.207460,-86.722950,KIRKLAND AV,,,,0.00,,,RIVERSIDE DR,,,,0.00,Y,T-Intersection,N,Non-Junction,None,,,         ,Joshua,Lippert,Rain,Not Collision with Motor Vehicle in Transport,no,no,no,no,no,False
101236810,METROPOLITAN NASHVILLE POLICE DEPT,2016-0493482,Davidson,Nashville,6/1/2016 1:52:00 PM,2,0,0,36.115250,-86.862780,DAVIDSON RD,,,,0.00,,,POST RD,,,,0.00,Y,Four-Way, ,Non-Junction,None,,,         ,Walter,Gray II,Clear,Angle,no,no,no,no,no,False
101236811,METROPOLITAN NASHVILLE POLICE DEPT,2016-0493675,Davidson,Nashville,6/1/2016 3:02:00 PM,3,0,0,36.125480,-86.848120,WHITE BRIDGE PKE,,,,231.00,Feet,North,HARDING PKE,,,,0.00,N,Not at Intersection, ,Non-Junction,None,,,         ,Walter,Gray II,Clear,Front to Rear,no,no,no,no,no,False
101236813,METROPOLITAN NASHVILLE POLICE DEPT,20160493036,Davidson,Nashville,6/1/2016 11:41:00 AM,2,0,0,36.107790,-86.676870,MURFREESBORO PKE,,,,0.00,,,DELL PKWY,,,,0.00,Y,T-Intersection, ,Intersection,None,,,         ,Jerre,Fly,Clear,Front to Rear,no,no,no,no,no,False
101236829,METROPOLITAN NASHVILLE POLICE DEPT,20160482064,Davidson,Nashville,5/28/2016 1:00:00 PM,2,0,0,36.039900,-86.712780,NOLENSVILLE PKE,,,,0.00,,,MILL CREEK WHITTEMORE GRNWY,,,,0.00,Y,T-Intersection, ,Intersection,None,,,         ,Nicholas,Berens,Clear,Angle,no,no,no,no,yes,False
101236833,METROPOLITAN NASHVILLE POLICE DEPT,20160493869,Davidson,Nashville,6/1/2016 4:16:00 PM,2,0,0,36.137500,-86.799950,WEDGEWOOD AV,,,,240.00,Feet,East,21ST AVS,,,,0.00,N,Not at Intersection, ,Non-Junction,None,,,         ,Tien,Nguyen,Clear,"Sideswipe, Same Direction",no,no,no,no,no,Campus
101236836,METROPOLITAN NASHVILLE POLICE DEPT,20160493769,Davidson,Nashville,6/1/2016 3:44:00 PM,2,2,0,36.142710,-86.776800,I 65,,,,0.00,,,,,,,82.00,N,Not at Intersection,N,Non-Junction,None,,,         ,Charles,Griffin,Clear,Angle,no,no,no,no,no,False
101236838,METROPOLITAN NASHVILLE POLICE DEPT,20160493776,Davidson,Nashville,6/1/2016 3:54:00 PM,2,0,0,36.107690,-86.720400,I24 E ENT RAMP,,,,0.00,Feet,East,I 24,,,,0.00,N,Not at Intersection, ,Entrance/Exit Ramp Related,None,,,         ,Jessie,Meadows,Clear,Front to Rear,no,no,no,no,no,False
101236839,METROPOLITAN NASHVILLE POLICE DEPT,20160493866,Davidson,Nashville,6/1/2016 4:39:00 PM,2,0,0,36.107690,-86.720400,I24 E ENT RAMP,,,,0.00,Feet,East,I 24,,,,0.00,N,Not at Intersection, ,Entrance/Exit Ramp Related,None,,,         ,Jessie,Meadows,Clear,"Sideswipe, Same Direction",no,no,no,no,no,False
101236844,METROPOLITAN NASHVILLE POLICE DEPT,20160493810,Davidson,Nashville,6/1/2016 2:58:00 PM,2,0,0,36.083220,-86.647020,MURFREESBORO PKE,,,,0.00,,,,,,,0.00,,,N,Non-Junction,None,,,         ,Brian,Smith,Clear,Front to Rear,no,no,no,no,no,False
101236856,METROPOLITAN NASHVILLE POLICE DEPT,20160493570,Davidson,Nashville,6/1/2016 2:28:00 PM,2,1,0,36.150970,-86.770490,I40 W EXT RAMP,,,,0.00,Feet,East,4TH AVS,,,,0.00,N,Not at Intersection,N,Entrance/Exit Ramp Related,None,,,         ,Shawn,Taylor,Clear,Front to Rear,no,no,no,no,no,False
101236857,METROPOLITAN NASHVILLE POLICE DEPT,20160493872,Davidson,Not in City Limit,6/1/2016 4:09:00 PM,2,0,0,36.265260,-86.790830,I 24,,,,0.00,,,,,,,41.50,N,Not at Intersection,N,Non-Junction,None,,,         ,Brandon,Rardin,Clear,"Sideswipe, Same Direction",no,no,no,no,yes,False
101236858,METROPOLITAN NASHVILLE POLICE DEPT,20160493831,Davidson,Nashville,6/1/2016 4:02:00 PM,1,1,0,0.000000,0.000000,GLOUCESTER LN,,,,0.00,,,LYNDEBORO CT,,,,0.00,Y,T-Intersection,N,Intersection,None,,,         ,Jeremy,Huffine,Clear,Not Collision with Motor Vehicle in Transport,no,no,no,no,no,False
101236859,METROPOLITAN NASHVILLE POLICE DEPT,20160493840,Davidson,Nashville,6/1/2016 4:07:00 PM,3,0,0,36.062460,-86.771940,I 65,,,,0.00,,,,,,,75.40,N,Not at Intersection, ,Non-Junction,None,,,         ,Tien,Nguyen,Clear,Front to Rear,no,no,no,no,no,False
101236869,METROPOLITAN NASHVILLE POLICE DEPT,20160494042,Davidson,Nashville,6/1/2016 4:55:00 PM,2,0,0,36.151250,-86.794320,18TH AVS,,,,0.00,,,DIVISION ST,,,,0.00,Y,T-Intersection, ,,None,,,         ,Charles,Griffin,,,no,no,no,no,no,False
101236871,METROPOLITAN NASHVILLE POLICE DEPT,20160493988,Davidson,Nashville,6/1/2016 5:04:00 PM,2,0,0,36.091480,-86.696650,ANTIOCH PKE,,,,0.00,,,HARDING INDUSTRIAL DR,,,,0.00,Y,T-Intersection, ,Non-Junction,None,,,         ,David,Hughes,Cloudy,Angle,no,no,no,no,no,False
101236878,METROPOLITAN NASHVILLE POLICE DEPT,20160493915,Davidson,Nashville,6/1/2016 4:34:00 PM,2,0,0,36.072590,-86.647050,EDGE O LAKE DR,,,,108.00,Feet,North,RICE RD,,,,0.00,N,Not at Intersection,N,Non-Junction,None,,,         ,Brandon,Vance,Rain,Angle,no,no,no,no,no,False
101236885,METROPOLITAN NASHVILLE POLICE DEPT,20160487655,Davidson,Nashville,5/30/2016 10:15:00 PM,3,4,0,36.064790,-86.628480,HAMILTON CHURCH RD,,,,0.00,,,MURFREESBORO PKE,,,,0.00,Y,Four-Way,N,Intersection,None,,,         ,David,Hughes,Clear,Front to Rear,no,no,no,no,yes,False
101236899,METROPOLITAN NASHVILLE POLICE DEPT,20160494013,Davidson,Nashville,6/1/2016 5:05:00 PM,2,0,0,36.084320,-86.761750,SIDCO DR,,,,212.00,Feet,South,ELYSIAN FIELDS RD,,,,0.00,N,Not at Intersection, ,Non-Junction,None,,,         ,William,Taylor,Clear,Angle,no,no,no,no,no,False
101236906,METROPOLITAN NASHVILLE POLICE DEPT,20160493619,Davidson,Nashville,6/1/2016 2:15:00 PM,2,0,0,36.171250,-86.750760,SHELBY AV,,,,0.00,,,S 11TH ST,,,,0.00,Y,Four-Way,N,Intersection,None,,,         ,Gregory,Scott,Clear,Angle,no,no,no,no,no,False
101236907,METROPOLITAN NASHVILLE POLICE DEPT,20160494171,Davidson,Nashville,6/1/2016 5:49:00 PM,2,0,0,36.113290,-86.772400,I 65,,,,0.00,,,,,,,80.00,N,Not at Intersection, ,,None,,,         ,Charles,Griffin,,,no,no,no,no,no,False
101236908,METROPOLITAN NASHVILLE POLICE DEPT,20160493807,Davidson,Nashville,6/1/2016 3:56:00 PM,2,0,0,36.209600,-86.732120,SHELTON AV,,,,425.00,Feet,South,GREENFIELD AV,,,,0.00,N,Not at Intersection,N,Non-Junction,None,,,         ,Rachael,Sacco,Cloudy,Rear to Rear,no,no,no,yes,yes,False
101236910,METROPOLITAN NASHVILLE POLICE DEPT,20160494213,Davidson,Nashville,6/1/2016 4:35:00 PM,2,0,0,36.206870,-86.605620,ANDREW JACKSON PKWY,,,,8.00,Feet,North,HIGHLAND VIEW DR,,,,0.00,N,Not at Intersection, ,,None,,,         ,Bradley,McIntyre,,,no,no,no,no,no,False
101236913,METROPOLITAN NASHVILLE POLICE DEPT,20160494184,Davidson,Not in City Limit,6/1/2016 6:10:00 PM,1,0,0,36.105390,-86.930500,I 40,,,,0.00,,,,,,,198.70,N,Not at Intersection,N,Non-Junction,None,,,         ,Ryan,Worstall,Rain,Not Collision with Motor Vehicle in Transport,no,no,no,no,no,False
101236914,METROPOLITAN NASHVILLE POLICE DEPT,20160494195,Davidson,Nashville,6/1/2016 6:09:00 PM,1,0,0,36.045610,-86.719770,OLD HICKORY BLVD,,,,0.00,,,ZERMATT AV,,,,0.00,Y,T-Intersection,N,Intersection-Related,None,,,         ,Tien,Nguyen,Rain,Not Collision with Motor Vehicle in Transport,no,no,no,no,no,False
101236917,METROPOLITAN NASHVILLE POLICE DEPT,20160494215,Davidson,Nashville,6/1/2016 4:59:00 PM,2,0,0,36.184330,-86.610220,ANDREW JACKSON PKWY,,,,278.00,Feet,North,OLD HICKORY BLVD,,,,0.00,N,Not at Intersection,N,Non-Junction,None,,,         ,Mikala,Moore,Rain,HeadOn,no,no,no,no,no,False
101236920,METROPOLITAN NASHVILLE POLICE DEPT,20160493971,Davidson,Nashville,6/1/2016 4:44:00 PM,4,0,0,36.160620,-86.587340,BELL RD,,,,200.00,Feet,West,NEWCASTLE LN,,,,0.00,N,Not at Intersection,N,Non-Junction,None,,,         ,Tyler,Conrads,Clear,Angle,no,no,no,no,no,False
101236922,METROPOLITAN NASHVILLE POLICE DEPT,20160494122,Davidson,Nashville,6/1/2016 5:50:00 PM,2,1,0,36.120050,-86.749780,NOLENSVILLE PKE,,,,188.00,Feet,South,I440 E ENT RAMP,,,,0.00,N,Not at Intersection,N,Non-Junction,None,,,         ,Jacob,Masteller,Clear,Front to Rear,no,no,no,no,no,False
101236923,METROPOLITAN NASHVILLE POLICE DEPT,20160494121,Davidson,Nashville,6/1/2016 5:30:00 PM,2,0,0,36.109410,-86.834690,ABBOTT MARTIN RD,,,,0.00,Feet,East,WALLACE LN,,,,0.00,N,Not at Intersection, ,Non-Junction,None,,,         ,Mark,Hatt,Cloudy,Front to Rear,no,no,no,no,no,False
101236925,METROPOLITAN NASHVILLE POLICE DEPT,20160494299,Davidson,Nashville,6/1/2016 6:47:00 PM,2,0,0,36.094140,-86.706660,I 24,,,,0.00,,,,,,,55.00,N,Not at Intersection, ,Non-Junction,None,,,         ,David,Hughes,Cloudy,Front to Rear,no,no,no,no,yes,False
101236929,METROPOLITAN NASHVILLE POLICE DEPT,20160493943,Davidson,Nashville,6/1/2016 4:31:00 PM,2,0,0,36.146010,-86.667100,ROYAL PKWY,,,,148.00,Feet,West,DONELSON PKE,,,,0.00,N,Not at Intersection,N,Non-Junction,None,,,         ,Mikala,Moore,Clear,Angle,no,no,no,no,yes,False
101236941,METROPOLITAN NASHVILLE POLICE DEPT,20160493928,Davidson,Nashville,6/1/2016 4:19:00 PM,2,0,0,36.174130,-86.750370,FATHERLAND ST,,,,0.00,,,S 11TH ST,,,,0.00,Y,Four-Way, ,Intersection,None,,,         ,Cressie,Prill,Clear,Angle,no,no,no,no,no,False
101236946,METROPOLITAN NASHVILLE POLICE DEPT,20160494333,Davidson,Nashville,6/1/2016 6:49:00 PM,2,0,0,36.083540,-86.761650,SIDCO DR,,,,81.00,Feet,North,CSX DR,,,,0.00,N,Not at Intersection,N,Non-Junction,None,,,         ,Tien,Nguyen,Cloudy,Angle,no,no,no,no,no,False
101236950,METROPOLITAN NASHVILLE POLICE DEPT,20160493985,Davidson,Nashville,6/1/2016 4:45:00 PM,2,0,0,36.161540,-86.599180,BELL RD,,,,610.00,Feet,West,OLD HICKORY BLVD,,,,0.00,N,Not at Intersection,N,Non-Junction,None,,,         ,Codey,Mullins,Cloudy,"Sideswipe, Opposite Direction",no,no,no,no,no,False
101236955,METROPOLITAN NASHVILLE POLICE DEPT,20160494247,Davidson,Nashville,6/1/2016 6:33:00 PM,2,1,0,36.100940,-86.719010,ANTIOCH PKE,,,,288.00,Feet,North,BRIDGEWAY DR,,,,0.00,N,Not at Intersection,N,Non-Junction,None,,,         ,Alyson,Cook,Rain,HeadOn,no,no,no,no,no,False
101236956,METROPOLITAN NASHVILLE POLICE DEPT,20160494290,Davidson,Nashville,6/1/2016 6:33:00 PM,2,0,0,36.154040,-86.796760,18TH AVN,,,,0.00,,,HAYES ST,,,,0.00,Y,Four-Way, ,Intersection,None,,,         ,Charles,Griffin,Rain,Angle,no,no,no,no,no,False
101236958,METROPOLITAN NASHVILLE POLICE DEPT,20160489526,Davidson,Nashville,5/31/2016 12:18:00 PM,5,0,0,36.277420,-86.734700,I 65,,,,0.00,,,,,,,93.15,N,Not at Intersection,N,Non-Junction,None,,,         ,James,Boone,Clear,Not Collision with Motor Vehicle in Transport,no,no,no,no,yes,False
101236962,METROPOLITAN NASHVILLE POLICE DEPT,20160494283,Davidson,Nashville,6/1/2016 6:30:00 PM,2,0,0,36.164790,-86.784370,7TH AVN,,,,0.00,,,CHARLOTTE AV,,,,0.00,Y,Four-Way, ,Intersection-Related,None,,,         ,Michael,Baron,Rain,Angle,no,no,no,no,no,False
101236966,METROPOLITAN NASHVILLE POLICE DEPT,2016490378,Davidson,Nashville,6/1/2016 5:04:00 PM,2,0,0,36.161300,-86.784520,CHURCH ST,,,,0.00,,,9TH AVN,,,,0.00,Y,Four-Way, ,Intersection,None,,,         ,Jacob,Paul,Clear,HeadOn,no,no,no,no,no,False
101236970,METROPOLITAN NASHVILLE POLICE DEPT,20160494417,Davidson,Nashville,6/1/2016 7:42:00 PM,2,0,0,36.161140,-86.784880,CHURCH ST,,,,0.00,,,YMCA WAY,,,,0.00,Y,OTHER, ,Non-Junction,None,,,         ,Jacob,Partin,Rain,Front to Rear,no,no,no,no,no,False
101236975,METROPOLITAN NASHVILLE POLICE DEPT,20160494294,Davidson,Nashville,6/1/2016 12:00:00 AM,2,0,0,36.140740,-86.720250,I 40,,,,0.00,,,,,,,213.60,N,Not at Intersection,Y,Entrance/Exit Ramp Related,Unknown,,,         ,Jason,Thomas,Cloudy,"Sideswipe, Same Direction",no,no,no,no,yes,False
101236976,METROPOLITAN NASHVILLE POLICE DEPT,20160494234,Davidson,Not in City Limit,6/1/2016 6:09:00 PM,1,0,0,36.098750,-86.935590,I 40,,,,0.00,,,,,,,198.10,N,Not at Intersection, ,Non-Junction,None,,,         ,Jeremy,Huffine,Rain,Not Collision with Motor Vehicle in Transport,no,no,no,no,no,False
101236979,METROPOLITAN NASHVILLE POLICE DEPT,20160494328,Davidson,Nashville,6/1/2016 5:55:00 PM,2,0,0,36.128900,-86.786030,LAWRENCE AVE,,,,0.00,,,10TH AVE S,,,,0.00,Y,OTHER, ,Intersection,None,,,         ,Chaz,Pace,Clear,Front to Rear,no,no,no,no,no,False
101236985,BERRY HILL POLICE DEPT,16-1937,Davidson,Nashville,6/1/2016 6:30:00 PM,2,0,0,36.111070,-86.747350,STATE HWY 155,,,,0.00,,,LOUISE DR,,,,0.00,Y,T-Intersection, ,Intersection,None,,,         ,John,Gleixner,Cloudy,HeadOn,no,no,no,no,no,False
101236986,METROPOLITAN NASHVILLE POLICE DEPT,20160494430,Davidson,Nashville,6/1/2016 6:51:00 PM,3,2,0,36.128110,-86.803240,21ST AVS,,,,0.00,,,LINDEN AV,,,,0.00,Y,T-Intersection,N,Intersection,None,,,         ,Charles,Griffin,Cloudy,Front to Rear,no,no,no,no,yes,False
101236987,METROPOLITAN NASHVILLE POLICE DEPT,20160494330,Davidson,Nashville,6/1/2016 7:09:00 PM,1,2,0,36.056080,-86.668410,HICKORY HOLLOW PKWY,,,,1167.00,Feet,South,MT VIEW RD,,,,0.00,N,Not at Intersection,N,Non-Junction,None,,,         ,Oscar,Gomez,Cloudy,Not Collision with Motor Vehicle in Transport,no,no,no,no,no,False
101236991,METROPOLITAN NASHVILLE POLICE DEPT,20160494074,Davidson,Nashville,6/1/2016 5:55:00 PM,2,1,0,36.149820,-86.859400,CHARLOTTE PKE,,,,0.00,,,MIDLAND AV,,,,0.00,Y,Four-Way,N,Intersection-Related,None,,,         ,Ethan,Usherwood,Clear,Angle,no,no,no,no,no,False
101236992,METROPOLITAN NASHVILLE POLICE DEPT,20160494271,Davidson,Nashville,6/1/2016 6:41:00 PM,2,0,0,36.154960,-86.830410,I 40,,,,0.00,,,,,,,205.50,N,Not at Intersection, ,Non-Junction,None,,,         ,Ethan,Usherwood,Rain,"Sideswipe, Same Direction",no,no,no,no,no,False
101237004,METROPOLITAN NASHVILLE POLICE DEPT,20160494316,Davidson,Not in City Limit,6/1/2016 7:03:00 PM,1,1,0,36.084980,-86.939180,SAWYER BROWN RD,,,,75.00,Feet,East,CROSS TIMBERS DR,,,,0.00,N,Not at Intersection,N,Non-Junction,None,,,         ,Jeremy,Huffine,Rain,Not Collision with Motor Vehicle in Transport,no,no,no,no,no,False
101237008,METROPOLITAN NASHVILLE POLICE DEPT,20160494425,Davidson,Nashville,6/1/2016 7:20:00 PM,2,1,0,36.223750,-86.725700,GALLATIN PKE,,,,0.00,,,MCMAHAN AV,,,,0.00,Y,T-Intersection,N,Intersection,None,,,         ,Charles,Wakefield,Clear,Angle,no,no,no,no,no,False
101237010,METROPOLITAN NASHVILLE POLICE DEPT,20160494256,Davidson,Madison,6/1/2016 4:35:00 PM,2,0,0,36.264350,-86.711470,GALLATIN PKEN,,,,27.00,Feet,North,OLD TIME VILLAGE PVTDR,,,,0.00,N,Not at Intersection,N,Non-Junction,None,,,         ,Carlos,Urrutia,Cloudy,Angle,no,no,no,no,no,False
101237027,METROPOLITAN NASHVILLE POLICE DEPT,20160486708,Davidson,Nashville,5/29/2016 1:15:00 PM,2,0,0,36.106030,-86.814560,ABBOTT MARTIN RD,,,,212.00,Feet,West,BANDYWOOD DR,,,,0.00,N,Not at Intersection, ,OtherLocation,None,,,         ,Torian,Cox,Clear,Rear to Side,no,no,no,yes,yes,False
101237045,METROPOLITAN NASHVILLE POLICE DEPT,20160494684,Davidson,Antioch,6/1/2016 9:14:00 PM,2,2,0,36.032770,-86.569530,W NIR SHRIEBMAN RD,,,,418.00,Feet,North,CONSTITUTION AVE,,,,0.00,N,Not at Intersection,N,Non-Junction,None,,,         ,William,Durham,Cloudy,HeadOn,no,no,no,no,no,False
101237054,METROPOLITAN NASHVILLE POLICE DEPT,20160490453,Davidson,Nashville,6/1/2016 12:00:00 AM,3,0,0,36.109960,-86.734840,THOMPSON LN,,,,70.00,Feet,West,WINGATE AV,,,,0.00,N,Not at Intersection, ,Non-Junction,None,,,         ,Ian,Lynch,Clear,Front to Rear,no,no,no,no,yes,False
101237063,METROPOLITAN NASHVILLE POLICE DEPT,20160484490,Davidson,Nashville,5/29/2016 4:59:00 PM,2,0,0,36.069120,-86.729870,WHISPERING HILLS DR,,,,108.00,Feet,South,BONERWOOD DR,,,,0.00,N,Not at Intersection, ,Non-Junction,None,,,         ,Miguel,Garcia,Clear,Angle,no,no,no,yes,no,False
101237066,METROPOLITAN NASHVILLE POLICE DEPT,20160493740,Davidson,Nashville,6/1/2016 3:34:00 PM,2,0,0,36.181260,-86.799920,I 65,,,,0.00,,,,,,,85.10,N,Not at Intersection,N,Non-Junction,None,,,         ,Michael,Brooks,Rain,Front to Rear,no,no,no,no,no,False
101237067,METROPOLITAN NASHVILLE POLICE DEPT,20160494315,Davidson,Nashville,6/1/2016 7:02:00 PM,2,2,0,36.159260,-86.801010,DR D B TODD JR BLVD,,,,0.00,,,PEARL ST,,,,0.00,Y,T-Intersection,Y,Intersection,None,,,         ,Michael,Brooks,Rain,Front to Rear,no,no,no,no,no,False
101237068,METROPOLITAN NASHVILLE POLICE DEPT,20160494571,Davidson,Nashville,6/1/2016 8:40:00 PM,2,1,0,36.231180,-86.782880,I 24,,,,0.00,,,,,,,44.05,N,Not at Intersection,N,Non-Junction,None,,,         ,Michael,Brooks,Clear,"Sideswipe, Same Direction",no,no,no,no,no,False
101237074,METROPOLITAN NASHVILLE POLICE DEPT,2016-0487636,Davidson,Nashville,5/30/2016 9:55:00 PM,2,0,0,36.041170,-86.776550,OLD HICKORY BLVD,,,,50.00,Feet,West,BRENTWOOD COMMONS WAY,,,,0.00,N,Not at Intersection, ,Non-Junction,None,,,         ,William,King,Clear,Front to Rear,no,no,no,no,no,False
101237079,METROPOLITAN NASHVILLE POLICE DEPT,20160493876,Davidson,Not in City Limit,6/1/2016 4:05:00 PM,2,0,0,36.263540,-86.711750,GALLATIN PKEN,,,,180.00,Feet,North,STATE RT 45,,,,0.00,N,Not at Intersection, ,Non-Junction,None,,,         ,Samuel,Miller,Cloudy,Angle,no,no,no,no,no,False
101237080,METROPOLITAN NASHVILLE POLICE DEPT,20160493942,Davidson,Not in City Limit,6/1/2016 4:42:00 PM,4,4,0,36.274390,-86.735550,I 65,,,,0.00,,,,,,,93.00,N,Not at Intersection,N,Non-Junction,None,,,         ,Samuel,Miller,Cloudy,Front to Rear,no,no,no,no,no,False
101237081,METROPOLITAN NASHVILLE POLICE DEPT,20160494853,Davidson,Nashville,6/1/2016 10:02:00 PM,2,0,0,36.068150,-86.632070,MURFREESBORO PKE,,,,363.00,Feet,North,FOREST VIEW DR,,,,0.00,N,Not at Intersection, ,"Driveway, Alley Access, etc",None,,,         ,David,Hughes,Cloudy,Other,no,no,no,yes,yes,False
101237092,METROPOLITAN NASHVILLE POLICE DEPT,20160484933,Davidson,Nashville,5/29/2016 9:12:00 PM,1,0,0,36.088460,-86.636630,FLINTLOCK CT,,,,0.00,,,,,,,0.00,,,N,Non-Junction,None,,,         ,Brian,Smith,Clear,Not Collision with Motor Vehicle in Transport,no,no,no,no,yes,False
101237093,METROPOLITAN NASHVILLE POLICE DEPT,20160494095,Davidson,Nashville,6/1/2016 5:24:00 PM,2,0,0,36.104530,-86.628320,BELL RD,,,,1061.00,Feet,South,NED SHELTON RD,,,,0.00,N,Not at Intersection,N,Non-Junction,None,,,         ,Reuben,Hewit,Unknown,Front to Rear,no,no,no,no,no,False
101237102,METROPOLITAN NASHVILLE POLICE DEPT,20160493249,Davidson,Madison,6/1/2016 12:25:00 PM,2,0,0,0.000000,0.000000,,,I65,,0.10,Miles,North,,,,,91.60,N,Not at Intersection, ,Non-Junction,None,,,         ,Faye,Denson,Clear,"Sideswipe, Same Direction",no,no,no,no,no,False
101237108,THP District 3 - Nashville,316031902,Davidson,Not in City Limit,6/2/2016 12:06:00 AM,1,0,0,36.332070,-86.900930,I 24,,,,0.00,,,,,,,33.00,N,Not at Intersection, ,Non-Junction,None,,,         ,Julio,Lassalle,Rain,Not Collision with Motor Vehicle in Transport,no,no,no,no,no,False