master_record_number,agency,agency_tracking_number,county,city,collision_date,vehicles_involved,number_injured,number_dead,latitude,longitude,roadway_name,roadway_suffix,roadway_number,roadway_local_id,distance_from_reference,miles-feet_indicator,direction_from_reference,intersection_road_name,intersection_road_name_suffix,intersection_road_number,intersection_local_id,mile_marker,intersection_indicator,intersect_type,interchange_related_indicator,relation_to_junction,work_zone_type,construction_maintenance_zone,construction_maintenance_zone_location,fatal_case_number,officer_first_name,officer_last_name,weather_condition(s),manner_of_crash,pedestrian,bicycle,scooter,parking,hitrun,mou
101237111,METROPOLITAN NASHVILLE POLICE DEPT,20160494830,Davidson,Not in City Limit,6/1/2016 9:45:00 PM,2,0,0,36.076740,-86.945290,SAWYER BROWN RD,,,,56.00,Feet,South,HIGHWAY 70S,,,,0.00,N,Not at Intersection, ,Non-Junction,None,,,         ,Aaron,Wigginton,Rain,Front to Rear,no,no,no,no,no,False
101237113,METROPOLITAN NASHVILLE POLICE DEPT,20160495132,Davidson,Nashville,6/1/2016 11:47:00 PM,2,0,0,36.172880,-86.601970,OLD HICKORY BLVD,,,,85.00,Feet,North,PRINCETON PL,,,,0.00,N,Not at Intersection, ,OtherLocation,None,,,         ,Leonard,Spadavecchia,Rain,Front to Rear,no,no,no,yes,no,False
101237139,METROPOLITAN NASHVILLE POLICE DEPT,20160495488,Davidson,Nashville,6/2/2016 12:00:00 AM,1,0,0,36.171000,-86.606220,CENTRAL PKE ENT RAMP,,,,0.00,Feet,East,I 40,,,,0.00,N,Not at Intersection,Y,Unknown,Unknown,Unknown,Unknown,         ,Keith,Holley,Unknown,Unknown,no,no,no,no,yes,False
101237157,GOODLETTSVILLE POLICE DEPT,16-19856,Davidson,Goodlettsville,6/1/2016 10:57:00 PM,1,0,0,0.000000,0.000000,HARDAWAY,DR,,,300.00,Feet,South,ALTA LOMA,RD,,ALTA LOMA ROAD,0.00,N,Not at Intersection,N,Non-Junction,None,,,         ,Wesley,Kinnaird,Clear,Not Collision with Motor Vehicle in Transport,no,no,no,yes,no,False
101237158,Nashville Airport Police,16-01438,Davidson,Nashville,6/1/2016 10:00:00 PM,2,0,0,36.136350,-86.664270,SATELLITE WAY ENT RAMP,,,,0.00,,,TERMINAL DR,,,,0.00,Y,Y-Intersection,N,Non-Junction,None,,,         ,John,Herd,Clear,"Sideswipe, Same Direction",no,no,no,no,yes,False
101237170,METROPOLITAN NASHVILLE POLICE DEPT,20160492144,Davidson,Nashville,6/1/2016 5:50:00 AM,3,2,0,36.044850,-86.657960,I 24,,,,0.00,,,,,,,59.50,N,Not at Intersection,N,Non-Junction,None,,,         ,David,Moser,Clear,Angle,no,no,no,no,no,False
101237179,METROPOLITAN NASHVILLE POLICE DEPT,20160495778,Davidson,Nashville,6/2/2016 5:06:00 AM,1,1,0,36.150390,-86.767050,LAFAYETTE ST,,,,240.00,Feet,East,2ND AVS,,,,0.00,N,Not at Intersection,N,Non-Junction,None,,,         ,Joseph,Zambardi,Clear,Not Collision with Motor Vehicle in Transport,yes,no,no,no,no,False
101237201,METROPOLITAN NASHVILLE POLICE DEPT,20160488696,Davidson,Nashville,6/1/2016 7:38:00 AM,7,0,0,36.211480,-86.765270,DONALD ST,,,,0.00,,,DICKERSON PKE,,,,0.00,Y,OTHER,N,Non-Junction,None,,,         ,Martin,Gonzalez,Clear,Angle,no,no,no,no,yes,False
101237202,METROPOLITAN NASHVILLE POLICE DEPT,20160493113,Davidson,Nashville,6/1/2016 12:07:00 PM,2,1,0,36.183820,-86.748370,EASTLAND AV,,,,0.00,,,GALLATIN AV,,,,0.00,Y,OTHER,N,Intersection-Related,None,,,         ,Martin,Gonzalez,Clear,Front to Rear,no,no,no,no,no,False
101237203,METROPOLITAN NASHVILLE POLICE DEPT,2016-0479120,Davidson,Not in City Limit,5/27/2016 12:25:00 PM,2,0,0,36.264160,-86.727170,OLD HICKORY BLVDW,,,,0.00,Feet,,E MARTHONA RD,,,,0.00,Y,T-Intersection,N,Non-Junction,None,,,         ,DuJuan,Kendrick,Clear,"Sideswipe, Same Direction",no,no,no,no,no,False
101237204,METROPOLITAN NASHVILLE POLICE DEPT,20160484047,Davidson,Nashville,5/29/2016 12:00:00 AM,3,0,0,36.171360,-86.755910,BOSCOBEL ST,,,,286.00,Feet,East,S 8TH ST,,,,0.00,N,Not at Intersection, ,Non-Junction,None,,,         ,Richard,Conger,Unknown,"Sideswipe, Opposite Direction",no,no,no,no,yes,False
101237215,METROPOLITAN NASHVILLE POLICE DEPT,2016-0475111,Davidson,Nashville,5/30/2016 7:00:00 AM,1,1,0,36.156870,-86.780840,8TH AVS,,,,0.00,,,DEMONBREUN ST,,,,0.00,Y,Four-Way,N,Intersection,None,,,         ,William,Vincion,Clear,Not Collision with Motor Vehicle in Transport,yes,no,no,no,no,False
101237217,METROPOLITAN NASHVILLE POLICE DEPT,2016-0493388,Davidson,Nashville,6/1/2016 1:20:00 PM,1,1,0,36.217530,-86.774930,I 65,,,,0.00,,,,,,,88.10,N,Not at Intersection,N,Non-Junction,None,,,         ,Eric,Knight,Cloudy,Not Collision with Motor Vehicle in Transport,no,no,no,no,no,False
101237226,METROPOLITAN NASHVILLE POLICE DEPT,2016-0493243,Davidson,Nashville,6/1/2016 12:45:00 PM,2,0,0,36.155040,-86.797520,CHURCH ST,,,,0.00,,,18TH AVN,,,,0.00,Y,OTHER, ,Non-Junction,None,,,         ,Emily,Davies,Clear,"Sideswipe, Same Direction",no,no,no,no,no,False
101237231,METROPOLITAN NASHVILLE POLICE DEPT,20160492604,Davidson,Nashville,6/1/2016 9:12:00 AM,2,0,0,36.143730,-86.799890,21ST AVS,,,,135.00,Feet,South,EDGEHILL AV,,,,0.00,N,Not at Intersection, ,Non-Junction,None,,,         ,Phillip,Murphy,Clear,"Sideswipe, Same Direction",no,no,no,no,no,Campus
101237232,METROPOLITAN NASHVILLE POLICE DEPT,20160492265,Davidson,Nashville,6/1/2016 7:11:00 AM,2,0,0,36.025470,-86.713050,BRADFORD HILLS DR,,,,0.00,,,LENOX VILLAGE DR,,,,0.00,Y,Four-Way,N,Intersection-Related,None,,,         ,Phillip,Murphy,Clear,"Sideswipe, Opposite Direction",no,no,no,no,no,False
101237233,METROPOLITAN NASHVILLE POLICE DEPT,20160493464,Davidson,Nashville,6/1/2016 1:47:00 PM,2,1,0,36.122180,-86.753930,I 440,,,,0.00,,,,,,,6.15,N,Not at Intersection,N,Non-Junction,None,,,         ,Phillip,Murphy,Clear,Front to Rear,no,no,no,no,yes,False
101237241,METROPOLITAN NASHVILLE POLICE DEPT,20160495968,Davidson,Nashville,6/2/2016 6:59:00 AM,2,0,0,36.228850,-86.772500,I 65,,,,0.00,,,,,,,88.90,N,Not at Intersection,Y,Non-Junction,None,,,         ,Michael,McCord,Cloudy,Front to Rear,no,no,no,no,no,False
101237242,METROPOLITAN NASHVILLE POLICE DEPT,20160492734,Davidson,Not in City Limit,6/1/2016 9:55:00 AM,2,1,0,36.267130,-86.745330,OLD HICKORY BLVDW,,,,283.00,Feet,East,NESBITT DR,,,,0.00,N,Not at Intersection,N,Non-Junction,None,,,         ,Peter,Lynch,Clear,Front to Rear,no,no,no,no,yes,False
101237249,METROPOLITAN NASHVILLE POLICE DEPT,20160496020,Davidson,Nashville,6/2/2016 7:26:00 AM,2,0,0,36.079280,-86.765050,I 65,,,,0.00,,,,,,,77.60,N,Not at Intersection, ,,None,,,         ,Citlaly,Juarez,,,no,no,no,no,no,False
101237253,METROPOLITAN NASHVILLE POLICE DEPT,20160496009,Davidson,Nashville,6/2/2016 7:19:00 AM,2,0,0,36.081950,-86.763810,I 65,,,,0.00,,,,,,,77.80,N,Not at Intersection, ,Non-Junction,None,,,         ,Justin,Fox,Cloudy,Front to Rear,no,no,no,no,no,False
101237254,METROPOLITAN NASHVILLE POLICE DEPT,20160496007,Davidson,Nashville,6/2/2016 7:19:00 AM,2,0,0,36.086870,-86.696140,HARDING PL,,,,55.00,Feet,West,S PERIMETER PARK DR,,,,0.00,N,Not at Intersection, ,Non-Junction,None,,,         ,Brian,Penny,Clear,"Sideswipe, Same Direction",no,no,no,no,no,False
101237256,METROPOLITAN NASHVILLE POLICE DEPT,20160496036,Davidson,Nashville,6/2/2016 7:30:00 AM,2,0,0,36.203050,-86.750810,ELLINGTON PKWYS,,,,612.00,Feet,South,E TRINITY LN,,,,0.00,N,Not at Intersection, ,Non-Junction,None,,,         ,Randall,Smith,Cloudy,Angle,no,no,no,no,no,False
101237258,METROPOLITAN NASHVILLE POLICE DEPT,20160496082,Davidson,Nashville,6/2/2016 7:45:00 AM,2,0,0,36.044790,-86.724870,AMALIE DR,,,,0.00,,,OLD HICKORY BLVD,,,,0.00,Y,Four-Way, ,Intersection-Related,None,,,         ,Earl,Davis,Cloudy,Front to Rear,no,no,no,no,no,False
101237267,METROPOLITAN NASHVILLE POLICE DEPT,2016-0496068,Davidson,Nashville,6/2/2016 7:39:00 AM,1,1,0,36.152130,-86.677530,ELM HILL PKE,,,,0.00,,,,,,,0.00,,,N,Non-Junction,None,,,         ,Jeb,Johnston,Cloudy,Not Collision with Motor Vehicle in Transport,no,no,no,yes,no,False
101237270,METROPOLITAN NASHVILLE POLICE DEPT,20160496226,Davidson,Nashville,6/2/2016 12:00:00 AM,2,0,0,36.160510,-86.824100,32ND AVN,,,,0.00,,,BATAVIA ST,,,,0.00,Y,Four-Way, ,Non-Junction,None,,,         ,Andrae,Starling,Unknown,Unknown,no,no,no,no,yes,False
101237276,METROPOLITAN NASHVILLE POLICE DEPT,20160496168,Davidson,Nashville,6/2/2016 8:00:00 AM,2,0,0,36.205890,-86.768610,E TRINITY LN,,,,0.00,,,DICKERSON PKE,,,,0.00,Y,Four-Way, ,Non-Junction,None,,,         ,Cecilia,Gomez,Cloudy,Front to Rear,no,no,no,no,no,False
101237278,METROPOLITAN NASHVILLE POLICE DEPT,20160496186,Davidson,Nashville,6/2/2016 8:13:00 AM,2,0,0,36.041200,-86.750290,OLD HICKORY BLVD,,,,344.00,Feet,West,WATAUGA PL,,,,0.00,N,Not at Intersection, ,Non-Junction,None,,,         ,Kevin,Crawford,Cloudy,Front to Rear,no,no,no,no,no,False
101237285,METROPOLITAN NASHVILLE POLICE DEPT,2016-0493428,Davidson,Nashville,6/1/2016 1:38:00 PM,2,1,0,36.172480,-86.595110,CENTRAL PKE,,,,0.00,,,TULIP GROVE RD,,,,0.00,Y,Four-Way,N,Intersection,None,,,         ,Jeb,Johnston,Cloudy,Angle,no,no,no,no,no,False
101237287,METROPOLITAN NASHVILLE POLICE DEPT,20160496088,Davidson,Nashville,6/2/2016 7:59:00 AM,2,0,0,36.211730,-86.748900,ELLINGTON PKWYS,,,,1232.00,Feet,South,SLAYDON DR,,,,0.00,N,Not at Intersection, ,,None,,,         ,Jared,Eaves,,,no,no,no,no,no,False
101237312,Nashville Airport Police,16-01439,Davidson,Nashville,6/2/2016 12:40:00 AM,2,0,0,36.109690,-86.671460,DONELSON PKE,,,,0.00,,,KNAPP BLVD,,,,0.00,Y,Four-Way,N,Non-Junction,None,,,         ,John,Herd,Rain,"Sideswipe, Opposite Direction",no,no,no,no,yes,False
101237330,METROPOLITAN NASHVILLE POLICE DEPT,2016-0496444,Davidson,Nashville,6/2/2016 8:20:00 AM,2,0,0,36.126320,-86.798220,BEECHWOOD AV,,,,0.00,,,HAWTHORNE PL,,,,0.00,Y,OTHER, ,,None,,,         ,Emily,Davies,,,no,no,no,no,no,False
101237335,METROPOLITAN NASHVILLE POLICE DEPT,20160496595,Davidson,Nashville,6/2/2016 11:22:00 AM,1,0,0,36.121820,-86.726860,I440 W ENT RAMP,,,,0.00,Feet,East,I 24,,,,0.00,N,Not at Intersection,N,Entrance/Exit Ramp Related,None,,,         ,Jessie,Meadows,Clear,Not Collision with Motor Vehicle in Transport,no,no,no,no,no,False
101237349,METROPOLITAN NASHVILLE POLICE DEPT,20160496715,Davidson,Nashville,6/2/2016 11:27:00 AM,2,0,0,36.150040,-86.771880,I 40,,,,0.00,,,,,,,210.30,N,Not at Intersection,N,Non-Junction,None,,,         ,Nathan,Kemp,Clear,Front to Rear,no,no,no,no,no,False
101237352,METROPOLITAN NASHVILLE POLICE DEPT,20160496741,Davidson,Nashville,6/2/2016 11:37:00 AM,2,0,0,36.174730,-86.614260,CENTRAL PKE,,,,0.00,,,DODSON CHAPEL RD,,,,0.00,Y,Four-Way, ,,None,,,         ,Wesley,Young,,,no,no,no,no,no,False
101237366,METROPOLITAN NASHVILLE POLICE DEPT,20160496618,Davidson,Goodlettsville,6/2/2016 10:48:00 AM,2,0,0,36.298140,-86.699850,GLEAVES ST,,,,0.00,,,RIVERGATE PKWY,,,,0.00,Y,T-Intersection, ,,None,,,         ,James,Boone,,,no,no,no,no,no,False
101237374,METROPOLITAN NASHVILLE POLICE DEPT,20160496488,Davidson,Nashville,6/2/2016 10:09:00 AM,2,2,0,36.059070,-86.716220,TUSCULUM RD,,,,0.00,,,NOLENSVILLE PKE,,,,0.00,Y,Four-Way,N,Intersection,None,,,         ,Kevin,Crawford,Cloudy,Angle,no,no,no,no,no,False
101237376,GOODLETTSVILLE POLICE DEPT,16-19902,Davidson,Goodlettsville,6/2/2016 11:50:00 AM,2,0,0,36.324892,-86.701592,CONFERENCE DRIVE,,SR301,,50.00,Miles,East,LONG HOLLOW,,SR301,,0.00,N,Not at Intersection,N,Non-Junction,None,,,         ,George,Forbes,Clear,"Sideswipe, Same Direction",no,no,no,no,yes,False
101237378,METROPOLITAN NASHVILLE POLICE DEPT,20160495998,Davidson,Nashville,6/2/2016 7:15:00 AM,2,0,0,36.158410,-86.790610,GEORGE L DAVIS BLVD,,,,0.00,,,I40 W ENT RAMP,,,,0.00,Y,Four-Way, ,Intersection,None,,,         ,Erik,Wagner,Cloudy,Angle,no,no,no,no,no,False
101237379,METROPOLITAN NASHVILLE POLICE DEPT,2016-0496816,Davidson,Not in City Limit,6/2/2016 12:10:00 PM,2,0,0,36.077560,-86.947510,HIGHWAY 70S,,,,118.00,Feet,West,BELLEVUE CTR PVTDR,,,,0.00,N,Not at Intersection,N,Non-Junction,None,,,         ,Walter,Gray II,Cloudy,Front to Rear,no,no,no,no,yes,False
101237381,METROPOLITAN NASHVILLE POLICE DEPT,20160479258,Davidson,Nashville,5/27/2016 1:12:00 PM,1,1,0,36.204250,-86.691140,OPRY MILLS DR,,,,330.00,Feet,West,OPRYLAND DR,,,,0.00,N,Not at Intersection,N,OtherLocation,None,,,         ,James,Curtis,Clear,Not Collision with Motor Vehicle in Transport,yes,no,no,no,no,False
101237386,METROPOLITAN NASHVILLE POLICE DEPT,20160496773,Davidson,Nashville,6/2/2016 11:55:00 AM,2,0,0,36.191020,-86.798950,VANTAGE WAY CT,,,,0.00,,,VANTAGE WAY,,,,0.00,Y,Four-Way, ,,None,,,         ,Julie,Nabors,,,no,no,no,no,no,False
101237389,METROPOLITAN NASHVILLE POLICE DEPT,20160496943,Davidson,Nashville,6/2/2016 1:02:00 PM,2,0,0,36.138630,-86.800630,21ST AVS,,,,0.00,,,CHILDRENS WAY,,,,0.00,Y,T-Intersection, ,,None,,,         ,Nathan,Kemp,,,no,no,no,no,no,Campus
101237390,METROPOLITAN NASHVILLE POLICE DEPT,20160496758,Davidson,Nashville,6/2/2016 11:49:00 AM,2,0,0,36.167150,-86.796370,12TH AVN,,,,0.00,,,HERMAN ST,,,,0.00,Y,OTHER, ,Intersection,None,,,         ,Nathan,Mayo,Cloudy,Angle,no,no,no,no,no,False
101237393,METROPOLITAN NASHVILLE POLICE DEPT,20160494917,Davidson,Nashville,6/1/2016 10:27:00 PM,1,1,0,36.132450,-86.811700,NATCHEZ TRC,,,,33.00,Feet,South,ESSEX PL,,,,0.00,N,Not at Intersection,N,Non-Junction,None,,,         ,Tien,Nguyen,Clear,Not Collision with Motor Vehicle in Transport,no,no,no,no,no,False
101237396,METROPOLITAN NASHVILLE POLICE DEPT,20160490219,Davidson,Nashville,5/31/2016 4:20:00 PM,2,0,0,36.045260,-86.717040,OLD HICKORY BLVD,,,,0.00,,,HICKORY PLZ,,,,0.00,Y,Four-Way, ,Intersection,None,,,         ,Nicholas,Berens,Clear,Angle,no,no,no,no,no,False
101237397,METROPOLITAN NASHVILLE POLICE DEPT,20160496190,Davidson,Nashville,6/2/2016 8:22:00 AM,3,0,0,36.167890,-86.777960,PUBLIC SQ,,,,0.00,,,JAMES ROBERTSON PKWY,,,,0.00,Y,T-Intersection,N,Intersection,None,,,         ,Nicholas,Berens,Clear,Angle,no,no,no,no,no,False
101237416,METROPOLITAN NASHVILLE POLICE DEPT,20160496851,Davidson,Nashville,6/2/2016 12:22:00 PM,2,0,0,36.193020,-86.624090,JACKSONIAN DR,,,,95.00,Feet,West,LEBANON PKE,,,,0.00,N,Not at Intersection, ,,None,,,         ,Wesley,Young,,,no,no,no,no,no,False
101237418,METROPOLITAN NASHVILLE POLICE DEPT,20160496910,Davidson,Nashville,6/2/2016 11:46:00 AM,2,0,0,36.154180,-86.757870,I 40,,,,0.00,,,,,,,211.10,N,Not at Intersection,Y,Non-Junction,None,,,         ,Wesley,Young,Clear,"Sideswipe, Same Direction",no,no,no,no,yes,False
101237419,METROPOLITAN NASHVILLE POLICE DEPT,2016-0497026,Davidson,Nashville,6/2/2016 1:26:00 PM,2,0,0,36.124330,-86.847020,WOODMONT BLVD,,,,300.00,Feet,South,HARDING PKE,,,,0.00,N,Not at Intersection, ,Non-Junction,None,,,         ,Walter,Gray II,Cloudy,Front to Rear,no,no,no,no,no,False
101237422,METROPOLITAN NASHVILLE POLICE DEPT,20160496789,Davidson,Nashville,6/2/2016 12:02:00 PM,2,2,0,36.139280,-86.800540,21ST AVS,,,,121.00,Feet,South,CAPERS AV,,,,0.00,N,Not at Intersection,N,Non-Junction,None,,,         ,Phillip,Murphy,Clear,Front to Rear,no,no,no,no,no,Campus
101237425,METROPOLITAN NASHVILLE POLICE DEPT,20160495984,Davidson,Nashville,6/2/2016 7:03:00 AM,2,0,0,36.160850,-86.621260,I 40,,,,0.00,,,,,,,219.55,N,Not at Intersection, ,Non-Junction,None,,,         ,Tyler,Adcock,Clear,"Sideswipe, Same Direction",no,no,no,no,no,False
101237430,METROPOLITAN NASHVILLE POLICE DEPT,20160496422,Davidson,Nashville,6/2/2016 9:33:00 AM,2,1,0,36.133140,-86.727140,I 24,,,,0.00,,,,,,,52.00,N,Not at Intersection,Y,Entrance/Exit Ramp Related,None,,,         ,Stephen,Soule,,Front to Rear,no,no,no,no,no,False
101237442,METROPOLITAN NASHVILLE POLICE DEPT,20160496972,Davidson,Nashville,6/2/2016 12:37:00 PM,2,0,0,36.107760,-86.601130,COUCHVILLE PKE,,,,107.00,Feet,East,ANDERSON RD,,,,0.00,N,Not at Intersection,N,Non-Junction,None,,,         ,Wesley,Young,Clear,Unknown,no,no,no,no,yes,False
101237448,METROPOLITAN NASHVILLE POLICE DEPT,20160496866,Davidson,Nashville,6/2/2016 12:16:00 PM,2,0,0,36.128990,-86.714060,MURFREESBORO PKE,,,,256.00,Feet,East,MILLWOOD DR,,,,0.00,N,Not at Intersection, ,Non-Junction,None,,,         ,Wesley,Young,Clear,Front to Rear,no,no,no,no,no,False
101237457,METROPOLITAN NASHVILLE POLICE DEPT,20160497185,Davidson,Nashville,6/2/2016 2:46:00 PM,1,0,0,36.124120,-86.743140,I 440,,,,0.00,,,,,,,6.65,N,Not at Intersection,N,Non-Junction,None,,,         ,David,Hughes,Clear,Not Collision with Motor Vehicle in Transport,no,no,no,no,no,False
101237465,METROPOLITAN NASHVILLE POLICE DEPT,20160496328,Davidson,Nashville,6/2/2016 9:05:00 AM,2,0,0,36.155650,-86.789720,I40 E ENT RAMP,,,,0.00,,,BROADWAY,,,,0.00,Y,Four-Way,N,Intersection,None,,,         ,Phillip,Murphy,Clear,"Sideswipe, Same Direction",no,no,no,no,no,False
101237466,METROPOLITAN NASHVILLE POLICE DEPT,2016-0495979,Davidson,Nashville,6/2/2016 6:54:00 AM,2,0,0,36.077790,-86.657440,UNA ANTIOCH PKE,,,,176.00,Feet,West,OAKWOOD FOREST DR,,,,0.00,N,Not at Intersection,N,Non-Junction,None,,,         ,William,Whitworth,Cloudy,Front to Rear,no,no,no,no,no,False
101237470,METROPOLITAN NASHVILLE POLICE DEPT,2016-0496277,Davidson,Nashville,6/2/2016 8:45:00 AM,2,2,0,36.033520,-86.712980,NOLENSVILLE PKE,,,,0.00,,,BARNES RD,,,,0.00,Y,Four-Way,N,Intersection,None,,,         ,William,Whitworth,Cloudy,Front to Rear,no,no,no,no,no,False
101237471,METROPOLITAN NASHVILLE POLICE DEPT,2016-0496531,Davidson,Nashville,6/1/2016 5:43:00 PM,1,0,0,36.034310,-86.682720,OAK CHASE DR,,,,261.00,Feet,South,SONOMA TRC,,,,0.00,N,Not at Intersection,N,Non-Junction,None,,,         ,William,Whitworth,Clear,Not Collision with Motor Vehicle in Transport,no,no,no,no,yes,False
101237472,METROPOLITAN NASHVILLE POLICE DEPT,2016-0496780,Davidson,Nashville,6/2/2016 11:59:00 AM,2,0,0,36.086870,-86.730230,ELYSIAN FIELDS RD,,,,0.00,,,NOLENSVILLE PKE,,,,0.00,Y,Four-Way, ,Intersection,None,,,         ,William,Whitworth,Cloudy,Front to Rear,no,no,no,no,no,False
101237474,GOODLETTSVILLE POLICE DEPT,16-19907,Davidson,Goodlettsville,6/2/2016 1:27:00 PM,3,0,0,36.304230,-86.702320,RIVERGATE PARKWAY,,,,20.00,Feet,East,RIVERGATE PARKWAY,,,,0.00,N,Not at Intersection,N,Non-Junction,None,,,         ,George,Forbes,Clear,Front to Rear,no,no,no,no,no,False
101237493,METROPOLITAN NASHVILLE POLICE DEPT,20160497267,Davidson,Nashville,6/2/2016 3:14:00 PM,2,0,0,36.214610,-86.604660,LEBANON PKE,,,,0.00,,,SHUTE LN,,,,0.00,Y,T-Intersection, ,Intersection-Related,None,,,         ,Tyler,Conrads,Clear,Front to Rear,no,no,no,no,no,False
101237499,METROPOLITAN NASHVILLE POLICE DEPT,20160497031,Davidson,Nashville,6/2/2016 1:34:00 PM,1,0,0,36.142760,-86.683870,I 40,,,,0.00,,,,,,,215.65,N,Not at Intersection, ,Non-Junction,None,,,         ,Wesley,Young,Clear,Not Collision with Motor Vehicle in Transport,no,no,no,no,no,False
101237502,METROPOLITAN NASHVILLE POLICE DEPT,2016-0497210,Davidson,Nashville,6/2/2016 2:57:00 PM,2,1,0,36.060140,-86.903380,OLD HICKORY BLVD,,,,875.00,Feet,South,HIGHWAY 100,,,,0.00,N,Not at Intersection,N,Non-Junction,None,,,         ,Walter,Gray II,Clear,Front to Rear,no,no,no,no,no,False
101237522,METROPOLITAN NASHVILLE POLICE DEPT,20160497318,Davidson,Nashville,6/2/2016 3:33:00 PM,2,0,0,36.157720,-86.784330,10TH AVS,,,,88.00,Feet,South,10TH AVN,,,,0.00,N,Not at Intersection, ,Non-Junction,None,,,         ,Jason,King,Clear,Angle,no,no,no,no,no,False
101237524,METROPOLITAN NASHVILLE POLICE DEPT,20160497164,Davidson,Nashville,6/2/2016 2:20:00 PM,2,1,0,36.060380,-86.680000,I 24,,,,0.00,,,,,,,57.80,N,Not at Intersection,N,Non-Junction,None,,,         ,Jessie,Meadows,Clear,"Sideswipe, Same Direction",no,no,no,no,yes,False
101237525,METROPOLITAN NASHVILLE POLICE DEPT,20160497226,Davidson,Nashville,6/2/2016 2:51:00 PM,2,0,0,36.121420,-86.756180,I 440,,,,0.00,,,,,,,6.00,N,Not at Intersection, ,Non-Junction,None,,,         ,Charles,Griffin,Clear,Front to Rear,no,no,no,no,no,False
101237527,METROPOLITAN NASHVILLE POLICE DEPT,20160497392,Davidson,Nashville,6/2/2016 3:25:00 PM,2,0,0,36.139200,-86.888630,I 40,,,,0.00,,,,,,,201.90,N,Not at Intersection, ,Non-Junction,None,,,         ,Brandon,Pedigo,Clear,Not Collision with Motor Vehicle in Transport,no,no,no,no,no,False
101237540,METROPOLITAN NASHVILLE POLICE DEPT,2016-0497521,Davidson,Not in City Limit,6/2/2016 4:30:00 PM,2,0,0,36.101630,-86.934300,I 40,,,,0.00,,,,,,,198.30,N,Not at Intersection, ,,None,,,         ,Ryan,Allen,,,no,no,no,no,no,False
101237556,METROPOLITAN NASHVILLE POLICE DEPT,20160497284,Davidson,Nashville,6/2/2016 3:15:00 PM,2,0,0,36.171490,-86.798600,I 40,,,,0.00,,,,,,,207.90,N,Not at Intersection,N,Non-Junction,None,,,         ,Andy,Esqueda,Cloudy,Front to Rear,no,no,no,no,no,False
101237557,METROPOLITAN NASHVILLE POLICE DEPT,2016-0497158,Davidson,Nashville,6/2/2016 2:12:00 PM,2,0,0,36.116750,-86.810480,HILLSBORO PKE,,,,79.00,Feet,North,MATTHEW LN,,,,0.00,N,Not at Intersection,N,Non-Junction,None,,,         ,Russell,Wade,Clear,"Sideswipe, Opposite Direction",no,no,no,no,no,False
101237559,METROPOLITAN NASHVILLE POLICE DEPT,20160490318,Davidson,Nashville,5/31/2016 5:00:00 PM,2,0,0,36.249330,-86.746410,OLD DUE WEST AV,,,,711.00,Feet,East,SKYLINE MEMORIAL CT,,,,0.00,N,Not at Intersection, ,Non-Junction,None,,,         ,Jordan,Vrbas,Clear,HeadOn,no,no,no,yes,no,False
101237560,METROPOLITAN NASHVILLE POLICE DEPT,20160497551,Davidson,Nashville,6/2/2016 4:42:00 PM,2,2,0,36.157850,-86.842520,ILLINOIS AV,,,,0.00,,,46TH AVN,,,,0.00,Y,Four-Way,N,Intersection,None,,,         ,Shaun,Heath,Clear,Angle,no,no,no,no,no,False
101237572,METROPOLITAN NASHVILLE POLICE DEPT,20160497463,Davidson,Nashville,6/2/2016 4:10:00 PM,2,0,0,36.154110,-86.762690,I24 W ENT RAMP,,,,0.00,,,I 40,,,,0.00,Y,Y-Intersection,Y,Entrance/Exit Ramp Related,None,,,         ,Clinton,Schroeder,Clear,"Sideswipe, Same Direction",no,no,no,no,yes,False
101237575,METROPOLITAN NASHVILLE POLICE DEPT,20160497676,Davidson,Nashville,6/2/2016 5:27:00 PM,2,0,0,36.132900,-86.765000,WALSH RD,,,,0.00,,,RAINS AV,,,,0.00,Y,Four-Way,N,Intersection-Related,None,,,         ,Nicholas,Smith,Clear,Front to Rear,no,no,no,no,yes,False
101237577,METROPOLITAN NASHVILLE POLICE DEPT,20160497244,Davidson,Nashville,6/2/2016 2:31:00 PM,3,2,0,36.204880,-86.736610,MCGAVOCK PIKE,,,,294.00,Feet,East,GALLATIN PIKE,,,,0.00,N,Not at Intersection,N,Non-Junction,None,,,         ,Cressie,Prill,Clear,Front to Rear,yes,no,no,no,no,False
101237580,METROPOLITAN NASHVILLE POLICE DEPT,20160497674,Davidson,Nashville,6/2/2016 5:24:00 PM,1,1,0,36.129290,-86.727620,I24E,,,,37.00,Feet,North,I440 W ENT RAMP,,,,0.00,N,Not at Intersection,N,Non-Junction,None,,,         ,David,Hughes,Clear,Not Collision with Motor Vehicle in Transport,no,no,no,no,no,False
101237584,METROPOLITAN NASHVILLE POLICE DEPT,20160497219,Davidson,Nashville,6/2/2016 2:50:00 PM,2,0,0,36.144380,-86.696460,I 40,,,,0.00,,,,,,,214.90,N,Not at Intersection, ,,None,,,         ,Mikala,Moore,,,no,no,no,no,no,False
101237586,METROPOLITAN NASHVILLE POLICE DEPT,20160497712,Davidson,Nashville,6/2/2016 5:30:00 PM,2,0,0,36.163870,-86.786620,YMCA WAY,,,,0.00,,,CHARLOTTE AV,,,,0.00,Y,Four-Way, ,Non-Junction,None,,,         ,Michael,Baron,Clear,Front to Rear,no,no,no,no,no,False
101237588,METROPOLITAN NASHVILLE POLICE DEPT,20160497579,Davidson,Nashville,6/2/2016 4:53:00 PM,2,1,0,36.174250,-86.761660,MAIN ST,,,,237.00,Feet,West,S 7TH ST,,,,0.00,N,Not at Intersection,N,Non-Junction,None,,,         ,Randy,Heinze,Clear,Front to Rear,no,no,no,no,no,False