master_record_number,agency,agency_tracking_number,county,city,collision_date,vehicles_involved,number_injured,number_dead,latitude,longitude,roadway_name,roadway_suffix,roadway_number,roadway_local_id,distance_from_reference,miles-feet_indicator,direction_from_reference,intersection_road_name,intersection_road_name_suffix,intersection_road_number,intersection_local_id,mile_marker,intersection_indicator,intersect_type,interchange_related_indicator,relation_to_junction,work_zone_type,construction_maintenance_zone,construction_maintenance_zone_location,fatal_case_number,officer_first_name,officer_last_name,weather_condition(s),manner_of_crash,pedestrian,bicycle,scooter,parking,hitrun,mou
101237589,METROPOLITAN NASHVILLE POLICE DEPT,20160497656,Davidson,Nashville,6/2/2016 5:21:00 PM,2,0,0,36.139890,-86.887410,I 40,,,,0.00,,,,,,,202.00,N,Not at Intersection,N,Non-Junction,None,,,         ,Brandon,Pedigo,Clear,Not Collision with Motor Vehicle in Transport,no,no,no,no,yes,False
101237590,METROPOLITAN NASHVILLE POLICE DEPT,20160497675,Davidson,Nashville,6/2/2016 5:27:00 PM,2,0,0,36.113290,-86.772400,I 65,,,,0.00,,,,,,,80.00,N,Not at Intersection, ,Non-Junction,None,,,         ,Charles,Griffin,Clear,Front to Rear,no,no,no,no,no,False
101237597,METROPOLITAN NASHVILLE POLICE DEPT,20160497370,Davidson,Nashville,6/2/2016 3:53:00 PM,2,0,0,36.099330,-86.710850,I 24,,,,0.00,,,,,,,54.60,N,Not at Intersection, ,Non-Junction,None,,,         ,David,Hughes,Clear,"Sideswipe, Same Direction",no,no,no,no,no,False
101237599,METROPOLITAN NASHVILLE POLICE DEPT,20160497401,Davidson,Antioch,6/2/2016 4:10:00 PM,2,0,0,36.009930,-86.612310,HEIL QUAKER BLVD,,,,0.00,Feet,East,BRIDGESTONE PKWY,,,,0.00,N,Not at Intersection,N,Entrance/Exit Ramp Related,None,,,         ,Jessie,Meadows,Rain,Front to Rear,no,no,no,no,no,False
101237603,METROPOLITAN NASHVILLE POLICE DEPT,20160497790,Davidson,Not in City Limit,6/2/2016 5:55:00 PM,2,0,0,36.275260,-86.735370,I 65,,,,0.00,,,,,,,93.00,N,Not at Intersection, ,Non-Junction,None,,,         ,Peter,Knisley,Clear,Front to Rear,no,no,no,no,no,False
101237604,METROPOLITAN NASHVILLE POLICE DEPT,20160497554,Davidson,Nashville,6/2/2016 4:38:00 PM,2,0,0,36.132670,-86.719820,MURFREESBORO PKE,,,,167.00,Feet,West,WILHAGAN RD,,,,0.00,N,Not at Intersection, ,Non-Junction,None,,,         ,David,Hughes,Clear,Front to Rear,no,no,no,no,no,False
101237607,METROPOLITAN NASHVILLE POLICE DEPT,20160497770,Davidson,Nashville,6/2/2016 5:50:00 PM,2,0,0,36.172930,-86.600940,CENTRAL PKE,,,,0.00,,,BURNING TREE DR,,,,0.00,Y,OTHER, ,Non-Junction,None,,,         ,Noah,Melton,Clear,Angle,no,no,no,no,no,False
101237608,METROPOLITAN NASHVILLE POLICE DEPT,20160497807,Davidson,Nashville,6/2/2016 5:49:00 PM,2,1,0,36.037400,-86.786570,OLD HICKORY BLVD,,,,0.00,,,FRANKLIN PKE,,,,0.00,Y,Four-Way,N,Intersection,None,,,         ,Charles,Griffin,Clear,Front to Rear,no,no,no,no,no,False
101237614,METROPOLITAN NASHVILLE POLICE DEPT,2016-0497572,Davidson,Nashville,6/2/2016 4:48:00 PM,2,0,0,36.040930,-86.818970,OLD HICKORY BLVD,,,,50.00,Feet,West,HIGH LEA DR,,,,0.00,N,Not at Intersection, ,Non-Junction,None,,,         ,William,King,Clear,"Sideswipe, Same Direction",no,no,no,no,no,False
101237621,METROPOLITAN NASHVILLE POLICE DEPT,20160497795,Davidson,Nashville,6/2/2016 5:51:00 PM,2,1,0,36.233860,-86.625410,OLD HICKORY BLVD,,,,300.00,Feet,South,MONTCHANIN RD,,,,0.00,N,Not at Intersection,N,Non-Junction,None,,,         ,Tyler,Conrads,Clear,Front to Rear,no,no,no,no,no,False
101237647,METROPOLITAN NASHVILLE POLICE DEPT,20160498061,Davidson,Nashville,6/2/2016 6:45:00 PM,3,0,0,36.214270,-86.766610,ROCK ST,,,,170.00,Feet,West,PLUM ST,,,,0.00,N,Not at Intersection, ,Non-Junction,None,,,         ,Gordon,Stovall,Clear,Angle,no,no,no,yes,no,False
101237651,METROPOLITAN NASHVILLE POLICE DEPT,20160498162,Davidson,Nashville,6/2/2016 8:15:00 PM,2,0,0,36.214750,-86.750040,BETHWOOD DR,,,,1201.00,Feet,East,OAKWOOD AV,,,,0.00,N,Not at Intersection, ,,None,,,         ,Joshua,Lippert,,,no,no,no,no,no,False
101237656,METROPOLITAN NASHVILLE POLICE DEPT,20160479645,Davidson,Goodlettsville,5/27/2016 4:08:00 PM,1,0,0,36.290110,-86.703900,GALLATIN PKEN,,,,255.00,Feet,South,ALTUS AV,,,,0.00,N,Not at Intersection,N,Non-Junction,None,,,         ,Bradley,Campbell,Clear,Not Collision with Motor Vehicle in Transport,no,no,no,no,no,False
101237657,METROPOLITAN NASHVILLE POLICE DEPT,20160494004,Davidson,Nashville,6/1/2016 6:10:00 PM,1,0,0,36.173910,-86.782700,2ND AVN,,,,154.00,Feet,North,BICENTENNIAL MALL CNCTR,,,,0.00,N,Not at Intersection,N,Non-Junction,None,,,         ,Wesley,Feinstein,Clear,Not Collision with Motor Vehicle in Transport,no,no,no,no,yes,False
101237663,METROPOLITAN NASHVILLE POLICE DEPT,20160497242,Davidson,Nashville,6/2/2016 3:11:00 PM,2,0,0,36.183000,-86.799290,I65 S ENT RAMP,,,,0.00,,,I 65,,,,0.00,Y,OTHER,Y,Entrance/Exit Ramp Related,None,,,         ,Michael,Brooks,Clear,Front to Rear,no,no,no,no,no,False
101237664,METROPOLITAN NASHVILLE POLICE DEPT,20160497395,Davidson,Nashville,6/2/2016 3:33:00 PM,2,0,0,36.180130,-86.800370,I 65,,,,0.00,,,,,,,85.00,N,Not at Intersection, ,Non-Junction,None,,,         ,Michael,Brooks,Clear,Front to Rear,no,no,no,no,no,False
101237665,METROPOLITAN NASHVILLE POLICE DEPT,20160497469,Davidson,Nashville,6/2/2016 3:20:00 PM,2,0,0,36.159960,-86.813950,25TH AVN,,,,171.00,Feet,North,MERRY ST,,,,0.00,N,Not at Intersection,N,Non-Junction,None,,,         ,Michael,Brooks,Clear,Angle,no,no,no,no,yes,False
101237666,METROPOLITAN NASHVILLE POLICE DEPT,20160498042,Davidson,Nashville,6/2/2016 7:37:00 PM,2,1,0,36.193350,-86.830730,CLARKSVILLE PKE,,,,181.00,Feet,East,BUENA VISTA PKE,,,,0.00,N,Not at Intersection,N,Non-Junction,None,,,         ,Michael,Brooks,Clear,"Sideswipe, Same Direction",no,no,no,no,no,False
101237670,METROPOLITAN NASHVILLE POLICE DEPT,20160498090,Davidson,Nashville,6/2/2016 6:30:00 PM,1,0,0,36.063490,-86.902590,HIGHWAY 100,,,,737.00,Feet,East,OLD HICKORY BLVD,,,,0.00,N,Not at Intersection,N,Non-Junction,None,,,         ,Mark,Hatt,Clear,Not Collision with Motor Vehicle in Transport,no,no,no,no,no,False
101237674,METROPOLITAN NASHVILLE POLICE DEPT,20160497365,Davidson,Nashville,6/2/2016 3:50:00 PM,3,0,0,36.060050,-86.903330,OLD HICKORY BLVD,,,,910.00,Feet,South,HIGHWAY 100,,,,0.00,N,Not at Intersection,N,Non-Junction,None,,,         ,John,Thomas,Clear,Not Collision with Motor Vehicle in Transport,no,no,no,no,no,False
101237675,METROPOLITAN NASHVILLE POLICE DEPT,20160498136,Davidson,Nashville,6/2/2016 7:56:00 PM,2,0,0,36.114860,-86.719560,DRUMMOND DR,,,,0.00,,,EAST THOMPSON LN,,,,0.00,Y,OTHER,N,Non-Junction,None,,,         ,Benjamin,Froehlich,Clear,"Sideswipe, Same Direction",no,no,no,no,no,False
101237686,METROPOLITAN NASHVILLE POLICE DEPT,20160498342,Davidson,Nashville,6/2/2016 8:54:00 PM,2,0,0,36.247590,-86.720610,GALLATIN PKES,,,,150.00,Feet,South,DUE WEST AVW,,,,0.00,N,Not at Intersection, ,Non-Junction,None,,,         ,Peter,Knisley,Clear,Front to Rear,no,no,no,no,no,False
101237700,METROPOLITAN NASHVILLE POLICE DEPT,2016497481,Davidson,Nashville,6/2/2016 4:22:00 PM,2,0,0,36.165860,-86.781910,5TH AVN,,,,0.00,,,CHARLOTTE AV,,,,0.00,Y,Four-Way, ,Intersection-Related,None,,,         ,Jacob,Paul,Clear,"Sideswipe, Same Direction",no,no,no,no,yes,False
101237701,METROPOLITAN NASHVILLE POLICE DEPT,20160498392,Davidson,Nashville,6/1/2016 8:30:00 PM,2,0,0,36.204100,-86.768500,DICKERSON PKE,,,,0.00,,,,,,,0.00,,,N,Non-Junction,None,,,         ,Joshua,Reece,Clear,Unknown,no,no,no,yes,yes,False
101237712,METROPOLITAN NASHVILLE POLICE DEPT,20160498311,Davidson,Not in City Limit,6/2/2016 8:49:00 PM,2,0,0,36.263610,-86.736230,I65 N EXT RAMP,,,,0.00,Feet,East,I65 N ENT RAMP,,,,0.00,N,Not at Intersection, ,Non-Junction,None,,,         ,Jordan,Vrbas,Clear,Front to Rear,no,no,no,no,no,False
101237713,METROPOLITAN NASHVILLE POLICE DEPT,20160498422,Davidson,Nashville,6/2/2016 9:22:00 PM,1,1,0,36.030250,-86.641390,OLD FRANKLIN RD,,,,2268.00,Feet,East,CANE RIDGE RD,,,,0.00,N,Not at Intersection,N,Non-Junction,None,,,         ,Oscar,Gomez,Clear,Not Collision with Motor Vehicle in Transport,no,no,no,no,no,False
101237714,METROPOLITAN NASHVILLE POLICE DEPT,2016-0487075,Davidson,Nashville,5/30/2016 5:37:00 PM,2,0,0,36.045370,-86.713260,OLD HICKORY BLVD,,,,0.00,,,NOLENSVILLE PKE,,,,0.00,Y,Four-Way,N,Intersection,None,,,         ,William,King,Clear,Front to Rear,no,no,no,no,no,False
101237718,METROPOLITAN NASHVILLE POLICE DEPT,20160497197,Davidson,Goodlettsville,6/2/2016 2:52:00 PM,2,2,0,36.286660,-86.705470,GALLATIN PKEN,,,,0.00,,,EDENWOLD RD,,,,0.00,Y,Four-Way,Y,Intersection-Related,None,,,         ,Samuel,Miller,Clear,Angle,no,no,no,no,no,False
101237719,METROPOLITAN NASHVILLE POLICE DEPT,20160498233,Davidson,Nashville,6/2/2016 12:00:00 AM,1,0,0,36.238970,-86.773130,MOOREWOOD DR,,,,0.00,,,SPEARS RD,,,,0.00,Y,Four-Way,Y,Intersection-Related,None,,,         ,Samuel,Miller,Unknown,Not Collision with Motor Vehicle in Transport,no,no,no,no,yes,False
101237728,METROPOLITAN NASHVILLE POLICE DEPT,20160497757,Davidson,Nashville,6/2/2016 4:45:00 PM,2,0,0,36.183650,-86.610660,OLD HICKORY BLVD,,,,0.00,,,ANDREW JACKSON PKWY,,,,0.00,Y,Four-Way,N,Intersection-Related,None,,,         ,Alex,Lampley,Clear,Front to Rear,no,no,no,no,no,False
101237729,METROPOLITAN NASHVILLE POLICE DEPT,20160498476,Davidson,Nashville,6/2/2016 9:30:00 PM,2,0,0,36.159750,-86.623010,I 40,,,,0.00,,,,,,,219.40,N,Not at Intersection, ,Non-Junction,None,,,         ,Codey,Mullins,Cloudy,Not Collision with Motor Vehicle in Transport,no,no,no,no,no,False
101237732,METROPOLITAN NASHVILLE POLICE DEPT,20160497510,Davidson,Not in City Limit,6/2/2016 4:08:00 PM,2,0,0,36.282120,-86.805280,I 24,,,,0.00,,,,,,,40.10,N,Not at Intersection,N,Non-Junction,None,,,         ,Samuel,Miller,Clear,"Sideswipe, Same Direction",no,no,no,no,yes,False
101237755,METROPOLITAN NASHVILLE POLICE DEPT,20160497962,Davidson,Nashville,6/2/2016 7:06:00 PM,2,0,0,36.126770,-86.710870,THOMPSON PL,,,,85.00,Feet,East,MURFREESBORO PKE,,,,0.00,N,Not at Intersection,N,Non-Junction,None,,,         ,Thomas,Barnes,Clear,Angle,no,no,no,no,no,False
101237760,METROPOLITAN NASHVILLE POLICE DEPT,20160498566,Davidson,Nashville,6/2/2016 10:03:00 PM,1,0,0,36.156790,-86.796650,17TH AVN,,,,0.00,,,STATE ST,,,,0.00,Y,Four-Way, ,Non-Junction,None,,,         ,Zachary,Ronan,Clear,Not Collision with Motor Vehicle in Transport,no,no,no,no,yes,False
101237774,Nashville Airport Police,2016-01420,Davidson,Nashville,6/1/2016 4:10:00 AM,2,0,0,36.137010,-86.666060,TERMINAL DR,,,,0.00,,,I40 W ENT RAMP,,,,0.00,Y,Y-Intersection, ,Non-Junction,None,,,         ,Joseph,Harrell,Clear,Rear to Side,no,no,no,no,no,False
101237797,METROPOLITAN NASHVILLE POLICE DEPT,20160499006,Davidson,Nashville,6/3/2016 12:45:00 AM,2,0,0,36.157590,-86.801430,19TH AVN,,,,0.00,Feet,,CHARLOTTE AV,,,,0.00,Y,Four-Way,N,Non-Junction,None,,,         ,Benjamin,Cole,Clear,"Sideswipe, Opposite Direction",no,no,no,no,yes,False
101237799,METROPOLITAN NASHVILLE POLICE DEPT,2016-0499173,Davidson,Nashville,6/3/2016 2:20:00 AM,2,0,0,36.163450,-86.783530,UNION ST,,,,0.00,,,7TH AVN,,,,0.00,Y,Four-Way, ,Intersection,None,,,         ,Travis,Baxter,Clear,Angle,no,no,no,no,no,False
101237823,METROPOLITAN NASHVILLE POLICE DEPT,20160499249,Davidson,Nashville,6/3/2016 3:51:00 AM,2,0,0,36.203550,-86.738530,GALLATIN PKE,,,,0.00,Feet,,E TRINITY LN,,,,0.00,Y,T-Intersection, ,Intersection,None,,,         ,Steven,Henry Jr.,Clear,Angle,no,no,no,no,no,False
101237825,METROPOLITAN NASHVILLE POLICE DEPT,20160485651,Davidson,Nashville,5/30/2016 12:00:00 AM,1,0,0,36.127200,-86.707240,THOMPSON PL,,,,0.00,,,PATRICIA DR,,,,0.00,Y,T-Intersection,N,Intersection,None,,,         ,Kristen,Morgan,Clear,Not Collision with Motor Vehicle in Transport,no,no,no,no,yes,False
101237843,METROPOLITAN NASHVILLE POLICE DEPT,20160499469,Davidson,Nashville,6/3/2016 4:55:00 AM,2,0,0,36.141320,-86.665460,I 40,,,,0.00,,,,,,,218.00,N,Not at Intersection,N,Non-Junction,None,,,         ,Kristen,Morgan,Clear,"Sideswipe, Same Direction",no,no,no,no,yes,False
101237868,METROPOLITAN NASHVILLE POLICE DEPT,20160496562,Davidson,Nashville,6/2/2016 10:24:00 AM,2,0,0,36.192920,-86.623910,JACKSONIAN DR,,,,0.00,,,LEBANON PKE,,,,0.00,Y,Four-Way, ,Intersection-Related,None,,,         ,James,Curtis,Cloudy,Angle,no,no,no,no,no,False
101237875,METROPOLITAN NASHVILLE POLICE DEPT,20160498034,Davidson,Nashville,6/2/2016 7:34:00 PM,2,0,0,36.114700,-86.719620,EAST THOMPSON LN,,,,60.00,Feet,South,DRUMMOND DR,,,,0.00,N,Not at Intersection,N,Non-Junction,None,,,         ,Michael,Russell,Clear,"Sideswipe, Opposite Direction",no,no,no,no,yes,False
101237877,METROPOLITAN NASHVILLE POLICE DEPT,20160498268,Davidson,Nashville,6/2/2016 7:34:00 PM,2,1,0,36.114860,-86.719560,DRUMMOND DR,,,,0.00,,,EAST THOMPSON LN,,,,0.00,Y,Four-Way,N,Intersection,None,,,         ,Michael,Russell,Clear,HeadOn,no,no,no,no,yes,False
101237878,METROPOLITAN NASHVILLE POLICE DEPT,20160499695,Davidson,Nashville,6/3/2016 7:15:00 AM,2,0,0,36.125230,-86.772790,I 65,,,,0.00,,,,,,,80.70,N,Not at Intersection, ,Non-Junction,None,,,         ,Justin,Pinkelton,Cloudy,"Sideswipe, Same Direction",no,no,no,no,no,False
101237898,METROPOLITAN NASHVILLE POLICE DEPT,20160499754,Davidson,Nashville,6/3/2016 7:44:00 AM,2,0,0,36.152860,-86.823530,CHARLOTTE AV,,,,0.00,,,33RD AVN,,,,0.00,Y,T-Intersection, ,Intersection-Related,None,,,         ,Brandon,Helms,Cloudy,Front to Rear,no,no,no,no,no,False
101237911,GOODLETTSVILLE POLICE DEPT,16-19976,Davidson,Goodlettsville,6/3/2016 6:33:00 AM,3,0,0,36.307550,-86.694530,STATE HWY 386,,,,48.00,Feet,East,CONFERENCE DR,,,,0.00,N,Not at Intersection, ,Non-Junction,None,,,         ,Benny,Alexander,Cloudy,Front to Rear,no,no,no,no,no,False
101237925,METROPOLITAN NASHVILLE POLICE DEPT,20160496807,Davidson,Nashville,6/2/2016 12:01:00 PM,2,0,0,36.151380,-86.636050,I 40,,,,0.00,,,,,,,218.50,N,Not at Intersection, ,Non-Junction,None,,,         ,James,Curtis,Clear,"Sideswipe, Same Direction",no,no,no,no,yes,False
101237926,METROPOLITAN NASHVILLE POLICE DEPT,20160499814,Davidson,Nashville,6/3/2016 8:09:00 AM,2,0,0,36.106210,-86.673060,DONELSON PKE,,,,0.00,,,MURFREESBORO PKE,,,,0.00,Y,Four-Way, ,Intersection-Related,None,,,         ,James,Curtis,Cloudy,Front to Rear,no,no,no,no,no,False
101237937,GOODLETTSVILLE POLICE DEPT,16-19978,Davidson,Goodlettsville,6/3/2016 7:20:00 AM,2,0,0,36.312216,-86.678806,,,SR386,,0.90,Miles,East,CONFERENCE,DR,,,0.00,N,Not at Intersection,N,Non-Junction,None,,,         ,David,Read,Cloudy,Front to Rear,no,no,no,no,no,False
101237956,METROPOLITAN NASHVILLE POLICE DEPT,20160499998,Davidson,Nashville,6/3/2016 9:12:00 AM,3,0,0,36.171490,-86.768860,JAMES ROBERTSON PKWY,,,,56.00,Feet,East,INTERSTATE DR,,,,0.00,N,Not at Intersection, ,,None,,,         ,Pedro,Rivera Chaparro,,,no,no,no,no,no,False
101237958,METROPOLITAN NASHVILLE POLICE DEPT,2016-0499849,Davidson,Nashville,6/3/2016 8:20:00 AM,2,0,0,36.170270,-86.772860,N 1ST ST,,,,0.00,,,MAIN ST,,,,0.00,Y,Four-Way,N,Intersection,None,,,         ,Paul,Sorace,Cloudy,"Sideswipe, Same Direction",no,no,no,no,no,False
101237959,METROPOLITAN NASHVILLE POLICE DEPT,20160500074,Davidson,Nashville,6/3/2016 9:30:00 AM,2,0,0,36.172050,-86.752240,S 10TH ST,,,,250.00,Feet,North,SHELBY AV,,,,0.00,N,Not at Intersection, ,Non-Junction,None,,,         ,Richard,Conger,Clear,"Sideswipe, Same Direction",no,no,no,no,no,False
101237961,METROPOLITAN NASHVILLE POLICE DEPT,2016-0500072,Davidson,Nashville,6/3/2016 9:35:00 AM,2,0,0,36.154770,-86.760580,I 40,,,,0.00,,,,,,,210.95,N,Not at Intersection, ,Non-Junction,None,,,         ,Daniel,Massey,Clear,"Sideswipe, Same Direction",no,no,no,no,no,False
101237987,METROPOLITAN NASHVILLE POLICE DEPT,2016-0479047,Davidson,Nashville,5/27/2016 11:46:00 AM,2,0,0,0.000000,0.000000,10TH AVENUE SOUTH,,,,50.00,Feet,South,BROADWAY,,,,0.00,N,Not at Intersection, ,Non-Junction,None,,,         ,William,Vincion,Clear,Angle,no,no,no,no,no,False
101237991,METROPOLITAN NASHVILLE POLICE DEPT,20160500312,Davidson,Nashville,6/3/2016 11:15:00 AM,2,0,0,36.180050,-86.808700,BUCHANAN ST,,,,0.00,,,15TH AVN,,,,0.00,Y,T-Intersection, ,Non-Junction,None,,,         ,Andrae,Starling,Clear,Rear to Rear,no,no,no,no,no,False
101238007,VANDERBILT UNIVERSITY POLICE,16-0500248,Davidson,Nashville,6/3/2016 10:20:00 AM,2,0,0,36.143200,-86.810390,NATCHEZ TRC RAMP,,,,0.00,,,28TH AVS,,,,0.00,Y,Four-Way, ,Intersection-Related,None,,,         ,Samuel,McClain,Clear,Front to Rear,no,no,no,no,no,Campus
101238009,METROPOLITAN NASHVILLE POLICE DEPT,2016-0500131,Davidson,Nashville,6/3/2016 10:05:00 AM,2,0,0,36.142590,-86.815500,WEST END AV,,,,0.00,,,31ST AVN,,,,0.00,Y,T-Intersection,Y,Intersection,None,,,         ,Jonathan,Seidl,Clear,Angle,no,no,no,no,no,Campus
101238011,METROPOLITAN NASHVILLE POLICE DEPT,20160500182,Davidson,Nashville,6/3/2016 10:25:00 AM,3,1,0,36.198470,-86.776390,I 65,,,,0.00,,,,,,,86.75,N,Not at Intersection,N,Non-Junction,None,,,         ,Brandon,Evans,Clear,Front to Rear,no,no,no,no,no,False
101238021,METROPOLITAN NASHVILLE POLICE DEPT,20160500123,Davidson,Nashville,6/3/2016 12:00:00 AM,2,0,0,36.153230,-86.810620,PARMAN PL,,,,0.00,,,24TH AVN,,,,0.00,Y,Four-Way,N,Intersection-Related,None,,,         ,George,Ward,Clear,Front to Rear,no,no,no,no,yes,False
101238022,METROPOLITAN NASHVILLE POLICE DEPT,20160500249,Davidson,Nashville,6/3/2016 10:56:00 AM,2,0,0,36.150430,-86.798590,TERRACE PL,,,,0.00,,,20TH AVS,,,,0.00,Y,T-Intersection, ,Intersection-Related,None,,,         ,George,Ward,Clear,"Sideswipe, Same Direction",no,no,no,no,no,Campus
101238023,METROPOLITAN NASHVILLE POLICE DEPT,20160500276,Davidson,Nashville,6/3/2016 11:05:00 AM,2,0,0,36.107800,-86.812670,HILLSBORO PKE,,,,0.00,,,GREEN HILLS VILLAGE DR,,,,0.00,Y,T-Intersection, ,Intersection,None,,,         ,Justin,Fox,Cloudy,Front to Rear,no,no,no,no,no,False
101238031,METROPOLITAN NASHVILLE POLICE DEPT,20160500318,Davidson,Nashville,6/3/2016 11:17:00 AM,3,1,0,36.134990,-86.726900,I24E,,,,578.00,Feet,South,I24 E ENT RAMP,,,,0.00,N,Not at Intersection,N,Non-Junction,None,,,         ,Jessie,Meadows,Clear,Front to Rear,no,no,no,no,no,False
101238032,METROPOLITAN NASHVILLE POLICE DEPT,20160500379,Davidson,Nashville,6/3/2016 12:00:00 AM,2,0,0,0.000000,0.000000,WESLEYVILLE ST,,,,100.00,Feet,South,HOLDER CT,,,,0.00,N,Not at Intersection, ,Non-Junction,None,,,         ,Brian,Ewing,Unknown,Angle,no,no,no,no,yes,False
101238037,METROPOLITAN NASHVILLE POLICE DEPT,20160500528,Davidson,Nashville,6/3/2016 12:15:00 PM,2,0,0,36.120880,-86.621100,STONE CHIMNEY CT,,,,228.00,Feet,South,BRANCH OAK TRL,,,,0.00,N,Not at Intersection, ,Non-Junction,None,,,         ,Evan,Hibschman,Clear,Rear to Side,no,no,no,no,no,False
101238077,METROPOLITAN NASHVILLE POLICE DEPT,20160500554,Davidson,Nashville,6/3/2016 1:01:00 PM,2,0,0,36.079810,-86.725570,HARDING PL,,,,220.00,Feet,West,SEVEN MILE CREEK HARDING MALL,,,,0.00,N,Not at Intersection, ,Non-Junction,None,,,         ,Jessie,Meadows,Clear,"Sideswipe, Same Direction",no,no,no,no,no,False
101238078,METROPOLITAN NASHVILLE POLICE DEPT,20160498071,Davidson,Nashville,6/2/2016 7:26:00 PM,2,0,0,36.064790,-86.628480,HAMILTON CHURCH RD,,,,0.00,,,MURFREESBORO PKE,,,,0.00,Y,Four-Way, ,Intersection-Related,None,,,         ,Victoria,Cunningham,Rain,Front to Rear,no,no,no,no,no,False
101238086,METROPOLITAN NASHVILLE POLICE DEPT,20160500350,Davidson,Nashville,6/3/2016 11:10:00 AM,2,0,0,36.132430,-86.720620,MURFREESBORO PKE,,,,263.00,Feet,South,PAVILION BLVD,,,,0.00,N,Not at Intersection,N,Non-Junction,None,,,         ,David,Simmonds,Clear,"Sideswipe, Same Direction",no,no,no,yes,yes,False
101238095,METROPOLITAN NASHVILLE POLICE DEPT,20160500439,Davidson,Nashville,6/3/2016 11:28:00 AM,2,0,0,36.133830,-86.771780,WEDGEWOOD AV,,,,0.00,,,STEWART PL,,,,0.00,Y,T-Intersection, ,Intersection,Work Zone,,,         ,Ronald,Raynore,Clear,Angle,no,no,no,no,no,False
101238098,METROPOLITAN NASHVILLE POLICE DEPT,20160500293,Davidson,Nashville,6/3/2016 11:05:00 AM,2,0,0,36.111280,-86.756380,THOMPSON LN,,,,342.00,Feet,West,SIDCO DR,,,,0.00,N,Not at Intersection,N,Non-Junction,None,,,         ,Justin,Pinkelton,Clear,Front to Rear,no,no,no,no,no,False
101238099,METROPOLITAN NASHVILLE POLICE DEPT,2016-0500520,Davidson,Nashville,6/3/2016 12:11:00 PM,2,0,0,36.151800,-86.771250,LAFAYETTE ST,,,,0.00,,,4TH AVS,,,,0.00,Y,Four-Way, ,Intersection,None,,,         ,Daniel,Massey,Clear,"Sideswipe, Same Direction",no,no,no,no,no,False
101238107,METROPOLITAN NASHVILLE POLICE DEPT,20160500545,Davidson,Nashville,6/3/2016 12:10:00 PM,3,4,0,36.123730,-86.772840,I 65,,,,0.00,,,,,,,80.60,N,Not at Intersection,N,Non-Junction,None,,,         ,Nathan,Kemp,Clear,"Sideswipe, Same Direction",no,no,no,no,no,False
101238108,METROPOLITAN NASHVILLE POLICE DEPT,20160500697,Davidson,Nashville,6/3/2016 1:11:00 PM,2,2,0,36.104670,-86.808910,HILLMONT DR,,,,114.00,Feet,North,RICHARD JONES RD,,,,0.00,N,Not at Intersection,N,Non-Junction,None,,,         ,Nathan,Kemp,Clear,Front to Rear,no,no,no,no,no,False
101238116,METROPOLITAN NASHVILLE POLICE DEPT,20160500632,Davidson,Nashville,6/3/2016 12:45:00 PM,2,0,0,36.132650,-86.893400,CHARLOTTE PKE,,,,0.00,,,I40 E ENT RAMP,,,,0.00,Y,Four-Way, ,Intersection-Related,Construction Zone,,,         ,Charles,Boles,Cloudy,Front to Rear,no,no,no,no,yes,False
101238121,METROPOLITAN NASHVILLE POLICE DEPT,20160500675,Davidson,Not in City Limit,6/3/2016 12:55:00 PM,2,0,0,36.326390,-86.885930,I 24,,,,0.00,,,,,,,34.00,N,Not at Intersection, ,Non-Junction,None,,,         ,Michael,McCord,Cloudy,Front to Rear,no,no,no,no,no,False
101238124,METROPOLITAN NASHVILLE POLICE DEPT,20160500538,Davidson,Nashville,6/3/2016 12:22:00 PM,2,0,0,36.298470,-86.654190,OVERLOOK CIR,,,,0.00,,,POWER PLANT RD,,,,0.00,Y,T-Intersection, ,Intersection,None,,,         ,Evan,Hibschman,Clear,Angle,no,no,no,no,no,False
101238127,METROPOLITAN NASHVILLE POLICE DEPT,2016-0500718,Davidson,Nashville,6/3/2016 1:40:00 PM,2,0,0,36.149350,-86.861310,CHARLOTTE PKE,,,,423.00,Feet,West,OCEOLA AV,,,,0.00,N,Not at Intersection, ,Non-Junction,None,,,         ,George,Spencer,Clear,Angle,no,no,no,no,no,False
101238129,METROPOLITAN NASHVILLE POLICE DEPT,20160500606,Davidson,Nashville,6/3/2016 12:43:00 PM,2,0,0,36.162110,-86.790610,11TH AVN,,,,0.00,,,CHARLOTTE AV,,,,0.00,Y,Four-Way,N,Non-Junction,None,,,         ,Pedro,Rivera Chaparro,Clear,"Sideswipe, Same Direction",no,no,no,no,no,False
101238133,METROPOLITAN NASHVILLE POLICE DEPT,20160500658,Davidson,Nashville,6/3/2016 12:00:00 AM,2,0,0,36.069120,-86.683840,ANTIOCH PKE,,,,0.00,,,RICHARDS RD,,,,0.00,Y,T-Intersection,N,Intersection,None,,,         ,Roy,McElwee,Clear,Angle,no,no,no,no,no,False
101238135,METROPOLITAN NASHVILLE POLICE DEPT,20160500824,Davidson,Nashville,6/3/2016 1:50:00 PM,2,0,0,36.176510,-86.769720,SPRING ST,,,,0.00,,,I24 W EXT RAMP,,,,0.00,Y,Four-Way, ,,None,,,         ,Erik,Nash,,,no,no,no,no,no,False
101238140,METROPOLITAN NASHVILLE POLICE DEPT,2016-0500503,Davidson,Nashville,6/3/2016 12:05:00 PM,2,0,0,36.146270,-86.809790,WEST END AV,,,,0.00,,,NATCHEZ TRC,,,,0.00,Y,OTHER, ,,None,,,         ,Jonathan,Seidl,,,no,no,no,yes,no,Campus