master_record_number,agency,agency_tracking_number,county,city,collision_date,vehicles_involved,number_injured,number_dead,latitude,longitude,roadway_name,roadway_suffix,roadway_number,roadway_local_id,distance_from_reference,miles-feet_indicator,direction_from_reference,intersection_road_name,intersection_road_name_suffix,intersection_road_number,intersection_local_id,mile_marker,intersection_indicator,intersect_type,interchange_related_indicator,relation_to_junction,work_zone_type,construction_maintenance_zone,construction_maintenance_zone_location,fatal_case_number,officer_first_name,officer_last_name,weather_condition(s),manner_of_crash,pedestrian,bicycle,scooter,parking,hitrun,mou
101238150,METROPOLITAN NASHVILLE POLICE DEPT,2016-0497412,Davidson,Nashville,6/2/2016 4:00:00 PM,2,0,0,36.038210,-86.800900,WESTPARK DR,,,,0.00,,,OLD HICKORY BLVD,,,,0.00,Y,T-Intersection, ,Intersection-Related,None,,,         ,William,King,Clear,Front to Rear,no,no,no,no,no,False
101238157,METROPOLITAN NASHVILLE POLICE DEPT,2016-0500472,Davidson,Nashville,6/3/2016 12:04:00 PM,2,0,0,36.044850,-86.668370,BELL RD,,,,0.00,,,BEECHWOOD TER,,,,0.00,Y,Four-Way, ,"Driveway, Alley Access, etc",None,,,         ,William,Whitworth,Clear,Angle,no,no,no,no,no,False
101238158,METROPOLITAN NASHVILLE POLICE DEPT,2016-0500855,Davidson,Antioch,6/3/2016 2:14:00 PM,1,0,0,0.000000,0.000000,,,I24,,500.00,Feet,West,,,,,62.20,N,Not at Intersection,N,Non-Junction,None,,,         ,William,Whitworth,Cloudy,Not Collision with Motor Vehicle in Transport,no,no,no,no,no,False
101238187,METROPOLITAN NASHVILLE POLICE DEPT,20160500543,Davidson,Nashville,6/3/2016 12:23:00 PM,1,0,0,36.140750,-86.732310,I 40,,,,0.00,,,,,,,213.00,N,Not at Intersection,N,Non-Junction,None,,,         ,Ralph,Harvey,Clear,Not Collision with Motor Vehicle in Transport,no,no,no,no,no,False
101238197,GOODLETTSVILLE POLICE DEPT,16-20009,Davidson,Goodlettsville,6/3/2016 1:47:00 PM,2,0,0,36.305570,-86.703080,RIVERGATE PKWY,,,,0.00,,,MEADOWLARK LN,,,,0.00,Y,Four-Way, ,Intersection-Related,None,,,         ,Benny,Alexander,Cloudy,Front to Rear,no,no,no,no,no,False
101238202,METROPOLITAN NASHVILLE POLICE DEPT,20160490994,Davidson,Nashville,5/31/2016 9:00:00 PM,2,1,0,36.068770,-86.717510,HAYWOOD LN,,,,363.00,Feet,West,HOPEDALE DR,,,,0.00,N,Not at Intersection,N,Non-Junction,None,,,         ,Nakia,Reid,Clear,"Sideswipe, Same Direction",no,no,no,no,no,False
101238203,METROPOLITAN NASHVILLE POLICE DEPT,20160500940,Davidson,Nashville,6/3/2016 2:01:00 PM,2,0,0,36.183730,-86.747640,EASTLAND AV,,,,219.00,Feet,East,GALLATIN AV,,,,0.00,N,Not at Intersection,N,"Driveway, Alley Access, etc",None,,,         ,Cressie,Prill,Clear,Angle,no,no,no,no,no,False
101238206,METROPOLITAN NASHVILLE POLICE DEPT,20160498324,Davidson,Antioch,6/2/2016 7:30:00 PM,2,0,0,0.000000,0.000000,I 24 E EXT,RAMP,,,0.00,,,OLD HICKORY,BLVD,,,0.00,Y,T-Intersection, ,Intersection-Related,None,,,         ,Victoria,Cunningham,Clear,"Sideswipe, Same Direction",no,no,no,no,no,False
101238207,METROPOLITAN NASHVILLE POLICE DEPT,20160498373,Davidson,Nashville,6/2/2016 9:06:00 PM,2,1,0,36.145720,-86.705960,AIR LANE DR,,,,0.00,,,ELM HILL PKE,,,,0.00,Y,Four-Way,N,Intersection,None,,,         ,Mikala,Moore,Cloudy,Angle,no,no,no,no,yes,False
101238218,THP District 3 - Nashville,316031635,Davidson,Nashville,5/31/2016 10:30:00 AM,2,1,0,36.163820,-86.787020,ROSA L PARKS BLVD,,,,117.00,Feet,West,CHARLOTTE AV,,,,0.00,N,Not at Intersection,N,Entrance/Exit Ramp Related,None,,,         ,William,Matsunaga,Clear,Front to Rear,no,no,no,no,no,False
101238220,METROPOLITAN NASHVILLE POLICE DEPT,20160500954,Davidson,Nashville,6/3/2016 2:49:00 PM,2,0,0,36.141240,-86.814470,31ST AVS,,,,0.00,,,VANDERBILT PL,,,,0.00,Y,Four-Way, ,Intersection-Related,None,,,         ,Tien,Nguyen,Clear,"Sideswipe, Same Direction",no,no,no,no,no,Campus
101238228,THP District 3 - Nashville,316031763,Davidson,Nashville,6/1/2016 6:30:00 AM,1,0,0,36.195580,-86.862710,STEWARTS LN,,,,0.00,,,,,,,0.00,,, ,Non-Junction,None,,,         ,William,Matsunaga,Clear,Not Collision with Motor Vehicle in Transport,no,no,no,yes,no,False
101238257,METROPOLITAN NASHVILLE POLICE DEPT,20160491112,Davidson,Nashville,5/31/2016 9:36:00 PM,2,0,0,36.072250,-86.691720,I 24,,,,0.00,,,,,,,56.80,N,Not at Intersection,N,Non-Junction,None,,,         ,William,Durham,Clear,Front to Rear,no,no,no,no,no,False
101238262,METROPOLITAN NASHVILLE POLICE DEPT,20160501084,Davidson,Nashville,6/3/2016 3:48:00 PM,2,0,0,36.088070,-86.716300,PARAGON MILLS RD,,,,290.00,Feet,East,BENITA DR,,,,0.00,N,Not at Intersection, ,Non-Junction,None,,,         ,Richard,Olive,Cloudy,Front to Rear,no,no,no,no,no,False
101238263,METROPOLITAN NASHVILLE POLICE DEPT,20160500982,Davidson,Nashville,6/3/2016 2:15:00 PM,2,0,0,36.150270,-86.791880,MUSIC SQE,,,,165.00,Feet,South,MUSIC CIRN,,,,0.00,N,Not at Intersection, ,,None,,,         ,Jose,Salazar,,,no,no,no,no,no,False
101238268,METROPOLITAN NASHVILLE POLICE DEPT,20160501036,Davidson,Nashville,6/3/2016 3:22:00 PM,2,0,0,36.129980,-86.727340,I24E,,,,243.00,Feet,West,I24 W EXT RAMP,,,,0.00,N,Not at Intersection, ,Non-Junction,None,,,         ,Jarret,Sonnenberg,Clear,Front to Rear,no,no,no,no,no,False
101238269,METROPOLITAN NASHVILLE POLICE DEPT,2016-0501014,Davidson,Nashville,6/3/2016 3:18:00 PM,2,0,0,36.111060,-86.747360,THOMPSON LN,,,,0.00,,,LOUISE DR,,,,0.00,Y,T-Intersection, ,Intersection-Related,None,,,         ,Austin,Kendrick,Clear,Angle,no,no,no,no,no,False
101238271,METROPOLITAN NASHVILLE POLICE DEPT,20160500939,Davidson,Nashville,6/3/2016 2:37:00 PM,2,0,0,36.126390,-86.804560,US HWY 431,,,,0.00,,,WESTWOOD AVE,,,,0.00,Y,T-Intersection,N,Intersection,None,,,         ,Eric,Burford,Clear,Angle,no,no,no,no,no,False
101238272,METROPOLITAN NASHVILLE POLICE DEPT,20160501110,Davidson,Nashville,6/3/2016 3:57:00 PM,1,1,0,36.129210,-86.802620,US HWY 431,,,,0.00,,,ASHWOOD AVE,,,,0.00,Y,OTHER,N,Intersection-Related,None,,,         ,Eric,Burford,Clear,Not Collision with Motor Vehicle in Transport,no,no,no,no,no,False
101238274,METROPOLITAN NASHVILLE POLICE DEPT,20160500894,Davidson,Nashville,6/3/2016 2:31:00 PM,2,1,0,36.228210,-86.759490,DICKERSON PKE,,,,429.00,Feet,South,BROADMOOR DR,,,,0.00,N,Not at Intersection,N,Non-Junction,None,,,         ,Christopher,Davis,Clear,Angle,no,no,no,no,no,False
101238277,METROPOLITAN NASHVILLE POLICE DEPT,20160501128,Davidson,Nashville,6/3/2016 4:05:00 PM,2,0,0,36.064790,-86.628480,HAMILTON CHURCH RD,,,,0.00,,,MURFREESBORO PKE,,,,0.00,Y,Four-Way,N,Intersection,None,,,         ,Jarred,Ruhlman,Rain,Front to Rear,no,no,no,no,no,False
101238282,METROPOLITAN NASHVILLE POLICE DEPT,2016-0501145,Davidson,Not in City Limit,6/3/2016 4:10:00 PM,2,0,0,36.077340,-87.020770,MCCRORY LN,,,,0.00,,,I40 W EXT RAMP,,,,0.00,Y,T-Intersection, ,,None,,,         ,Ryan,Allen,,,no,no,no,no,no,False
101238287,THP District 9 - Administrative,316032209,Davidson,Nashville,6/3/2016 2:02:00 PM,2,0,0,36.159520,-86.795650,CHARLOTTE AV,,,,0.00,,,,,,,0.00,,, ,Non-Junction,None,,,         ,Michael,Morgan,Clear,Front to Rear,no,no,no,yes,no,False
101238289,METROPOLITAN NASHVILLE POLICE DEPT,20160501165,Davidson,Nashville,6/3/2016 4:14:00 PM,2,0,0,36.174060,-86.603210,CENTRAL PKE,,,,350.00,Feet,West,OLD HICKORY BLVD,,,,0.00,N,Not at Intersection, ,,None,,,         ,Tyler,Conrads,,,no,no,no,no,no,False
101238290,METROPOLITAN NASHVILLE POLICE DEPT,20160500947,Davidson,Nashville,6/3/2016 2:55:00 PM,2,1,0,36.154480,-86.779430,8TH AVS,,,,0.00,Feet,,LAFAYETTE ST,,,,0.00,Y,Roundabout,N,Intersection-Related,None,,,         ,Michael,Baron,Clear,Angle,no,no,no,no,no,False
101238306,METROPOLITAN NASHVILLE POLICE DEPT,20160501028,Davidson,Nashville,6/3/2016 3:07:00 PM,2,0,0,36.161110,-86.781080,COMMERCE ST,,,,164.00,Feet,West,6TH AVN,,,,0.00,N,Not at Intersection, ,Non-Junction,None,,,         ,Jason,King,Clear,"Sideswipe, Same Direction",no,no,no,no,no,False
101238307,METROPOLITAN NASHVILLE POLICE DEPT,20160501327,Davidson,Nashville,6/3/2016 5:20:00 PM,2,0,0,36.155570,-86.766170,HERMITAGE AV,,,,0.00,,,ACADEMY PL,,,,0.00,Y,T-Intersection, ,Intersection,None,,,         ,Wesley,Feinstein,Clear,Front to Rear,no,no,no,no,no,False
101238308,METROPOLITAN NASHVILLE POLICE DEPT,2016-0500830,Davidson,Nashville,6/3/2016 1:50:00 PM,2,0,0,36.190840,-86.615350,OLD HICKORY BLVD,,,,0.00,,,OLD LEBANON DIRT RD,,,,0.00,Y,Four-Way, ,Intersection,None,,,         ,Michael,Baker,Cloudy,Front to Rear,no,no,no,no,no,False
101238313,METROPOLITAN NASHVILLE POLICE DEPT,20160501216,Davidson,Nashville,6/3/2016 4:39:00 PM,2,0,0,36.149780,-86.772970,I40 W ENT RAMP,,,,0.00,,,I 40,,,,0.00,Y,Four-Way,N,Intersection-Related,None,,,         ,Tien,Nguyen,Cloudy,"Sideswipe, Same Direction",no,no,no,no,no,False
101238319,METROPOLITAN NASHVILLE POLICE DEPT,20160498332,Davidson,Nashville,6/2/2016 8:51:00 PM,2,1,0,36.049280,-86.651730,BELL RD,,,,0.00,,,HICKORY HOLLOW MALL PVTDR PL,,,,0.00,Y,Four-Way,N,Intersection,None,,,         ,Alyson,Cook,Clear,Front to Rear,no,no,no,no,no,False
101238320,METROPOLITAN NASHVILLE POLICE DEPT,20160501163,Davidson,Nashville,6/3/2016 4:14:00 PM,2,0,0,36.114860,-86.719560,DRUMMOND DR,,,,0.00,Feet,,EAST THOMPSON LN,,,,0.00,Y,Four-Way, ,Intersection,None,,,         ,Alyson,Cook,Clear,Angle,no,no,no,no,no,False
101238327,METROPOLITAN NASHVILLE POLICE DEPT,20160501302,Davidson,Nashville,6/3/2016 5:13:00 PM,2,0,0,36.176910,-86.774580,SPRING ST,,,,0.00,,,N 1ST ST,,,,0.00,Y,Four-Way, ,Intersection,None,,,         ,Christian,Martin,Cloudy,Front to Rear,no,no,no,no,yes,False
101238343,METROPOLITAN NASHVILLE POLICE DEPT,20160501444,Davidson,Nashville,6/3/2016 4:50:00 PM,1,0,0,36.201820,-86.776600,I 65,,,,0.00,,,,,,,87.00,N,Not at Intersection, ,Non-Junction,None,,,         ,Bradley,Campbell,Clear,Not Collision with Motor Vehicle in Transport,no,no,no,no,no,False
101238367,METROPOLITAN NASHVILLE POLICE DEPT,20160501482,Davidson,Nashville,6/3/2016 6:12:00 PM,2,0,0,36.135540,-86.797170,MAGNOLIA BLVD,,,,0.00,,,17TH AVS,,,,0.00,Y,T-Intersection,N,Intersection-Related,None,,,         ,Tien,Nguyen,Clear,Angle,no,no,no,no,no,False
101238368,METROPOLITAN NASHVILLE POLICE DEPT,20160500800,Davidson,Nashville,6/3/2016 2:01:00 PM,2,0,0,36.086980,-86.693380,HARDING PL,,,,383.00,Feet,West,ANTIOCH PKE,,,,0.00,N,Not at Intersection,N,Non-Junction,None,,,         ,Jessie,Meadows,Clear,HeadOn,no,no,no,no,no,False
101238369,METROPOLITAN NASHVILLE POLICE DEPT,20160500701,Davidson,Nashville,6/3/2016 2:23:00 PM,2,0,0,36.088910,-86.702140,I 24,,,,0.00,,,,,,,55.50,N,Not at Intersection, ,Non-Junction,None,,,         ,Jessie,Meadows,Clear,Front to Rear,no,no,no,no,no,False
101238370,METROPOLITAN NASHVILLE POLICE DEPT,20160500901,Davidson,Nashville,6/3/2016 2:37:00 PM,3,1,0,36.109070,-86.744250,NOLENSVILLE PKE,,,,143.00,Feet,North,TANKSLEY AV,,,,0.00,N,Not at Intersection,N,Non-Junction,None,,,         ,Jessie,Meadows,Clear,Front to Rear,no,no,no,no,no,False
101238371,METROPOLITAN NASHVILLE POLICE DEPT,20160501088,Davidson,Nashville,6/3/2016 4:11:00 PM,2,0,0,36.110850,-86.743850,THOMPSON LN,,,,264.00,Feet,West,NOLENSVILLE PKE,,,,0.00,N,Not at Intersection, ,Non-Junction,None,,,         ,Jessie,Meadows,Clear,Front to Rear,no,no,no,no,no,False
101238373,METROPOLITAN NASHVILLE POLICE DEPT,20160500964,Davidson,Nashville,6/3/2016 3:00:00 PM,2,0,0,36.234030,-86.813940,BRILEY PKWYE,,,,384.00,Feet,East,WHITES CREEK PKE,,,,0.00,N,Not at Intersection, ,,None,,,         ,Khalid,Abbady,,,no,no,no,no,no,False
101238374,METROPOLITAN NASHVILLE POLICE DEPT,20160501272,Davidson,Nashville,6/3/2016 4:55:00 PM,3,0,0,36.193050,-86.830230,CLARKSVILLE PKE,,,,367.00,Feet,East,BUENA VISTA PKE,,,,0.00,N,Not at Intersection,N,Non-Junction,None,,,         ,Khalid,Abbady,Clear,Front to Rear,no,no,no,no,yes,False
101238375,METROPOLITAN NASHVILLE POLICE DEPT,20160501438,Davidson,Nashville,6/3/2016 6:17:00 PM,2,1,0,36.217010,-86.810050,WALKER LN,,,,0.00,,,MOORMANS ARM RD,,,,0.00,Y,T-Intersection,N,Intersection,None,,,         ,Brandon,Rardin,Cloudy,Angle,no,no,no,no,no,False
101238387,METROPOLITAN NASHVILLE POLICE DEPT,20160501519,Davidson,Nashville,6/3/2016 6:49:00 PM,2,0,0,36.136190,-86.788900,WEDGEWOOD AVE,,,,60.00,Feet,West,12TH AVE S,,,,0.00,N,Not at Intersection,N,Non-Junction,None,,,         ,Eric,Burford,Rain,Angle,no,no,no,no,no,False
101238397,METROPOLITAN NASHVILLE POLICE DEPT,20160501548,Davidson,Nashville,6/3/2016 6:25:00 PM,2,0,0,36.151380,-86.852860,CHARLOTTE AV,,,,231.00,Feet,East,54TH AVN,,,,0.00,N,Not at Intersection,N,Non-Junction,None,,,         ,Barrett,Teague,Clear,Angle,no,no,no,no,yes,False
101238398,GOODLETTSVILLE POLICE DEPT,16-20040,Davidson,Goodlettsville,6/3/2016 5:52:00 PM,2,0,0,36.304863,-86.706007,VIETNAM VETERANS,BLVD,SR386,,0.40,Miles,East,,,I65,,95.00,N,Not at Intersection, ,Non-Junction,None,,,         ,Charles,Hauskin,Clear,"Sideswipe, Same Direction",no,no,no,no,no,False
101238399,METROPOLITAN NASHVILLE POLICE DEPT,20160501291,Davidson,Nashville,6/3/2016 5:00:00 PM,3,1,0,36.153790,-86.794410,17TH AVS,,,,0.00,,,WEST END AV,,,,0.00,Y,Four-Way,N,Intersection,None,,,         ,Jose,Salazar,Clear,Front to Rear,no,no,no,no,no,False
101238402,METROPOLITAN NASHVILLE POLICE DEPT,20160501405,Davidson,Not in City Limit,6/3/2016 6:00:00 PM,2,0,0,36.276860,-86.801060,I24 E EXT RAMP,,,,0.00,Feet,East,I 24,,,,0.00,N,Not at Intersection, ,Entrance/Exit Ramp Related,None,,,         ,Timothy,Morgan,Cloudy,Front to Rear,no,no,no,no,no,False
101238413,METROPOLITAN NASHVILLE POLICE DEPT,20160501241,Davidson,Nashville,6/3/2016 4:45:00 PM,3,0,0,36.168690,-86.759380,SHELBY AV,,,,60.00,Feet,East,S 6TH ST,,,,0.00,N,Not at Intersection, ,Non-Junction,None,,,         ,Kimberly,Brown,Clear,Front to Rear,no,no,no,no,no,False
101238420,METROPOLITAN NASHVILLE POLICE DEPT,20160501601,Davidson,Nashville,6/3/2016 7:21:00 PM,1,0,0,36.219870,-86.754930,JONES AV,,,,341.00,Feet,South,HART LN,,,,0.00,N,Not at Intersection,N,Non-Junction,None,,,         ,Cressie,Prill,Rain,Not Collision with Motor Vehicle in Transport,no,no,no,no,yes,False
101238423,METROPOLITAN NASHVILLE POLICE DEPT,20160501491,Davidson,Nashville,6/3/2016 6:32:00 PM,2,0,0,36.097700,-86.709540,I 24,,,,0.00,,,,,,,54.75,N,Not at Intersection, ,Non-Junction,None,,,         ,Alyson,Cook,Clear,Front to Rear,no,no,no,no,yes,False
101238428,METROPOLITAN NASHVILLE POLICE DEPT,20160501680,Davidson,Nashville,6/3/2016 7:47:00 PM,2,1,0,0.000000,0.000000,17TH AVE S,AVE,,1404,300.00,Feet,South,HORTON,AVE,,,0.00,N,Not at Intersection,N,Non-Junction,None,,,         ,David,Collins,Rain,"Sideswipe, Same Direction",no,no,no,no,no,False
101238430,METROPOLITAN NASHVILLE POLICE DEPT,20160501709,Davidson,Nashville,6/3/2016 8:00:00 PM,1,1,0,36.164480,-86.763130,I 24,,,,0.00,,,,,,,49.10,N,Not at Intersection,Y,Non-Junction,None,,,         ,Randy,Heinze,Rain,Not Collision with Motor Vehicle in Transport,no,no,no,no,no,False
101238431,METROPOLITAN NASHVILLE POLICE DEPT,20160498359,Davidson,Nashville,6/2/2016 8:59:00 PM,2,0,0,36.122610,-86.727400,I 24,,,,0.00,,,,,,,52.75,N,Not at Intersection,N,Non-Junction,None,,,         ,Jarret,Sonnenberg,Clear,Front to Rear,no,no,no,no,no,False
101238433,METROPOLITAN NASHVILLE POLICE DEPT,20160501613,Davidson,Nashville,6/3/2016 7:26:00 PM,2,0,0,36.165750,-86.782150,CHARLOTTE AV,,,,82.00,Feet,West,5TH AVN,,,,0.00,N,Not at Intersection, ,Non-Junction,None,,,         ,Michael,Baron,Rain,Front to Rear,no,no,no,no,no,False
101238437,METROPOLITAN NASHVILLE POLICE DEPT,20160500802,Davidson,Nashville,6/3/2016 1:35:00 PM,3,0,0,36.182960,-86.810910,CLAY ST,,,,84.00,Feet,East,16TH AVN,,,,0.00,N,Not at Intersection,N,Non-Junction,None,,,         ,Royce,McLester,Cloudy,Angle,no,no,no,no,no,False
101238438,METROPOLITAN NASHVILLE POLICE DEPT,2016-0501633,Davidson,Not in City Limit,6/3/2016 7:35:00 PM,1,0,0,36.077110,-87.010170,I 40,,,,0.00,,,,,,,193.10,N,Not at Intersection,N,Non-Junction,None,,,         ,Michael,Rogers,Rain,Not Collision with Motor Vehicle in Transport,no,no,no,no,no,False
101238439,METROPOLITAN NASHVILLE POLICE DEPT,20160490330,Davidson,Nashville,5/31/2016 5:00:00 PM,2,0,0,36.082670,-86.710490,TAMPA DR,,,,0.00,,,HARDING PL,,,,0.00,Y,Four-Way, ,Non-Junction,None,,,         ,Darryl,Williams,Clear,"Sideswipe, Same Direction",no,no,no,no,yes,False
101238445,METROPOLITAN NASHVILLE POLICE DEPT,20160501685,Davidson,Nashville,6/3/2016 7:40:00 PM,2,0,0,36.215280,-86.588540,TULIP GROVE RD,,,,45.00,Feet,South,LEBANON PKE,,,,0.00,N,Not at Intersection,N,OtherLocation,None,,,         ,Christopher,Mackey,Rain,Other,no,no,no,no,no,False
101238452,METROPOLITAN NASHVILLE POLICE DEPT,2016-0501750,Davidson,Nashville,6/3/2016 7:30:00 PM,2,0,0,36.044940,-86.664760,BELL RD,,,,698.00,Feet,East,CEDAR POINTE PKWY,,,,0.00,N,Not at Intersection, ,Non-Junction,None,,,         ,Jarred,Ruhlman,Rain,Front to Rear,no,no,no,no,no,False
101238475,METROPOLITAN NASHVILLE POLICE DEPT,20160500930,Davidson,Nashville,6/3/2016 2:44:00 PM,2,0,0,36.045450,-86.704030,OLD HICKORY BLVD,,,,123.00,Feet,West,EULALA DR,,,,0.00,N,Not at Intersection,N,Non-Junction,None,,,         ,Tamara,Zurawski,Rain,Front to Rear,no,no,no,no,yes,False
101238476,METROPOLITAN NASHVILLE POLICE DEPT,20160501044,Davidson,Nashville,6/3/2016 3:21:00 PM,2,0,0,36.045430,-86.703610,OLD HICKORY BLVD,,,,0.00,Feet,,EULALA DR,,,,0.00,Y,Four-Way,N,Intersection-Related,None,,,         ,Tamara,Zurawski,Rain,Front to Rear,no,no,no,no,no,False
101238483,METROPOLITAN NASHVILLE POLICE DEPT,20160501908,Davidson,Nashville,6/3/2016 9:20:00 PM,1,1,0,36.235130,-86.758660,HOMESTEAD RD,,,,100.00,Feet,West,DICKERSON PKE,,,,0.00,N,Not at Intersection,N,Non-Junction,None,,,         ,Charles,Wakefield,Rain,Not Collision with Motor Vehicle in Transport,no,no,no,yes,no,False
101238498,METROPOLITAN NASHVILLE POLICE DEPT,20160501513,Davidson,Nashville,6/3/2016 6:45:00 PM,1,1,0,36.143990,-86.738680,I 40,,,,0.00,,,,,,,212.40,N,Not at Intersection,N,Non-Junction,None,,,         ,Mikala,Moore,Rain,Not Collision with Motor Vehicle in Transport,no,no,no,no,no,False
101238511,METROPOLITAN NASHVILLE POLICE DEPT,20160501799,Davidson,Nashville,6/3/2016 8:17:00 PM,2,1,0,36.228470,-86.759440,DICKERSON PKE,,,,333.00,Feet,South,BROADMOOR DR,,,,0.00,N,Not at Intersection,N,Non-Junction,None,,,         ,Christopher,Davis,Rain,Front to Rear,no,no,no,no,no,False
101238512,METROPOLITAN NASHVILLE POLICE DEPT,20160501842,Davidson,Nashville,6/3/2016 8:53:00 PM,2,5,0,36.167600,-86.762220,S 5TH ST,,,,0.00,,,SHELBY AV,,,,0.00,Y,Four-Way,N,Intersection,None,,,         ,James,Smith,Rain,HeadOn,no,no,no,no,no,False
101238513,METROPOLITAN NASHVILLE POLICE DEPT,20160501231,Davidson,Not in City Limit,6/3/2016 4:34:00 PM,2,0,0,36.260260,-86.712900,GALLATIN PKES,,,,40.00,Feet,South,HICKORY ST,,,,0.00,N,Not at Intersection,N,Non-Junction,None,,,         ,Samuel,Miller,Clear,"Sideswipe, Same Direction",no,no,no,no,no,False
101238514,METROPOLITAN NASHVILLE POLICE DEPT,20160501299,Davidson,Nashville,6/3/2016 12:00:00 AM,2,0,0,36.151700,-86.767970,I 40,,,,0.00,,,,,,,210.50,N,Not at Intersection,N,Non-Junction,None,,,         ,Craig,Gentry,Clear,Front to Rear,no,no,no,no,yes,False
101238515,METROPOLITAN NASHVILLE POLICE DEPT,20160501437,Davidson,Nashville,6/3/2016 5:00:00 PM,2,0,0,36.142800,-86.744360,FESSLERS LN,,,,0.00,,,MURFREESBORO PKE,,,,0.00,Y,Four-Way, ,Intersection,None,,,         ,Craig,Gentry,Clear,"Sideswipe, Opposite Direction",no,no,no,no,no,False
101238518,METROPOLITAN NASHVILLE POLICE DEPT,20160501872,Davidson,Nashville,6/3/2016 9:00:00 PM,2,2,0,36.051510,-86.714360,NOLENSVILLE PKE,,,,0.00,Feet,West,OCALA DR,,,,0.00,N,Not at Intersection,N,OtherLocation,None,,,         ,Thomas,West,Rain,Front to Rear,no,no,no,no,yes,False
101238520,METROPOLITAN NASHVILLE POLICE DEPT,20160502026,Davidson,Nashville,6/3/2016 9:28:00 PM,2,0,0,36.064810,-86.622110,HAMILTON CHURCH RD,,,,0.00,,,OWENDALE DR,,,,0.00,Y,T-Intersection, ,Intersection,None,,,         ,Darryl,Williams,Rain,Angle,no,no,no,no,yes,False
101238539,METROPOLITAN NASHVILLE POLICE DEPT,20160501151,Davidson,Nashville,6/3/2016 3:50:00 PM,4,0,0,36.107640,-86.728620,SOUTHLAKE DR,,,,234.00,Feet,North,NEESE DR,,,,0.00,N,Not at Intersection,N,Non-Junction,None,,,         ,Michael,Russell,Rain,Front to Rear,no,no,no,no,no,False
101238543,METROPOLITAN NASHVILLE POLICE DEPT,20160497640,Davidson,Nashville,6/2/2016 5:10:00 PM,2,0,0,36.140720,-86.732250,I 40,,,,0.00,,,,,,,213.00,N,Not at Intersection,N,Non-Junction,None,,,         ,John,Daugherty,Clear,Front to Rear,no,no,no,no,no,False
101238544,METROPOLITAN NASHVILLE POLICE DEPT,20160494239,Davidson,Nashville,6/1/2016 6:20:00 PM,3,1,0,36.154320,-86.742130,LEBANON PKE,,,,0.00,,,FESSLERS LN,,,,0.00,Y,T-Intersection,N,Intersection,None,,,         ,John,Daugherty,Rain,HeadOn,no,no,no,no,no,False
101238546,METROPOLITAN NASHVILLE POLICE DEPT,20160497544,Davidson,Nashville,6/2/2016 4:44:00 PM,3,2,0,36.249540,-86.719310,GALLATIN PKES,,,,50.00,Feet,North,E PALESTINE AV,,,,0.00,N,Not at Intersection,N,Non-Junction,None,,,         ,Samuel,Miller,Clear,Front to Rear,no,no,no,no,no,False
101238558,METROPOLITAN NASHVILLE POLICE DEPT,20160502113,Davidson,Nashville,6/3/2016 9:59:00 PM,3,0,0,36.104840,-86.814570,HILLSBORO PKE,,,,17.00,Feet,North,RICHARD JONES RD,,,,0.00,N,Not at Intersection, ,Non-Junction,None,,,         ,Steven,Wiser,Rain,Front to Rear,no,no,no,no,no,False
101238569,METROPOLITAN NASHVILLE POLICE DEPT,20160502040,Davidson,Nashville,6/3/2016 10:00:00 PM,2,0,0,36.176270,-86.804670,14TH AVN,,,,187.00,Feet,North,COCKRILL ST,,,,0.00,N,Not at Intersection,N,Non-Junction,None,,,         ,Landon,Bagwell,Rain,Angle,no,no,no,no,yes,False
101238571,METROPOLITAN NASHVILLE POLICE DEPT,20160502164,Davidson,Nashville,6/3/2016 12:00:00 AM,2,0,0,36.079600,-86.726320,NOLENSVILLE PKE,,,,0.00,Feet,,HARDING PL,,,,0.00,Y,Four-Way, ,Intersection,None,,,         ,Brian,Mclarty,Rain,Angle,no,no,no,no,no,False
101238573,METROPOLITAN NASHVILLE POLICE DEPT,20160502201,Davidson,Nashville,6/3/2016 11:20:00 PM,2,0,0,36.173080,-86.764700,MAIN ST,,,,208.00,Feet,East,SPRING ST,,,,0.00,N,Not at Intersection, ,Non-Junction,None,,,         ,Wallis,Massey,Rain,"Sideswipe, Same Direction",no,no,no,no,no,False
101238586,METROPOLITAN NASHVILLE POLICE DEPT,20160502394,Davidson,Nashville,6/3/2016 11:15:00 PM,2,0,0,36.086370,-86.731170,ELYSIAN FIELDS RD,,,,336.00,Feet,West,NOLENSVILLE PKE,,,,0.00,N,Not at Intersection, ,Non-Junction,None,,,         ,Marc,Haugen,Rain,Front to Rear,no,no,no,no,no,False
101238589,METROPOLITAN NASHVILLE POLICE DEPT,20160502280,Davidson,Nashville,6/3/2016 11:50:00 PM,2,0,0,36.187950,-86.607770,OLD LEBANON DIRT RD,,,,0.00,,,ANDREW JACKSON PKWY,,,,0.00,Y,Four-Way, ,Intersection,None,,,         ,Keith,Holley,Clear,Angle,no,no,no,no,no,False
101238591,GOODLETTSVILLE POLICE DEPT,16-20060,Davidson,Goodlettsville,6/3/2016 8:35:00 PM,2,0,0,36.298640,-86.713040,I 65,,,,0.00,,,,,,,95.00,N,Not at Intersection,N,Non-Junction,None,,,         ,Brandon,Wright,Rain,"Sideswipe, Same Direction",no,no,no,no,no,False