master_record_number,agency,agency_tracking_number,county,city,collision_date,vehicles_involved,number_injured,number_dead,latitude,longitude,roadway_name,roadway_suffix,roadway_number,roadway_local_id,distance_from_reference,miles-feet_indicator,direction_from_reference,intersection_road_name,intersection_road_name_suffix,intersection_road_number,intersection_local_id,mile_marker,intersection_indicator,intersect_type,interchange_related_indicator,relation_to_junction,work_zone_type,construction_maintenance_zone,construction_maintenance_zone_location,fatal_case_number,officer_first_name,officer_last_name,weather_condition(s),manner_of_crash,pedestrian,bicycle,scooter,parking,hitrun,mou
101238593,METROPOLITAN NASHVILLE POLICE DEPT,20160502335,Davidson,Nashville,6/4/2016 12:15:00 AM,2,4,0,36.054880,-86.661300,MT VIEW RD,,,,293.00,Feet,West,HIGHLANDER DR,,,,0.00,N,Not at Intersection,N,Non-Junction,None,,,         ,William,Coy,Rain,Not Collision with Motor Vehicle in Transport,no,no,no,no,no,False
101238594,METROPOLITAN NASHVILLE POLICE DEPT,20160502258,Davidson,Nashville,6/3/2016 10:44:00 PM,1,0,0,36.230130,-86.730620,GRINSTEAD PL,,,,0.00,,,,,,,0.00,,,N,Non-Junction,None,,,         ,James,Tucker,Rain,Not Collision with Motor Vehicle in Transport,no,no,no,yes,no,False
101238605,METROPOLITAN NASHVILLE POLICE DEPT,20160502581,Davidson,Nashville,6/4/2016 2:12:00 AM,2,0,0,36.130240,-86.784580,SOUTH DOUGLAS AV,,,,350.00,Feet,East,10TH AVS,,,,0.00,N,Not at Intersection, ,Non-Junction,None,,,         ,Michael,Collazo,Clear,Angle,no,no,no,no,yes,False
101238606,METROPOLITAN NASHVILLE POLICE DEPT,20160502512,Davidson,Nashville,6/4/2016 1:30:00 AM,1,0,0,36.173240,-86.594980,TULIP GROVE RD,,,,300.00,Feet,North,CENTRAL PKE,,,,0.00,N,Not at Intersection,N,Non-Junction,None,,,         ,Daniel,Caruth,Rain,Not Collision with Motor Vehicle in Transport,no,no,no,no,yes,False
101238623,METROPOLITAN NASHVILLE POLICE DEPT,20160502338,Davidson,Nashville,6/4/2016 12:15:00 AM,2,0,0,36.128880,-86.786000,LAWRENCE AV,,,,0.00,,,10TH AVS,,,,0.00,Y,Four-Way, ,Non-Junction,None,,,         ,Joshua,Billotte,Rain,Angle,no,no,no,no,no,False
101238637,METROPOLITAN NASHVILLE POLICE DEPT,20160502823,Davidson,Nashville,6/4/2016 5:03:00 AM,2,0,0,36.059870,-86.679460,I 24,,,,0.00,,,,,,,57.85,N,Not at Intersection,N,Non-Junction,None,,,         ,Benjamin,Smith,Clear,Front to Rear,no,no,no,no,yes,False
101238669,METROPOLITAN NASHVILLE POLICE DEPT,20160502747,Davidson,Nashville,6/4/2016 3:30:00 AM,2,0,0,36.153560,-86.793680,BROADWAY,,,,147.00,Feet,North,17TH AVS,,,,0.00,N,Not at Intersection, ,Non-Junction,None,,,         ,Nicholas,Carter,Clear,"Sideswipe, Same Direction",no,no,no,no,yes,False
101238712,METROPOLITAN NASHVILLE POLICE DEPT,20160503084,Davidson,Nashville,6/4/2016 8:43:00 AM,2,0,0,36.168350,-86.656860,STEWARTS FERRY PKE,,,,0.00,,,LEBANON PKE,,,,0.00,Y,Four-Way, ,Intersection,None,,,         ,Evan,Hibschman,Rain,Front to Rear,no,no,no,no,no,False
101238714,METROPOLITAN NASHVILLE POLICE DEPT,2016-0496643,Davidson,Nashville,6/2/2016 11:00:00 AM,2,1,0,36.145950,-86.666600,DONELSON PKE,,,,0.00,,,ROYAL PKWY,,,,0.00,Y,Four-Way,N,Intersection,None,,,         ,Jeb,Johnston,Clear,Front to Rear,no,no,no,no,yes,False
101238716,METROPOLITAN NASHVILLE POLICE DEPT,16-0503036,Davidson,Nashville,6/4/2016 8:01:00 AM,2,0,0,36.187940,-86.776130,I 24,,,,0.00,,,,,,,47.00,N,Not at Intersection, ,,None,,,         ,Frank,Campbell,,,no,no,no,no,no,False
101238722,METROPOLITAN NASHVILLE POLICE DEPT,20160502637,Davidson,Nashville,6/4/2016 2:12:00 AM,1,0,0,0.000000,0.000000,RIVENDELL CT,CT,SR1,RIVENDELL CT,100.00,Feet,East,HICKORY PARK,DR,SR2,HICKORY PARK DR,0.00,N,Not at Intersection,N,Non-Junction,None,,,         ,Thomas,White,Rain,Not Collision with Motor Vehicle in Transport,no,no,no,yes,no,False
101238723,METROPOLITAN NASHVILLE POLICE DEPT,20160500173,Davidson,Nashville,6/3/2016 10:24:00 AM,1,2,0,36.121560,-86.762840,I 440,,,,0.00,,,,,,,5.60,N,Not at Intersection,N,Non-Junction,None,,,         ,Nathan,Smith,Clear,Not Collision with Motor Vehicle in Transport,no,no,no,no,no,False
101238727,METROPOLITAN NASHVILLE POLICE DEPT,20160503135,Davidson,Nashville,6/4/2016 9:09:00 AM,2,0,0,36.152380,-86.837130,CHARLOTTE AV,,,,21.00,Feet,West,42ND AVN,,,,0.00,N,Not at Intersection,N,Non-Junction,None,,,         ,Marcus,Darden,Clear,"Sideswipe, Same Direction",no,no,no,no,no,False
101238729,METROPOLITAN NASHVILLE POLICE DEPT,20160503063,Davidson,Nashville,6/4/2016 8:30:00 AM,3,2,0,36.034870,-86.768720,CLOVERLAND DR,,,,108.00,Feet,South,VALLEY VIEW RD,,,,0.00,N,Not at Intersection,N,Non-Junction,None,,,         ,Brent,Bauer,Rain,"Sideswipe, Opposite Direction",no,no,no,no,no,False
101238733,METROPOLITAN NASHVILLE POLICE DEPT,20160503059,Davidson,Not in City Limit,6/4/2016 8:30:00 AM,2,3,0,36.079450,-86.953300,HIGHWAY 70S,,,,77.00,Feet,East,COLEY DAVIS RD,,,,0.00,N,Not at Intersection,Y,Non-Junction,None,,,         ,Wesley,Tilley,Rain,Angle,no,no,no,no,no,False
101238735,METROPOLITAN NASHVILLE POLICE DEPT,20160503241,Davidson,Nashville,6/4/2016 10:00:00 AM,1,0,0,36.160960,-86.620610,I 40,,,,0.00,,,,,,,219.60,N,Not at Intersection, ,Non-Junction,None,,,         ,Evan,Hibschman,Cloudy,Not Collision with Motor Vehicle in Transport,no,no,no,no,no,False
101238739,METROPOLITAN NASHVILLE POLICE DEPT,20160503254,Davidson,Nashville,6/4/2016 10:02:00 AM,1,0,0,36.160800,-86.620860,I 40,,,,0.00,,,,,,,219.60,N,Not at Intersection, ,Non-Junction,None,,,         ,Evan,Hibschman,Cloudy,Not Collision with Motor Vehicle in Transport,no,no,no,no,no,False
101238765,THP District 3 - Nashville,316032269,Davidson,Nashville,6/3/2016 7:15:00 PM,2,1,0,36.228120,-86.625100,OLD HICKORY BLVD,,,,0.00,,,CLEVELAND HALL BLVD,,,,0.00,Y,T-Intersection,Y,Intersection,None,,,         ,Randall retired,Cole retired,Cloudy,Angle,no,no,no,no,no,False
101238766,METROPOLITAN NASHVILLE POLICE DEPT,20160503327,Davidson,Nashville,6/4/2016 10:53:00 AM,1,0,0,36.040000,-86.782660,I 65,,,,0.00,,,,,,,74.65,N,Not at Intersection,N,Non-Junction,None,,,         ,Brent,Bauer,Rain,Not Collision with Motor Vehicle in Transport,no,no,no,no,no,False
101238782,METROPOLITAN NASHVILLE POLICE DEPT,20160503398,Davidson,Not in City Limit,6/4/2016 11:45:00 AM,2,0,0,36.022630,-86.680560,OLD HICKORY BLVD,,,,0.00,,,BARNES RD,,,,0.00,Y,T-Intersection, ,,None,,,         ,Robert,Erickson,,,no,no,no,no,no,False
101238783,METROPOLITAN NASHVILLE POLICE DEPT,2016-0500822,Davidson,Nashville,6/3/2016 1:56:00 PM,2,1,0,36.116700,-86.668180,DONELSON PKE,,,,0.00,Feet,,HANGAR LN,,,,0.00,Y,T-Intersection,N,Intersection,None,,,         ,Jeb,Johnston,Clear,Front to Rear,no,no,no,no,no,False
101238784,METROPOLITAN NASHVILLE POLICE DEPT,20160503370,Davidson,Nashville,6/4/2016 11:30:00 AM,1,0,0,36.041740,-86.782420,I65 S EXT RAMP,,,,0.00,,,I 65,,,,0.00,Y,OTHER, ,Entrance/Exit Ramp Related,None,,,         ,Earl,Davis,Rain,Not Collision with Motor Vehicle in Transport,no,no,no,no,no,False
101238786,METROPOLITAN NASHVILLE POLICE DEPT,20160500635,Davidson,Nashville,6/3/2016 12:30:00 PM,2,0,0,36.172300,-86.795270,JEFFERSON ST,,,,200.00,Feet,West,10TH AVN,,,,0.00,N,Not at Intersection, ,,None,,,         ,Garren,Hoskins,,,no,no,no,no,no,False
101238789,METROPOLITAN NASHVILLE POLICE DEPT,20160503375,Davidson,Nashville,6/4/2016 11:32:00 AM,2,1,0,36.159680,-86.623130,I 40,,,,0.00,,,,,,,219.40,N,Not at Intersection,N,Non-Junction,None,,,         ,Evan,Hibschman,Rain,Front to Rear,no,no,no,no,no,False
101238795,METROPOLITAN NASHVILLE POLICE DEPT,20160503334,Davidson,Nashville,6/4/2016 11:02:00 AM,2,0,0,36.212920,-86.598040,ANDREW JACKSON PKWY,,,,260.00,Feet,South,TRENTON DR,,,,0.00,N,Not at Intersection, ,Non-Junction,None,,,         ,Cassandra,Del Bosco,Clear,Front to Rear,no,no,no,no,no,False
101238810,METROPOLITAN NASHVILLE POLICE DEPT,20160503408,Davidson,Nashville,6/4/2016 11:46:00 AM,2,0,0,36.074430,-86.746080,BLACKMAN RD,,,,35.00,Feet,West,DANBY DR,,,,0.00,N,Not at Intersection, ,Non-Junction,None,,,         ,Earl,Davis,Rain,Front to Rear,no,no,no,no,no,False
101238811,METROPOLITAN NASHVILLE POLICE DEPT,20160500773,Davidson,Not in City Limit,6/3/2016 1:38:00 PM,2,3,0,36.264260,-86.736000,OLD HICKORY BLVDW,,,,37.00,Feet,East,I65 N ENT RAMP,,,,0.00,N,Not at Intersection,N,Entrance/Exit Ramp Related,None,,,         ,Spencer,Pittman,Cloudy,Front to Rear,no,no,no,no,no,False
101238825,METROPOLITAN NASHVILLE POLICE DEPT,20160503445,Davidson,Nashville,6/4/2016 12:22:00 PM,2,1,0,36.130290,-86.899940,CHARLOTTE PKE,,,,0.00,Feet,,I40 W EXT RAMP,,,,0.00,Y,T-Intersection,N,Intersection-Related,None,,,         ,Michael,Phelps,Cloudy,Front to Rear,no,no,no,no,no,False
101238839,GOODLETTSVILLE POLICE DEPT,16-20143,Davidson,Goodlettsville,6/4/2016 1:50:00 PM,1,0,0,36.300030,-86.711810,I 65,,,,0.00,,,,,,,95.15,N,Not at Intersection,N,Non-Junction,None,,,         ,Jason,Ayers,Rain,Not Collision with Motor Vehicle in Transport,no,no,no,no,no,False
101238853,METROPOLITAN NASHVILLE POLICE DEPT,20160503495,Davidson,Nashville,6/4/2016 11:50:00 AM,1,0,0,36.156130,-86.619060,BELL RD,,,,1386.00,Feet,East,BELL RD PVTDR,,,,0.00,N,Not at Intersection,N,Non-Junction,None,,,         ,Evan,Hibschman,Rain,Not Collision with Motor Vehicle in Transport,no,no,no,no,no,False
101238858,METROPOLITAN NASHVILLE POLICE DEPT,20160503588,Davidson,Nashville,6/4/2016 1:50:00 PM,1,0,0,36.171400,-86.802930,I 40,,,,0.00,,,,,,,207.70,N,Not at Intersection, ,Non-Junction,None,,,         ,Chase,Burnett,Rain,Not Collision with Motor Vehicle in Transport,no,no,no,no,no,False
101238875,METROPOLITAN NASHVILLE POLICE DEPT,20160503431,Davidson,Nashville,6/4/2016 12:00:00 AM,2,0,0,36.153000,-86.857590,I40 W EXT RAMP,,,,0.00,,,I 40,,,,0.00,Y,Four-Way,N,Intersection-Related,None,,,         ,Michael,Phelps,Clear,"Sideswipe, Same Direction",no,no,no,no,yes,False
101238884,METROPOLITAN NASHVILLE POLICE DEPT,20160503584,Davidson,Nashville,6/4/2016 1:56:00 PM,2,1,0,36.153140,-86.792120,16TH AVS,,,,50.00,Feet,South,MCGAVOCK ST,,,,0.00,N,Not at Intersection,N,Non-Junction,None,,,         ,Earl,Davis,Clear,"Sideswipe, Same Direction",no,no,no,no,no,False
101238901,METROPOLITAN NASHVILLE POLICE DEPT,20160503657,Davidson,Nashville,6/4/2016 3:00:00 PM,2,0,0,36.195180,-86.743060,GALLATIN AV,,,,69.00,Feet,North,CHESTER AV,,,,0.00,N,Not at Intersection, ,Non-Junction,Work Zone,,,         ,Terence,Maahs,Cloudy,Front to Rear,no,no,no,no,no,False
101238916,VANDERBILT UNIVERSITY POLICE,16-0503511,Davidson,Nashville,6/4/2016 1:13:00 PM,2,0,0,36.107310,-86.765150,POWELL AV,,,,976.00,Feet,North,POWELL PL,,,,0.00,N,Not at Intersection, ,Non-Junction,None,,,         ,Roger,Tidwell,Cloudy,"Sideswipe, Same Direction",no,no,no,yes,no,False
101238920,GOODLETTSVILLE POLICE DEPT,16-20146,Davidson,Goodlettsville,6/4/2016 2:14:00 PM,2,0,0,36.306820,-86.694600,EXIT 1,,,,0.00,,,CONFERENCE DR,,,,0.00,Y,T-Intersection, ,Entrance/Exit Ramp Related,None,,,         ,Benny,Alexander,Cloudy,Front to Rear,no,no,no,no,no,False
101238937,METROPOLITAN NASHVILLE POLICE DEPT,20160503679,Davidson,Not in City Limit,6/4/2016 11:00:00 AM,1,0,0,36.267600,-86.707490,CUMBERLAND AV,,,,976.00,Feet,East,GALLATIN PKEN,,,,0.00,N,Not at Intersection,N,Non-Junction,None,,,         ,Jordan,Lowry,Cloudy,Not Collision with Motor Vehicle in Transport,no,no,no,yes,yes,False
101238943,METROPOLITAN NASHVILLE POLICE DEPT,20160503636,Davidson,Madison,6/4/2016 2:54:00 PM,2,1,0,36.309650,-86.681350,GALLATIN PKEN,,,,383.00,Feet,North,RIVERCHASE BLVD,,,,0.00,N,Not at Intersection,N,OtherLocation,None,,,         ,Carlos,Urrutia,Cloudy,Angle,no,no,no,yes,no,False
101238978,METROPOLITAN NASHVILLE POLICE DEPT,20160503769,Davidson,Not in City Limit,6/4/2016 3:43:00 PM,2,0,0,36.076020,-86.967050,I 40,,,,0.00,,,,,,,195.65,N,Not at Intersection,N,Non-Junction,None,,,         ,Ryan,Worstall,Clear,Front to Rear,no,no,no,no,yes,False
101238989,METROPOLITAN NASHVILLE POLICE DEPT,20160503725,Davidson,Nashville,6/4/2016 3:20:00 PM,2,0,0,36.168740,-86.783760,JAMES ROBERTSON PKWY,,,,0.00,,,5TH AVN,,,,0.00,Y,T-Intersection, ,Intersection-Related,None,,,         ,Michael,Baron,Clear,Front to Rear,no,no,no,no,no,False
101238995,METROPOLITAN NASHVILLE POLICE DEPT,20160503816,Davidson,Nashville,6/4/2016 4:04:00 PM,2,0,0,36.032250,-86.757250,CLOVERLAND DR,,,,0.00,,,CLOVERLAND PARK DR,,,,0.00,Y,T-Intersection, ,Non-Junction,None,,,         ,David,Collins,Cloudy,Front to Rear,no,no,no,no,no,False
101239001,METROPOLITAN NASHVILLE POLICE DEPT,2016-0503827,Davidson,Nashville,6/4/2016 4:21:00 PM,2,0,0,36.126410,-86.789260,12TH AVS,,,,0.00,,,ELMWOOD AV,,,,0.00,Y,T-Intersection, ,Intersection-Related,None,,,         ,Austin,Kendrick,Clear,Front to Rear,no,no,no,no,no,False
101239010,METROPOLITAN NASHVILLE POLICE DEPT,20160503825,Davidson,Nashville,6/4/2016 4:24:00 PM,2,1,0,36.087740,-86.607190,SMITH SPRINGS RD,,,,0.00,,,ANDERSON RD,,,,0.00,Y,Four-Way,N,Intersection,None,,,         ,Patrick,Taylor,Cloudy,Angle,no,no,no,no,no,False
101239014,METROPOLITAN NASHVILLE POLICE DEPT,20160501296,Davidson,Nashville,6/3/2016 4:50:00 PM,2,1,0,36.143020,-86.745050,MURFREESBORO PKE,,,,217.00,Feet,West,FESSLERS LN,,,,0.00,N,Not at Intersection,N,Non-Junction,None,,,         ,Jessie,Meadows,Clear,Front to Rear,no,no,no,no,yes,False
101239015,METROPOLITAN NASHVILLE POLICE DEPT,20160501354,Davidson,Nashville,6/3/2016 4:59:00 PM,1,0,0,36.146430,-86.759080,LEWIS ST,,,,52.00,Feet,South,HUBBARD ST,,,,0.00,N,Not at Intersection, ,Non-Junction,None,,,         ,Jessie,Meadows,Clear,Not Collision with Motor Vehicle in Transport,no,no,no,no,no,False
101239023,METROPOLITAN NASHVILLE POLICE DEPT,20160503838,Davidson,Nashville,6/4/2016 4:13:00 PM,2,0,0,35.991200,-86.683480,NOLENSVILLE PKE,,,,0.00,,,BURKITT RD,,,,0.00,Y,T-Intersection, ,Intersection,None,,,         ,William,Durham,Rain,Front to Rear,no,no,no,no,no,False
101239040,METROPOLITAN NASHVILLE POLICE DEPT,20160503817,Davidson,Nashville,6/4/2016 12:00:00 AM,2,0,0,36.078900,-86.728390,HARDING PL,,,,639.00,Feet,East,COVENTRY DR,,,,0.00,N,Not at Intersection,N,Non-Junction,None,,,         ,Jose,Salazar,Clear,"Sideswipe, Same Direction",no,no,no,no,no,False
101239047,METROPOLITAN NASHVILLE POLICE DEPT,20160503986,Davidson,Nashville,6/4/2016 5:53:00 PM,2,1,0,36.155520,-86.790010,BROADWAY,,,,100.00,Feet,West,14TH AVN,,,,0.00,N,Not at Intersection,N,Non-Junction,None,,,         ,Charles,Griffin,Cloudy,Front to Rear,no,no,no,no,no,False
101239054,METROPOLITAN NASHVILLE POLICE DEPT,20160503622,Davidson,Nashville,6/4/2016 2:30:00 PM,2,0,0,36.188390,-86.793460,I 65,,,,0.00,,,,,,,85.50,N,Not at Intersection, ,Non-Junction,None,,,         ,Keiara,Ward,Rain,"Sideswipe, Same Direction",no,no,no,no,yes,False
101239057,METROPOLITAN NASHVILLE POLICE DEPT,20160503655,Davidson,Nashville,6/4/2016 3:00:00 PM,2,2,0,36.163600,-86.600610,BELL RD,,,,0.00,,,ARBOR LAKE BLVD,,,,0.00,Y,T-Intersection,N,Intersection-Related,None,,,         ,Alex,Lampley,Clear,Front to Rear,no,no,no,no,no,False
101239086,VANDERBILT UNIVERSITY POLICE,16-0504073,Davidson,Nashville,6/4/2016 6:00:00 PM,2,0,0,36.139020,-86.804350,CHILDRENS WAY,,,,254.00,Feet,East,24TH AVS,,,,0.00,N,Not at Intersection, ,Non-Junction,None,,,         ,Jonathan,McAllister,Clear,Angle,no,no,no,yes,no,Campus
101239094,METROPOLITAN NASHVILLE POLICE DEPT,20160504149,Davidson,Nashville,6/4/2016 7:15:00 PM,2,3,0,36.251440,-86.718010,GALLATIN PKES,,,,134.00,Feet,North,BRINK HAVEN AV,,,,0.00,N,Not at Intersection,N,Non-Junction,None,,,         ,Jordan,Lowry,Clear,Angle,no,no,no,no,no,False
101239101,METROPOLITAN NASHVILLE POLICE DEPT,20160504038,Davidson,Nashville,6/4/2016 6:18:00 PM,2,1,0,36.060730,-86.916150,HIGHWAY 100,,,,0.00,Feet,,OLD HICKORY BLVD,,,,0.00,Y,T-Intersection,N,Intersection-Related,None,,,         ,Ryan,Worstall,Clear,Front to Rear,no,no,no,no,no,False
101239113,METROPOLITAN NASHVILLE POLICE DEPT,20160504090,Davidson,Nashville,6/4/2016 4:58:00 PM,2,0,0,36.081250,-86.758970,HARDING PL,,,,191.00,Feet,West,TROUSDALE DR,,,,0.00,N,Not at Intersection, ,,None,,,         ,Jose,Salazar,,,no,no,no,no,no,False
101239114,METROPOLITAN NASHVILLE POLICE DEPT,20160504097,Davidson,Nashville,6/4/2016 12:00:00 AM,1,2,0,36.151110,-86.690880,BRILEY PKWYS,,,,225.00,Feet,East,BRILEY PKWYN,,,,0.00,N,Not at Intersection,N,Non-Junction,None,,,         ,Craig,Gentry,Clear,Not Collision with Motor Vehicle in Transport,no,no,no,no,no,False
101239119,METROPOLITAN NASHVILLE POLICE DEPT,20160503745,Davidson,Not in City Limit,6/4/2016 3:41:00 PM,2,1,0,36.075880,-86.967330,I 40,,,,0.00,,,,,,,195.65,N,Not at Intersection,N,Non-Junction,None,,,         ,Adam,Reese,Clear,Front to Rear,no,no,no,no,yes,False
101239131,METROPOLITAN NASHVILLE POLICE DEPT,20160504106,Davidson,Nashville,6/4/2016 6:30:00 PM,2,0,0,36.158900,-86.800910,PEARL ST,,,,30.00,Feet,West,DR D B TODD JR BLVD,,,,0.00,N,Not at Intersection,N,Non-Junction,None,,,         ,Keiara,Ward,Clear,Angle,no,no,no,no,no,False
101239133,METROPOLITAN NASHVILLE POLICE DEPT,20160503739,Davidson,Nashville,6/4/2016 3:30:00 PM,2,0,0,36.242200,-86.773300,MOOREWOOD DR,,,,0.00,,,MASONWOOD DR,,,,0.00,Y,Four-Way, ,Intersection,None,,,         ,Christopher,Littles,Cloudy,Angle,no,no,no,no,no,False
101239134,METROPOLITAN NASHVILLE POLICE DEPT,20160503948,Davidson,Nashville,6/4/2016 5:30:00 PM,1,0,0,36.239660,-86.774970,BRILEY PKWYE,,,,566.00,Feet,West,MOOREWOOD DR,,,,0.00,N,Not at Intersection, ,Non-Junction,None,,,         ,Christopher,Littles,Rain,Not Collision with Motor Vehicle in Transport,no,no,no,no,no,False
101239141,METROPOLITAN NASHVILLE POLICE DEPT,20160501605,Davidson,Nashville,6/3/2016 7:15:00 PM,3,0,0,36.066670,-86.717940,NORTHCREST DR,,,,0.00,,,NOLENSVILLE PKE,,,,0.00,Y,T-Intersection,N,Intersection,None,,,         ,Nicholas,Berens,Cloudy,Front to Rear,no,no,no,no,yes,False
101239158,METROPOLITAN NASHVILLE POLICE DEPT,20160504302,Davidson,Nashville,6/4/2016 8:35:00 PM,3,1,0,36.045430,-86.703610,OLD HICKORY BLVD,,,,0.00,,,EULALA DR,,,,0.00,Y,Four-Way,N,Intersection,None,,,         ,Jeffrey,Livingston,Rain,Front to Rear,no,no,no,no,no,False
101239162,METROPOLITAN NASHVILLE POLICE DEPT,20160502769,Davidson,Nashville,6/4/2016 4:38:00 AM,2,2,0,36.248010,-86.720360,GALLATIN PKES,,,,0.00,,,DUE WEST AVW,,,,0.00,Y,Four-Way,N,Intersection,None,,,         ,Brenton,Adcox,Clear,Angle,no,no,no,no,no,False
101239163,METROPOLITAN NASHVILLE POLICE DEPT,20160504331,Davidson,Nashville,6/4/2016 8:47:00 PM,2,0,0,36.082100,-86.761700,HARDING PL,,,,0.00,,,SIDCO DR,,,,0.00,Y,Four-Way,N,Intersection,None,,,         ,Nicholas,Smith,Rain,Angle,no,no,no,no,no,False
101239164,METROPOLITAN NASHVILLE POLICE DEPT,20160504047,Davidson,Nashville,6/4/2016 6:12:00 PM,2,0,0,36.186110,-86.798370,ROSA L PARKS BLVD,,,,0.00,,,I65 S EXT RAMP,,,,0.00,Y,Y-Intersection, ,Entrance/Exit Ramp Related,None,,,         ,Melvin,Taylor,Clear,Front to Rear,no,no,no,no,yes,False
101239166,METROPOLITAN NASHVILLE POLICE DEPT,20160504309,Davidson,Goodlettsville,6/4/2016 5:30:00 PM,2,0,0,36.291440,-86.704590,RIVERGATE SQUARE PVTDR,,,,190.00,Feet,North,ALTUS AV,,,,0.00,N,Not at Intersection,N,Non-Junction,None,,,         ,Jerry,Pirtle,Cloudy,Angle,no,no,no,yes,yes,False
101239167,METROPOLITAN NASHVILLE POLICE DEPT,2016-0504340,Davidson,Nashville,6/4/2016 8:11:00 PM,2,0,0,36.129720,-86.839550,VINE CT,,,,0.00,,,HARDING PKE,,,,0.00,Y,Four-Way, ,Intersection,None,,,         ,Ryan,Allen,Rain,Front to Rear,no,no,no,no,no,False
101239186,METROPOLITAN NASHVILLE POLICE DEPT,20160503821,Davidson,Nashville,6/4/2016 4:05:00 PM,1,0,0,36.187560,-86.794820,I 65,,,,0.00,,,,,,,85.40,N,Not at Intersection,N,Non-Junction,None,,,         ,Landon,Bagwell,Cloudy,Not Collision with Motor Vehicle in Transport,no,no,no,no,no,False
101239188,METROPOLITAN NASHVILLE POLICE DEPT,20160504066,Davidson,Nashville,6/4/2016 6:31:00 PM,1,1,0,36.148880,-86.766760,2ND AVS,,,,150.00,Feet,North,CAMERON ST,,,,0.00,N,Not at Intersection,N,Non-Junction,None,,,         ,Eric,Burford,Clear,Not Collision with Motor Vehicle in Transport,no,no,no,no,no,False
101239194,METROPOLITAN NASHVILLE POLICE DEPT,20160504180,Davidson,Nashville,6/4/2016 6:58:00 PM,2,1,0,36.210830,-86.802020,W NOCTURNE DR,,,,346.00,Feet,West,GARDNER LN,,,,0.00,N,Not at Intersection,N,Non-Junction,None,,,         ,Thomas,Burns,Cloudy,"Sideswipe, Opposite Direction",no,no,no,no,no,False
101239210,GOODLETTSVILLE POLICE DEPT,16-20194,Davidson,Goodlettsville,6/4/2016 9:03:00 PM,1,1,0,36.307901,-86.706583,MOSS TRAIL,,,,0.00,Feet,South,435 MOSS TRAIL,,,,0.00,N,Not at Intersection,N,Non-Junction,None,,,         ,Daniel,Knalls,Clear,Not Collision with Motor Vehicle in Transport,no,no,no,no,no,False
101239215,METROPOLITAN NASHVILLE POLICE DEPT,20160504145,Davidson,Nashville,6/4/2016 7:15:00 PM,1,0,0,36.141840,-86.652790,I 40,,,,0.00,,,,,,,217.60,N,Not at Intersection,N,Non-Junction,None,,,         ,Patrick,Taylor,Clear,Not Collision with Motor Vehicle in Transport,no,no,no,no,no,False
101239224,METROPOLITAN NASHVILLE POLICE DEPT,20160501236,Davidson,Nashville,6/3/2016 4:45:00 PM,2,0,0,36.154160,-86.625920,STEWARTS FERRY PKE,,,,0.00,,,,,,,0.00,,,N,Non-Junction,None,,,         ,Brian,Smith,Clear,Front to Rear,no,no,no,no,no,False
101239231,METROPOLITAN NASHVILLE POLICE DEPT,20160504529,Davidson,Nashville,6/4/2016 10:29:00 PM,2,0,0,36.159900,-86.773860,DEMONBREUN ST,,,,0.00,,West,2ND AVS,,,,0.00,N,Not at Intersection,N,Non-Junction,Construction Zone,Other,Activity Area,         ,Joshua,Hollins,Cloudy,Front to Rear,no,no,no,no,yes,False
101239232,METROPOLITAN NASHVILLE POLICE DEPT,20160503960,Davidson,Nashville,6/4/2016 4:15:00 PM,2,0,0,36.073140,-86.635740,BELL RD,,,,0.00,,,,,,,0.00,,,N,Non-Junction,None,,,         ,Brian,Smith,Clear,Front to Rear,no,no,no,no,yes,False
101239242,METROPOLITAN NASHVILLE POLICE DEPT,20160504531,Davidson,Nashville,6/4/2016 10:30:00 PM,2,0,0,36.090330,-86.626500,SMITH SPRINGS RD,,,,0.00,,,BELL RD,,,,0.00,Y,Four-Way,N,Intersection,None,,,         ,Bridget,Griepentrog,Rain,Angle,no,no,no,no,no,False
101239243,METROPOLITAN NASHVILLE POLICE DEPT,20160504382,Davidson,Nashville,6/4/2016 9:20:00 PM,1,0,0,36.144290,-86.695230,I 40,,,,0.00,,,,,,,215.00,N,Not at Intersection,N,Entrance/Exit Ramp Related,None,,,         ,Tyler,Conrads,Clear,Not Collision with Motor Vehicle in Transport,no,no,no,no,no,False
101239247,METROPOLITAN NASHVILLE POLICE DEPT,20160504616,Davidson,Nashville,6/4/2016 11:22:00 PM,2,0,0,36.192710,-86.744370,DOUGLAS AV,,,,0.00,Feet,,GALLATIN AV,,,,0.00,Y,Four-Way,N,Intersection,None,,,         ,Robert,Croteau,Clear,Angle,no,no,no,no,yes,False
101239256,METROPOLITAN NASHVILLE POLICE DEPT,20160503904,Davidson,Nashville,6/4/2016 4:00:00 PM,1,0,0,36.141910,-86.641180,ELM HILL PKE,,,,50.00,Feet,East,PATIO DR,,,,0.00,N,Not at Intersection,N,Non-Junction,None,,,         ,Reuben,Hewit,Rain,Not Collision with Motor Vehicle in Transport,no,no,no,no,no,False
101239257,METROPOLITAN NASHVILLE POLICE DEPT,20160504537,Davidson,Nashville,6/4/2016 8:57:00 PM,2,0,0,36.249390,-86.719410,E PALESTINE AV,,,,0.00,,,GALLATIN PKES,,,,0.00,Y,Four-Way, ,,None,,,         ,Patrick,McGinnis,,,no,no,no,no,no,False