master_record_number,agency,agency_tracking_number,county,city,collision_date,vehicles_involved,number_injured,number_dead,latitude,longitude,roadway_name,roadway_suffix,roadway_number,roadway_local_id,distance_from_reference,miles-feet_indicator,direction_from_reference,intersection_road_name,intersection_road_name_suffix,intersection_road_number,intersection_local_id,mile_marker,intersection_indicator,intersect_type,interchange_related_indicator,relation_to_junction,work_zone_type,construction_maintenance_zone,construction_maintenance_zone_location,fatal_case_number,officer_first_name,officer_last_name,weather_condition(s),manner_of_crash,pedestrian,bicycle,scooter,parking,hitrun,mou
101240927,METROPOLITAN NASHVILLE POLICE DEPT,2016-0512388,Davidson,Nashville,6/7/2016 2:08:00 PM,2,0,0,36.110760,-86.773340,FRANKLIN PKE,,,,62.00,Feet,North,WOODMONT BLVD WB ENT RAMP,,,,0.00,N,Not at Intersection, ,Non-Junction,None,,,         ,Austin,Kendrick,Clear,Angle,no,no,no,no,no,False
101240955,METROPOLITAN NASHVILLE POLICE DEPT,20160512357,Davidson,Nashville,6/7/2016 3:00:00 PM,2,0,0,36.197740,-86.764080,STAINBACK AV,,,,574.00,Feet,South,GATEWOOD AV,,,,0.00,N,Not at Intersection, ,Non-Junction,None,,,         ,Charles,Wakefield,Clear,"Sideswipe, Same Direction",no,no,no,no,no,False
101240965,METROPOLITAN NASHVILLE POLICE DEPT,20160512619,Davidson,Nashville,6/7/2016 4:45:00 PM,2,0,0,36.116610,-86.697770,MURFREESBORO PKE,,,,62.00,Feet,West,MCGAVOCK PKE,,,,0.00,N,Not at Intersection, ,Non-Junction,None,,,         ,Jessie,Meadows,Clear,Front to Rear,no,no,no,no,no,False
101240972,METROPOLITAN NASHVILLE POLICE DEPT,20160497716,Davidson,Nashville,6/2/2016 5:37:00 PM,2,0,0,36.152770,-86.779320,8TH AVS,,,,0.00,,,DREXEL ST,,,,0.00,Y,T-Intersection, ,,None,,,         ,Jason,Thomas,,,no,no,no,no,no,False
101240976,METROPOLITAN NASHVILLE POLICE DEPT,20160512424,Davidson,Nashville,6/7/2016 3:10:00 PM,2,0,0,36.149670,-86.769810,4TH AVS,,,,0.00,Feet,East,MCCANN ST,,,,0.00,N,Not at Intersection, ,Non-Junction,None,,,         ,Conner,Harris,Clear,"Sideswipe, Same Direction",no,no,no,no,no,False
101240985,METROPOLITAN NASHVILLE POLICE DEPT,20160512670,Davidson,Nashville,6/7/2016 5:08:00 PM,2,0,0,36.210920,-86.733110,GREENFIELD AV,,,,0.00,,,GALLATIN PKE,,,,0.00,Y,Four-Way, ,Intersection,None,,,         ,Rachael,Sacco,Clear,Angle,no,no,no,no,no,False
101240987,METROPOLITAN NASHVILLE POLICE DEPT,20160512756,Davidson,Nashville,6/7/2016 5:00:00 PM,2,0,0,36.130910,-86.727470,I 24,,,,0.00,,,,,,,51.10,N,Not at Intersection, ,Non-Junction,None,,,         ,David,Hughes,Clear,Front to Rear,no,no,no,no,no,False
101240988,METROPOLITAN NASHVILLE POLICE DEPT,2016-0512469,Davidson,Nashville,6/7/2016 3:43:00 PM,1,0,0,36.140500,-86.857410,WHITE BRIDGE PKE,,,,72.00,Feet,North,BROOKSIDE CT,,,,0.00,N,Not at Intersection, ,Non-Junction,None,,,         ,Walter,Gray II,Clear,Not Collision with Motor Vehicle in Transport,no,no,no,no,no,False
101241002,METROPOLITAN NASHVILLE POLICE DEPT,20160512858,Davidson,Nashville,6/7/2016 5:37:00 PM,1,0,0,36.221290,-86.773800,I 65,,,,0.00,,,,,,,88.40,N,Not at Intersection, ,Non-Junction,None,,,         ,Cressie,Prill,Clear,Not Collision with Motor Vehicle in Transport,no,no,no,no,no,False
101241018,METROPOLITAN NASHVILLE POLICE DEPT,20160512783,Davidson,Nashville,6/7/2016 5:26:00 PM,2,0,0,36.154630,-86.779160,8TH AVS,,,,0.00,,,LAFAYETTE ST,,,,0.00,Y,Roundabout, ,Intersection-Related,None,,,         ,Jason,Thomas,Clear,"Sideswipe, Same Direction",no,no,no,no,no,False
101241021,METROPOLITAN NASHVILLE POLICE DEPT,20160512831,Davidson,Nashville,6/7/2016 5:41:00 PM,2,2,0,36.117060,-86.882510,DAVIDSON RD,,,,0.00,,,BROWNLEE DR,,,,0.00,Y,Four-Way,N,Intersection,None,,,         ,Brandon,Pedigo,Clear,Angle,no,no,no,no,no,False
101241022,METROPOLITAN NASHVILLE POLICE DEPT,20160512910,Davidson,Nashville,6/7/2016 4:30:00 PM,2,0,0,36.124040,-86.848970,ROYAL OAKS CONDOS PVTDR,,,,0.00,,,HARDING PKE,,,,0.00,Y,Four-Way, ,Intersection,None,,,         ,Mark,Hatt,Clear,Angle,no,no,no,no,yes,False
101241027,METROPOLITAN NASHVILLE POLICE DEPT,20160512876,Davidson,Old Hickory,6/7/2016 6:00:00 PM,1,0,0,36.264650,-86.634030,WINDMILL POINT CIR,,,,0.00,,,CIRCLE DR,,,,0.00,Y,Four-Way,N,Intersection,None,,,         ,Tyler,Conrads,Clear,Not Collision with Motor Vehicle in Transport,no,no,no,no,yes,False
101241029,METROPOLITAN NASHVILLE POLICE DEPT,20160512796,Davidson,Nashville,6/7/2016 5:30:00 PM,3,1,0,36.129140,-86.772860,I 65,,,,0.00,,,,,,,81.00,N,Not at Intersection,N,Non-Junction,None,,,         ,Austin,Kendrick,Clear,Front to Rear,no,no,no,no,no,False
101241031,METROPOLITAN NASHVILLE POLICE DEPT,20160512595,Davidson,Nashville,6/7/2016 4:16:00 PM,2,2,0,36.147340,-86.625880,TRAILS CIR,,,,0.00,,,BELL RD,,,,0.00,Y,OTHER,N,Non-Junction,None,,,         ,Reuben,Hewit,Clear,Angle,no,no,no,no,no,False
101241032,GOODLETTSVILLE POLICE DEPT,16-20498,Davidson,Goodlettsville,6/7/2016 6:03:00 PM,2,0,0,0.000000,0.000000,VIETNAM VETERANS,BLVD,SR386,,50.00,Feet,West,CONFERENCE,DR,,,0.00,N,Not at Intersection, ,Non-Junction,None,,,         ,Rico,Jones,Clear,Front to Rear,no,no,no,no,no,False
101241039,METROPOLITAN NASHVILLE POLICE DEPT,20160512993,Davidson,Nashville,6/7/2016 6:33:00 PM,2,0,0,36.096150,-86.737670,ALLIED DR,,,,0.00,,,NOLENSVILLE PKE,,,,0.00,Y,T-Intersection, ,,None,,,         ,Charles,Griffin,,,no,no,no,no,no,False
101241040,METROPOLITAN NASHVILLE POLICE DEPT,20160512771,Davidson,Nashville,6/7/2016 5:48:00 PM,2,0,0,36.185900,-86.806050,OWEN ST,,,,70.00,Feet,South,CASS ST,,,,0.00,N,Not at Intersection, ,Non-Junction,None,,,         ,Allen,Hall,Clear,"Sideswipe, Same Direction",no,no,no,no,yes,False
101241043,METROPOLITAN NASHVILLE POLICE DEPT,20160512753,Davidson,Nashville,6/7/2016 5:21:00 PM,2,1,0,36.055720,-86.711060,APRIL LN,,,,68.00,Feet,East,RAYWOOD LN,,,,0.00,N,Not at Intersection,N,Non-Junction,None,,,         ,Jessie,Meadows,Clear,Angle,no,no,no,no,no,False
101241047,METROPOLITAN NASHVILLE POLICE DEPT,20160512407,Davidson,Nashville,6/7/2016 3:23:00 PM,2,2,0,36.220230,-86.916280,OLD HICKORY BLVD,,,,0.00,,,PECAN VALLEY RD,,,,0.00,Y,T-Intersection,N,Intersection,None,,,         ,Darrien,Spann,Clear,Angle,no,no,no,no,no,False
101241048,VANDERBILT UNIVERSITY POLICE,16-0512638,Davidson,Nashville,6/7/2016 4:30:00 PM,2,1,0,36.146840,-86.808630,WEST END AV,,,,0.00,,,25TH AVN,,,,0.00,Y,OTHER,N,Intersection,None,,,         ,Patrick,Conwell,Clear,Front to Rear,no,no,no,no,no,Campus
101241050,METROPOLITAN NASHVILLE POLICE DEPT,20160512761,Davidson,Nashville,6/7/2016 5:15:00 PM,2,2,0,36.122090,-86.807160,I440 E ENT RAMP,,,,0.00,,,I 440,,,,0.00,Y,Four-Way,N,Entrance/Exit Ramp Related,None,,,         ,Tien,Nguyen,Clear,Angle,no,no,no,no,no,False
101241059,METROPOLITAN NASHVILLE POLICE DEPT,20160512327,Davidson,Nashville,6/7/2016 2:20:00 PM,2,0,0,36.148380,-86.792220,MUSIC SQE,,,,0.00,,,CHET ATKINS PL,,,,0.00,Y,T-Intersection, ,Intersection,None,,,         ,Eric,Burford,Clear,Angle,no,no,no,no,no,False
101241060,METROPOLITAN NASHVILLE POLICE DEPT,20160512834,Davidson,Nashville,6/7/2016 5:33:00 PM,2,0,0,36.159970,-86.795400,15TH AVN,,,,0.00,,,CHARLOTTE AV,,,,0.00,Y,T-Intersection, ,Non-Junction,None,,,         ,Eric,Burford,Clear,Front to Rear,no,no,no,no,no,False
101241063,METROPOLITAN NASHVILLE POLICE DEPT,20160513103,Davidson,Nashville,6/7/2016 7:10:00 PM,1,0,0,36.162300,-86.656960,MCCAMPBELL AV,,,,265.00,Feet,West,EBONY DR,,,,0.00,N,Not at Intersection,N,Non-Junction,None,,,         ,Bradley,McIntyre,Clear,Not Collision with Motor Vehicle in Transport,no,no,no,no,yes,False
101241064,METROPOLITAN NASHVILLE POLICE DEPT,2060493964,Davidson,Nashville,6/1/2016 4:40:00 PM,2,0,0,36.084760,-86.733880,LYNN DR,,,,0.00,Feet,,ELYSIAN FIELDS RD,,,,0.00,Y,T-Intersection, ,Intersection-Related,None,,,         ,Miguel,Garcia,Clear,Angle,no,no,no,no,yes,False
101241065,METROPOLITAN NASHVILLE POLICE DEPT,20160512924,Davidson,Nashville,6/7/2016 5:36:00 PM,2,0,0,36.167010,-86.763730,SHELBY AV,,,,0.00,,,S 4TH ST,,,,0.00,Y,T-Intersection, ,Intersection,None,,,         ,Clinton,Schroeder,Clear,"Sideswipe, Same Direction",no,no,no,no,no,False
101241066,METROPOLITAN NASHVILLE POLICE DEPT,20160512880,Davidson,Antioch,6/7/2016 6:02:00 PM,2,0,0,36.028850,-86.574770,W NIR SHREIBMAN BLVD,,,,3.90,Miles,East,MURFREESBORO PKE,,,,0.00,N,Not at Intersection, ,Non-Junction,None,,,         ,David,Hughes,Clear,"Sideswipe, Opposite Direction",no,no,no,no,no,False
101241072,METROPOLITAN NASHVILLE POLICE DEPT,20160509298,Davidson,Nashville,6/6/2016 5:49:00 PM,2,3,0,36.193960,-86.767150,DOUGLAS AV,,,,0.00,,,MERIDIAN ST,,,,0.00,Y,T-Intersection,N,Intersection,None,,,         ,Christopher,Valdez,Clear,Angle,no,no,no,no,yes,False
101241073,METROPOLITAN NASHVILLE POLICE DEPT,20160509865,Davidson,Nashville,6/6/2016 8:49:00 PM,2,0,0,36.230330,-86.743800,BROADMOOR DR,,,,0.00,,,LEMONT DR,,,,0.00,Y,Four-Way,N,Intersection,None,,,         ,Christopher,Valdez,Clear,Angle,no,no,no,no,no,False
101241074,METROPOLITAN NASHVILLE POLICE DEPT,20160512875,Davidson,Nashville,6/7/2016 5:00:00 PM,2,0,0,36.169750,-86.806740,DR D B TODD JR BLVD,,,,109.00,Feet,North,JEFFERSON ST,,,,0.00,N,Not at Intersection, ,Non-Junction,None,,,         ,Christopher,Valdez,Clear,"Sideswipe, Same Direction",no,no,no,no,yes,False
101241085,METROPOLITAN NASHVILLE POLICE DEPT,20160513046,Davidson,Nashville,6/7/2016 6:32:00 PM,2,0,0,36.109300,-86.723330,I24 E EXT RAMP,,,,0.00,,,BRILEY PKWYS,,,,0.00,Y,T-Intersection, ,Intersection,None,,,         ,David,Hughes,Clear,Angle,no,no,no,no,yes,False
101241086,METROPOLITAN NASHVILLE POLICE DEPT,20160512921,Davidson,Nashville,6/7/2016 6:10:00 PM,3,0,0,36.142960,-86.705940,I 40,,,,0.00,,,,,,,214.45,N,Not at Intersection,N,Non-Junction,None,,,         ,Patrick,Taylor,Clear,Front to Rear,no,no,no,no,no,False
101241089,METROPOLITAN NASHVILLE POLICE DEPT,20160513066,Davidson,Nashville,6/7/2016 6:15:00 PM,2,0,0,36.151110,-86.862630,I 40,,,,0.00,,,,,,,203.70,N,Not at Intersection,N,Non-Junction,None,,,         ,Mark,Hatt,Clear,"Sideswipe, Same Direction",no,no,no,no,no,False
101241101,METROPOLITAN NASHVILLE POLICE DEPT,20160512583,Davidson,Nashville,6/7/2016 4:09:00 PM,2,1,0,36.251390,-86.691270,NEELYS BEND RD,,,,101.00,Feet,East,TAHLENA AV,,,,0.00,N,Not at Intersection,N,Non-Junction,None,,,         ,Samuel,Miller,Clear,Front to Rear,no,no,no,no,no,False
101241121,METROPOLITAN NASHVILLE POLICE DEPT,20160513235,Davidson,Nashville,6/7/2016 8:09:00 PM,2,0,0,36.227870,-86.759580,DICKERSON PKE,,,,650.00,Feet,South,BROADMOOR DR,,,,0.00,N,Not at Intersection,N,Non-Junction,None,,,         ,James,Smith,Clear,Rear to Side,no,no,no,yes,yes,False
101241131,METROPOLITAN NASHVILLE POLICE DEPT,20160512597,Davidson,Nashville,6/7/2016 4:19:00 PM,1,0,0,36.124600,-86.833340,WILSON BLVDS,,,,65.00,Feet,North,WOODLAWN DR,,,,0.00,N,Not at Intersection,N,Non-Junction,None,,,         ,Torian,Cox,Clear,Not Collision with Motor Vehicle in Transport,no,no,no,no,no,False
101241148,METROPOLITAN NASHVILLE POLICE DEPT,20160512684,Davidson,Nashville,6/7/2016 4:51:00 PM,2,0,0,36.139530,-86.700480,KAREN DR,,,,51.00,Feet,West,BRILEY PKWY,,,,0.00,N,Not at Intersection,N,Non-Junction,None,,,         ,Thomas,Barnes,Clear,"Sideswipe, Same Direction",no,no,no,no,no,False
101241149,METROPOLITAN NASHVILLE POLICE DEPT,20160512359,Davidson,Nashville,6/7/2016 2:58:00 PM,2,1,0,36.172130,-86.795970,JEFFERSON ST,,,,0.00,,,WARREN ST,,,,0.00,Y,T-Intersection,N,Intersection,None,,,         ,Michael,Brooks,Clear,Angle,no,no,no,no,no,False
101241150,METROPOLITAN NASHVILLE POLICE DEPT,20160512326,Davidson,Nashville,6/7/2016 2:15:00 PM,2,0,0,36.216520,-86.775240,I 65,,,,0.00,,,,,,,88.05,N,Not at Intersection,N,Non-Junction,None,,,         ,Michael,Brooks,Clear,"Sideswipe, Same Direction",no,no,no,no,yes,False
101241151,METROPOLITAN NASHVILLE POLICE DEPT,20160512762,Davidson,Nashville,6/7/2016 5:18:00 PM,2,0,0,36.183050,-86.799270,I65 S ENT RAMP,,,,0.00,,,I 65,,,,0.00,Y,OTHER, ,Entrance/Exit Ramp Related,None,,,         ,Michael,Brooks,Clear,Front to Rear,no,no,no,no,no,False
101241152,METROPOLITAN NASHVILLE POLICE DEPT,20160512745,Davidson,Nashville,6/7/2016 5:10:00 PM,2,0,0,36.195680,-86.776660,FERN AV,,,,0.00,,,BRICK CHURCH PKE,,,,0.00,Y,Four-Way, ,Intersection-Related,None,,,         ,Michael,Brooks,Clear,Front to Rear,no,no,no,no,no,False
101241162,METROPOLITAN NASHVILLE POLICE DEPT,20160513540,Davidson,Nashville,6/7/2016 9:35:00 PM,2,0,0,36.185340,-86.798270,ROSA L PARKS BLVD,,,,54.00,Feet,North,I65 S ENT RAMP,,,,0.00,N,Not at Intersection,Y,Entrance/Exit Ramp Related,None,,,         ,Landon,Bagwell,Clear,Angle,no,no,no,no,yes,False
101241181,METROPOLITAN NASHVILLE POLICE DEPT,20160513699,Davidson,Nashville,6/7/2016 10:36:00 PM,2,1,0,36.215400,-86.588510,TULIP GROVE RD,,,,0.00,,,LEBANON PKE,,,,0.00,Y,Four-Way,N,Intersection-Related,None,,,         ,Anthony,Venable,Clear,Front to Rear,no,no,no,no,no,False
101241183,METROPOLITAN NASHVILLE POLICE DEPT,20160512523,Davidson,Nashville,6/7/2016 3:50:00 PM,2,0,0,36.232540,-86.747500,ELLINGTON PKWYS,,,,119.00,Feet,West,ELLINGTON PKWYN,,,,0.00,N,Not at Intersection,N,Non-Junction,None,,,         ,Shawn,Rosson,Clear,Angle,no,no,no,no,no,False
101241191,METROPOLITAN NASHVILLE POLICE DEPT,20160513935,Davidson,Nashville,6/8/2016 12:30:00 AM,2,0,0,36.165640,-86.778640,UNION ST,,,,0.00,,,3RD AVN,,,,0.00,Y,Four-Way, ,Intersection-Related,None,,,         ,Christopher,Hanor,Clear,Front to Rear,no,no,no,no,no,False
101241195,METROPOLITAN NASHVILLE POLICE DEPT,20160513920,Davidson,Nashville,6/8/2016 12:29:00 AM,2,0,0,36.149160,-86.747070,I 40,,,,0.00,,,,,,,211.80,N,Not at Intersection,N,Non-Junction,None,,,         ,Joseph,Zambardi,Clear,"Sideswipe, Same Direction",no,no,no,no,yes,False
101241237,METROPOLITAN NASHVILLE POLICE DEPT,20160514458,Davidson,Nashville,6/8/2016 5:06:00 AM,1,1,0,36.054460,-86.673820,I 24,,,,0.00,,,,,,,58.35,N,Not at Intersection,N,Non-Junction,None,,,         ,William,Coy,Clear,Not Collision with Motor Vehicle in Transport,no,no,no,no,no,False
101241239,METROPOLITAN NASHVILLE POLICE DEPT,20160514530,Davidson,Nashville,6/8/2016 5:43:00 AM,2,0,0,36.054210,-86.673520,I 24,,,,0.00,,,,,,,58.40,N,Not at Intersection, ,Non-Junction,None,,,         ,Kyle,Arndt,Clear,Front to Rear,no,no,no,no,no,False
101241249,METROPOLITAN NASHVILLE POLICE DEPT,20160514308,Davidson,Nashville,6/8/2016 3:42:00 AM,2,1,0,36.069270,-86.692020,I24 E EXT RAMP,,,,0.00,,,I 24,,,,0.00,Y,T-Intersection,N,Entrance/Exit Ramp Related,None,,,         ,Justin,McCormick,Clear,Front to Rear,no,no,no,no,no,False
101241263,METROPOLITAN NASHVILLE POLICE DEPT,20160511904,Davidson,Nashville,6/7/2016 11:55:00 AM,2,0,0,36.145810,-86.814160,29TH AVN,,,,0.00,,,POSTON AV,,,,0.00,Y,Four-Way, ,Intersection,None,,,         ,Nathan,Kemp,Clear,"Sideswipe, Same Direction",no,no,no,no,no,Campus
101241264,METROPOLITAN NASHVILLE POLICE DEPT,20160511939,Davidson,Nashville,6/7/2016 12:05:00 PM,2,0,0,36.133230,-86.801310,21ST AVS,,,,0.00,,,PORTLAND AV,,,,0.00,Y,Four-Way,N,Intersection,None,,,         ,Nathan,Kemp,Clear,Front to Rear,no,no,no,no,no,False
101241271,METROPOLITAN NASHVILLE POLICE DEPT,20160511365,Davidson,Nashville,6/7/2016 8:35:00 AM,1,0,0,36.164510,-86.781060,UNION ST,,,,0.00,,,5TH AVN,,,,0.00,Y,Four-Way,N,Intersection,None,,,         ,Wesley,Henderson,Clear,Not Collision with Motor Vehicle in Transport,no,no,no,no,no,False
101241278,METROPOLITAN NASHVILLE POLICE DEPT,20160514724,Davidson,Nashville,6/8/2016 7:30:00 AM,2,1,0,36.170260,-86.597030,I 40,,,,0.00,,,,,,,221.05,N,Not at Intersection,N,Non-Junction,None,,,         ,Kendra,Cowper,Clear,Front to Rear,no,no,no,no,no,False
101241286,METROPOLITAN NASHVILLE POLICE DEPT,20160514850,Davidson,Nashville,6/8/2016 8:13:00 AM,2,1,0,36.156010,-86.795560,CHURCH ST,,,,127.00,Feet,East,17TH AVN,,,,0.00,N,Not at Intersection,N,Non-Junction,None,,,         ,Nathan,Kemp,Clear,Front to Rear,no,no,no,no,no,False
101241292,METROPOLITAN NASHVILLE POLICE DEPT,20160514836,Davidson,Nashville,6/8/2016 7:50:00 AM,2,0,0,36.176790,-86.772710,I 24,,,,0.00,,,,,,,47.90,N,Not at Intersection, ,,None,,,         ,Joshua,Baker,,,no,no,no,no,no,False
101241309,METROPOLITAN NASHVILLE POLICE DEPT,2016-0512051,Davidson,Not in City Limit,6/7/2016 12:30:00 PM,2,0,0,36.021440,-86.664890,PETTUS RD,,,,1365.00,Feet,South,PRESTON RD,,,,0.00,N,Not at Intersection,N,Non-Junction,None,,,         ,William,Whitworth,Clear,Not Collision with Motor Vehicle in Transport,no,no,no,no,yes,False
101241310,METROPOLITAN NASHVILLE POLICE DEPT,2016-0512278,Davidson,Nashville,6/7/2016 2:10:00 PM,2,0,0,36.033520,-86.712980,NOLENSVILLE PKE,,,,0.00,,,BARNES RD,,,,0.00,Y,Four-Way, ,Intersection,None,,,         ,William,Whitworth,Clear,Front to Rear,no,no,no,no,no,False
101241311,METROPOLITAN NASHVILLE POLICE DEPT,2016-0514652,Davidson,Nashville,6/8/2016 6:45:00 AM,2,0,0,36.090420,-86.682270,EZELL PARK PVTDR,,,,671.00,Feet,East,MILL CREEK EZELL PARK GRNWY,,,,0.00,N,Not at Intersection, ,OtherLocation,None,,,         ,William,Whitworth,Clear,Front to Rear,no,no,no,yes,no,False
101241316,METROPOLITAN NASHVILLE POLICE DEPT,2016-0514746,Davidson,Nashville,6/8/2016 7:39:00 AM,3,0,0,36.053630,-86.672810,I 24,,,,0.00,,,,,,,58.45,N,Not at Intersection,N,Non-Junction,None,,,         ,Stanley,Collins,Clear,Front to Rear,no,no,no,no,no,False
101241318,METROPOLITAN NASHVILLE POLICE DEPT,20160514703,Davidson,Nashville,6/8/2016 7:25:00 AM,2,0,0,36.240740,-86.757370,DICKERSON PKE,,,,0.00,Feet,West,BRILEY PKWY E EXT RAMP,,,,0.00,N,Not at Intersection, ,Entrance/Exit Ramp Related,None,,,         ,William,Estes,Clear,Angle,no,no,no,no,no,False
101241320,METROPOLITAN NASHVILLE POLICE DEPT,20160514655,Davidson,Nashville,6/8/2016 6:59:00 AM,4,0,0,36.193360,-86.752940,DOUGLAS AV,,,,0.00,,,ELLINGTON PKWYS,,,,0.00,Y,OTHER,Y,OtherLocation,None,,,         ,Martin,Gonzalez,Clear,Front to Rear,no,no,no,no,no,False
101241321,METROPOLITAN NASHVILLE POLICE DEPT,20160514675,Davidson,Nashville,6/8/2016 7:12:00 AM,2,0,0,36.124190,-86.745720,I 440,,,,0.00,,,,,,,6.50,N,Not at Intersection,N,Non-Junction,None,,,         ,Paul,Ellis,Clear,Front to Rear,no,no,no,no,no,False
101241323,METROPOLITAN NASHVILLE POLICE DEPT,20160514966,Davidson,Nashville,6/8/2016 8:50:00 AM,2,0,0,36.067830,-86.718780,NOLENSVILLE PKE,,,,167.00,Feet,South,HAYWOOD LN,,,,0.00,N,Not at Intersection, ,,None,,,         ,William,Waters,,,no,no,no,no,no,False
101241329,METROPOLITAN NASHVILLE POLICE DEPT,20160514973,Davidson,Nashville,6/8/2016 7:30:00 AM,2,0,0,0.000000,0.000000,HAYWOOD,LN,,,10.00,Feet,South,EZELL,RD,,,0.00,N,Not at Intersection,N,Non-Junction,None,,,         ,Steven,Snitzer,Clear,Angle,no,no,no,yes,yes,False
101241331,METROPOLITAN NASHVILLE POLICE DEPT,20160497018,Davidson,Nashville,6/2/2016 1:25:00 PM,2,0,0,36.193980,-86.743690,GALLATIN AV,,,,0.00,,,STROUSE AV,,,,0.00,Y,T-Intersection, ,Intersection,None,,,         ,Randal,Owsley,Cloudy,Angle,no,no,no,no,no,False
101241336,METROPOLITAN NASHVILLE POLICE DEPT,20160512086,Davidson,Nashville,6/7/2016 1:00:00 PM,2,0,0,36.243460,-86.756670,DICKERSON PKE,,,,159.00,Feet,South,SKYLINE MEMORIAL CT,,,,0.00,N,Not at Intersection,N,Non-Junction,None,,,         ,Michelle,Steidl,Clear,"Sideswipe, Same Direction",no,no,no,no,no,False
101241349,METROPOLITAN NASHVILLE POLICE DEPT,2016-0514989,Davidson,Nashville,6/8/2016 9:00:00 AM,2,1,0,36.139630,-86.879870,CHARLOTTE PKE,,,,267.00,Feet,West,RUSSLEO DR,,,,0.00,N,Not at Intersection,N,Non-Junction,None,,,         ,Curtis,Rich,Clear,"Sideswipe, Same Direction",no,no,no,no,no,False
101241352,METROPOLITAN NASHVILLE POLICE DEPT,16-0515033,Davidson,Nashville,6/8/2016 9:18:00 AM,2,1,0,36.159950,-86.760490,I 24,,,,0.00,,,,,,,49.45,N,Not at Intersection,N,Non-Junction,None,,,         ,Frank,Campbell,Clear,"Sideswipe, Same Direction",no,no,no,no,no,False
101241353,METROPOLITAN NASHVILLE POLICE DEPT,20160503055,Davidson,Nashville,6/4/2016 6:08:00 AM,1,0,0,36.173700,-86.813050,FORMOSA ST,,,,0.00,,West,23RD AVN,,,,0.00,N,Not at Intersection,N,Non-Junction,None,,,         ,Angela,Booker,Clear,Not Collision with Motor Vehicle in Transport,no,no,no,no,no,False
101241369,METROPOLITAN NASHVILLE POLICE DEPT,2016-0515086,Davidson,Nashville,6/8/2016 9:30:00 AM,2,1,0,36.140760,-86.726930,I 40,,,,0.00,,,,,,,213.30,N,Not at Intersection,N,Non-Junction,None,,,         ,Scott,Toney,Clear,Front to Rear,no,no,no,no,no,False
101241371,METROPOLITAN NASHVILLE POLICE DEPT,2016-0514682,Davidson,Nashville,6/8/2016 7:16:00 AM,2,1,0,36.225700,-86.777250,I65 S ENT RAMP,,,,0.00,Feet,East,I 65,,,,0.00,N,Not at Intersection,N,Non-Junction,None,,,         ,William,Caillouette,Clear,Front to Rear,no,no,no,no,no,False
101241378,METROPOLITAN NASHVILLE POLICE DEPT,20160514962,Davidson,Nashville,6/8/2016 8:47:00 AM,2,1,0,36.148230,-86.760670,LAFAYETTE ST,,,,75.00,Feet,West,LINCOLN ST,,,,0.00,N,Not at Intersection,N,Non-Junction,None,,,         ,Tyler,Adcock,Clear,Front to Rear,no,no,no,no,no,False
101241392,METROPOLITAN NASHVILLE POLICE DEPT,20160514921,Davidson,Nashville,6/8/2016 8:15:00 AM,1,0,0,36.160330,-86.773190,1ST AVS,,,,20.00,Feet,North,DEMONBREUN ST,,,,0.00,N,Not at Intersection, ,Non-Junction,None,,,         ,Donald,Davidson,Clear,Not Collision with Motor Vehicle in Transport,no,no,no,no,no,False
101241393,METROPOLITAN NASHVILLE POLICE DEPT,2016-0515288,Davidson,Nashville,6/8/2016 10:40:00 AM,2,0,0,36.109220,-86.720130,I24 W EXT RAMP,,,,268.00,Feet,South,BRILEY PKWYN,,,,0.00,N,Not at Intersection, ,Entrance/Exit Ramp Related,None,,,         ,William,Whitworth,Clear,"Sideswipe, Same Direction",no,no,no,no,no,False
101241396,VANDERBILT UNIVERSITY POLICE,16-0515432,Davidson,Nashville,6/8/2016 11:00:00 AM,2,0,0,36.141200,-86.806300,25TH AVS,,,,0.00,,,,,,,0.00,,, ,Non-Junction,None,,,         ,Samuel,McClain,Clear,Front to Rear,no,no,no,yes,no,Campus
101241401,METROPOLITAN NASHVILLE POLICE DEPT,2016-0515082,Davidson,Not in City Limit,6/8/2016 9:44:00 AM,3,3,0,36.077000,-87.015100,I 40,,,,0.00,,,,,,,192.80,N,Not at Intersection,N,Non-Junction,None,,,         ,Curtis,Rich,Clear,Front to Rear,no,no,no,no,no,False
101241402,METROPOLITAN NASHVILLE POLICE DEPT,20160511520,Davidson,Nashville,6/8/2016 9:26:00 AM,3,1,0,36.109150,-86.769710,I 65,,,,0.00,,,,,,,79.70,N,Not at Intersection,N,Non-Junction,None,,,         ,Erik,Wagner,Clear,Front to Rear,no,no,no,no,no,False
101241403,METROPOLITAN NASHVILLE POLICE DEPT,20160515282,Davidson,Not in City Limit,6/8/2016 10:15:00 AM,3,0,0,36.271550,-86.795160,I 24,,,,0.00,,,,,,,41.00,N,Not at Intersection,N,Non-Junction,None,,,         ,Tyler,Maupin,Clear,Front to Rear,no,no,no,no,no,False
101241409,METROPOLITAN NASHVILLE POLICE DEPT,20160511122,Davidson,Nashville,6/7/2016 7:07:00 AM,1,0,0,36.230720,-86.608710,SHUTE LN,,,,256.00,Feet,West,BRANDYWINE POINTE BLVD,,,,0.00,N,Not at Intersection,N,Non-Junction,None,,,         ,James,Curtis,Clear,Not Collision with Motor Vehicle in Transport,no,no,no,no,no,False
101241410,METROPOLITAN NASHVILLE POLICE DEPT,20160514623,Davidson,Nashville,6/8/2016 6:32:00 AM,2,0,0,36.152750,-86.683180,ELM HILL PKE,,,,72.00,Feet,East,MCGAVOCK PKE,,,,0.00,N,Not at Intersection, ,Non-Junction,None,,,         ,James,Curtis,Clear,Front to Rear,no,no,no,no,no,False