master_record_number,agency,agency_tracking_number,county,city,collision_date,vehicles_involved,number_injured,number_dead,latitude,longitude,roadway_name,roadway_suffix,roadway_number,roadway_local_id,distance_from_reference,miles-feet_indicator,direction_from_reference,intersection_road_name,intersection_road_name_suffix,intersection_road_number,intersection_local_id,mile_marker,intersection_indicator,intersect_type,interchange_related_indicator,relation_to_junction,work_zone_type,construction_maintenance_zone,construction_maintenance_zone_location,fatal_case_number,officer_first_name,officer_last_name,weather_condition(s),manner_of_crash,pedestrian,bicycle,scooter,parking,hitrun,mou
101241896,METROPOLITAN NASHVILLE POLICE DEPT,2016-0515646,Davidson,Nashville,6/8/2016 1:06:00 PM,2,5,0,36.063600,-86.717050,NOLENSVILLE PKE,,,,256.00,Feet,North,FAIRLANE DR,,,,0.00,N,Not at Intersection,N,"Driveway, Alley Access, etc",None,,,         ,William,Whitworth,Clear,Angle,no,no,no,no,no,False
101241918,METROPOLITAN NASHVILLE POLICE DEPT,20160518140,Davidson,Nashville,6/9/2016 6:26:00 AM,2,0,0,36.143250,-86.685990,I 40,,,,0.00,,,,,,,215.50,N,Not at Intersection,N,Non-Junction,None,,,         ,Curtis,Fisher,Clear,Front to Rear,no,no,no,no,no,False
101241931,METROPOLITAN NASHVILLE POLICE DEPT,20160518213,Davidson,Nashville,6/9/2016 7:04:00 AM,2,1,0,36.187640,-86.756120,ELLINGTON PKWYS,,,,227.00,Feet,West,APEX ST,,,,0.00,N,Not at Intersection,N,Non-Junction,None,,,         ,Tony,Folad,Clear,Front to Rear,no,no,no,no,no,False
101241945,METROPOLITAN NASHVILLE POLICE DEPT,20160515504,Davidson,Nashville,6/8/2016 12:12:00 PM,2,1,0,36.203030,-86.738810,GALLATIN PKE,,,,205.00,Feet,South,E TRINITY LN,,,,0.00,N,Not at Intersection,N,Non-Junction,None,,,         ,Tony,Folad,Clear,Angle,no,no,no,no,no,False
101241949,METROPOLITAN NASHVILLE POLICE DEPT,20160518296,Davidson,Nashville,6/9/2016 7:23:00 AM,2,0,0,36.194860,-86.779790,BAPTIST WORLD CENTER DR,,,,0.00,,,VASHTI ST,,,,0.00,Y,T-Intersection, ,Intersection,None,,,         ,Michael,McCord,Clear,Angle,no,no,no,no,no,False
101241950,METROPOLITAN NASHVILLE POLICE DEPT,20160518275,Davidson,Not in City Limit,6/9/2016 7:30:00 AM,2,0,0,36.292730,-86.810590,I 24,,,,0.00,,,,,,,39.30,N,Not at Intersection, ,Non-Junction,None,,,         ,Tyler,Maupin,Clear,Front to Rear,no,no,no,no,no,False
101241954,METROPOLITAN NASHVILLE POLICE DEPT,20160518344,Davidson,Nashville,6/9/2016 12:00:00 AM,2,1,0,36.165640,-86.778640,3RD AVN,,,,0.00,,,UNION ST,,,,0.00,Y,Four-Way,N,Intersection,None,,,         ,Daniel,Russett,Clear,Front to Rear,no,no,no,no,no,False
101241966,METROPOLITAN NASHVILLE POLICE DEPT,20160518181,Davidson,Nashville,6/9/2016 6:56:00 AM,2,0,0,36.193670,-86.807030,ROSA L PARKS BLVD,,,,0.00,,,GREAT CIRCLE RD,,,,0.00,Y,Four-Way,N,Intersection,None,,,         ,Nathan,Mayo,Clear,Angle,no,no,no,no,no,False
101241967,METROPOLITAN NASHVILLE POLICE DEPT,2016-0518382,Davidson,Nashville,6/9/2016 8:05:00 AM,2,0,0,36.163140,-86.784230,UNION ST,,,,0.00,,,POLK AV,,,,0.00,Y,T-Intersection, ,Intersection,None,,,         ,Paul,Sorace,Clear,"Sideswipe, Same Direction",no,no,no,no,no,False
101241979,METROPOLITAN NASHVILLE POLICE DEPT,20160518498,Davidson,Nashville,6/9/2016 8:45:00 AM,2,0,0,36.166400,-86.817070,I40 E EXT RAMP,,,,0.00,Feet,East,I 40,,,,0.00,N,Not at Intersection, ,Entrance/Exit Ramp Related,None,,,         ,Joshua,Baker,Clear,Front to Rear,no,no,no,no,no,False
101241984,METROPOLITAN NASHVILLE POLICE DEPT,20160518401,Davidson,Nashville,6/9/2016 12:00:00 AM,2,0,0,36.116340,-86.777380,I440 W ENT RAMP,,,,0.00,Feet,East,I 440,,,,0.00,N,Not at Intersection,N,Non-Junction,None,,,         ,Ronald,Raynore,Clear,Front to Rear,no,no,no,no,no,False
101241985,METROPOLITAN NASHVILLE POLICE DEPT,20160518494,Davidson,Nashville,6/9/2016 8:45:00 AM,2,0,0,36.125790,-86.765870,BRANSFORD AV,,,,0.00,,,CRAIGHEAD ST,,,,0.00,Y,Four-Way,N,Intersection,None,,,         ,Nathan,Kemp,Clear,Angle,no,no,no,no,no,False
101241987,METROPOLITAN NASHVILLE POLICE DEPT,20160518487,Davidson,Nashville,6/9/2016 8:45:00 AM,2,1,0,36.089570,-86.650280,MURFREESBORO PKE,,,,201.00,Feet,North,RANSOM PL,,,,0.00,N,Not at Intersection,N,Non-Junction,None,,,         ,Jonathan,Cavezza,Clear,Front to Rear,no,no,no,no,no,False
101241993,METROPOLITAN NASHVILLE POLICE DEPT,20160518412,Davidson,Nashville,6/9/2016 12:00:00 AM,2,0,0,36.158330,-86.803060,PEARL ST,,,,0.00,,,JO JOHNSTON AV,,,,0.00,Y,T-Intersection, ,Intersection,None,,,         ,Andrae,Starling,Clear,Angle,no,no,no,no,no,False
101241995,METROPOLITAN NASHVILLE POLICE DEPT,20160518373,Davidson,Nashville,6/9/2016 8:00:00 AM,2,0,0,36.152290,-86.690470,ELM HILL PKE,,,,0.00,,,BRILEY PKWY N EXT RAMP,,,,0.00,Y,Four-Way, ,Intersection,None,,,         ,Wesley,Young,Clear,Front to Rear,no,no,no,no,no,False
101242008,METROPOLITAN NASHVILLE POLICE DEPT,20160518544,Davidson,Nashville,6/9/2016 8:55:00 AM,2,0,0,36.047050,-86.655380,HICKORY HOLLOW PKWY,,,,245.00,Feet,South,BELL RD,,,,0.00,N,Not at Intersection,N,Non-Junction,None,,,         ,Julius,Gallon,Clear,Angle,no,no,no,no,no,False
101242012,METROPOLITAN NASHVILLE POLICE DEPT,20160518441,Davidson,Nashville,6/9/2016 8:25:00 AM,3,0,0,36.169860,-86.808580,I 40,,,,0.00,,,,,,,207.20,N,Not at Intersection, ,Non-Junction,None,,,         ,Nathan,Mayo,Clear,Front to Rear,no,no,no,no,no,False
101242022,VANDERBILT UNIVERSITY POLICE,16-0515580,Davidson,Nashville,6/9/2016 9:00:00 AM,1,0,0,36.139040,-86.801740,MEDICAL CENTER DR,,,,110.00,Feet,North,CHILDRENS WAY,,,,0.00,N,Not at Intersection, ,Non-Junction,None,,,         ,Samuel,McClain,Clear,Not Collision with Motor Vehicle in Transport,no,yes,no,no,no,Campus
101242028,METROPOLITAN NASHVILLE POLICE DEPT,20160518294,Davidson,Nashville,6/9/2016 7:34:00 AM,2,0,0,36.195000,-86.743160,CHESTER AV,,,,0.00,,,GALLATIN AV,,,,0.00,Y,Four-Way, ,Intersection,None,,,         ,Richard,Conger,Clear,Front to Rear,no,no,no,no,yes,False
101242040,METROPOLITAN NASHVILLE POLICE DEPT,2016-0518320,Davidson,Nashville,6/9/2016 7:46:00 AM,2,1,0,36.025790,-86.633100,I 24,,,,0.00,,,,,,,61.40,N,Not at Intersection,N,Non-Junction,None,,,         ,William,Whitworth,Clear,Front to Rear,no,no,no,no,no,False
101242041,METROPOLITAN NASHVILLE POLICE DEPT,2016-0518635,Davidson,Antioch,6/9/2016 9:20:00 AM,1,0,0,0.000000,0.000000,HOBSON PIKE,PIKE,SR171,,0.00,,,PIN HOOK RD,RD,,,0.00,Y,Four-Way, ,Intersection,None,,,         ,William,Whitworth,Clear,Not Collision with Motor Vehicle in Transport,no,no,no,no,no,False
101242045,BERRY HILL POLICE DEPT,16-2022,Davidson,Berry Hill,6/8/2016 11:30:00 AM,2,0,0,36.112170,-86.765360,THOMPSON LN,,,,493.00,Feet,East,BRANSFORD AV,,,,0.00,N,Not at Intersection, ,OtherLocation,None,,,         ,John,Gleixner,Clear,"Sideswipe, Same Direction",no,no,no,no,no,False
101242050,METROPOLITAN NASHVILLE POLICE DEPT,20160518784,Davidson,Nashville,6/9/2016 10:19:00 AM,3,1,0,36.111220,-86.755810,THOMPSON LN,,,,173.00,Feet,West,SIDCO DR,,,,0.00,N,Not at Intersection,N,Non-Junction,None,,,         ,Nathan,Kemp,Clear,Front to Rear,no,no,no,no,no,False
101242051,METROPOLITAN NASHVILLE POLICE DEPT,2016-0518690,Davidson,Nashville,6/9/2016 9:47:00 AM,2,0,0,36.161020,-86.777200,BROADWAY,,,,0.00,,,4TH AVN,,,,0.00,Y,Four-Way, ,,None,,,         ,William,Vincion,,,no,no,no,no,no,False
101242062,METROPOLITAN NASHVILLE POLICE DEPT,2016-0518921,Davidson,Nashville,6/9/2016 11:00:00 AM,3,2,0,36.153220,-86.844100,ALABAMA AV,,,,167.00,Feet,West,47TH AVN,,,,0.00,N,Not at Intersection,N,Non-Junction,None,,,         ,Curtis,Rich,Clear,Front to Rear,no,no,no,no,no,False
101242064,METROPOLITAN NASHVILLE POLICE DEPT,20160518571,Davidson,Nashville,6/9/2016 9:08:00 AM,2,0,0,36.140740,-86.726660,I 40,,,,0.00,,,,,,,213.30,N,Not at Intersection, ,Non-Junction,None,,,         ,Wesley,Young,Clear,Front to Rear,no,no,no,no,no,False
101242069,METROPOLITAN NASHVILLE POLICE DEPT,2016-0518862,Davidson,Nashville,6/9/2016 10:40:00 AM,2,0,0,36.150140,-86.784330,I 40,,,,0.00,,,,,,,209.60,N,Not at Intersection, ,Non-Junction,None,,,         ,Paul,Sorace,Clear,"Sideswipe, Same Direction",no,no,no,no,no,False
101242083,METROPOLITAN NASHVILLE POLICE DEPT,20160519113,Davidson,Nashville,6/9/2016 11:58:00 AM,2,0,0,36.151010,-86.800100,WEST END AV,,,,260.00,Feet,West,20TH AVS,,,,0.00,N,Not at Intersection, ,Non-Junction,None,,,         ,Justin,Fox,Clear,Front to Rear,no,no,no,no,no,Campus
101242084,METROPOLITAN NASHVILLE POLICE DEPT,20160518969,Davidson,Nashville,6/9/2016 11:00:00 AM,2,0,0,36.127980,-86.692340,AIRWAYS BLVD,,,,68.00,Feet,East,JETWAY DR,,,,0.00,N,Not at Intersection, ,OtherLocation,None,,,         ,Wesley,Young,Clear,Front to Rear,no,no,no,yes,no,False
101242090,METROPOLITAN NASHVILLE POLICE DEPT,20160519043,Davidson,Nashville,6/9/2016 11:20:00 AM,2,0,0,36.196050,-86.720000,PORTER RD,,,,159.00,Feet,East,TAMMANY DR,,,,0.00,N,Not at Intersection, ,Non-Junction,None,,,         ,Jonathan,Hadley,Clear,Rear to Side,no,no,no,no,no,False
101242094,BERRY HILL POLICE DEPT,16-2035,Davidson,Berry Hill,6/8/2016 4:00:00 PM,2,2,0,36.112330,-86.767020,THOMPSON LN,,,,0.00,,,BRANSFORD AV,,,,0.00,Y,Four-Way,N,Intersection-Related,None,,,         ,John,Gleixner,Clear,Front to Rear,no,no,no,no,no,False
101242101,METROPOLITAN NASHVILLE POLICE DEPT,20160513528,Davidson,Goodlettsville,6/7/2016 9:55:00 PM,2,0,0,36.300770,-86.694820,GALLATIN PKEN,,,,0.00,,,SHEPHERD HILLS DR,,,,0.00,Y,Four-Way, ,Intersection,None,,,         ,Samuel,Miller,Clear,Angle,no,no,no,no,no,False
101242102,METROPOLITAN NASHVILLE POLICE DEPT,20160519241,Davidson,Nashville,6/9/2016 12:39:00 PM,2,1,0,36.173030,-86.792400,9TH AVN,,,,0.00,,,JEFFERSON ST,,,,0.00,Y,T-Intersection,N,SharedUsePathOrTrail,None,,,         ,Andrae,Starling,Clear,Angle,no,no,no,no,no,False
101242105,METROPOLITAN NASHVILLE POLICE DEPT,2016-0519150,Davidson,Nashville,6/9/2016 12:12:00 PM,2,0,0,36.085720,-86.852010,LYNNWOOD BLVD,,,,0.00,,,TYNE BLVD,,,,0.00,Y,Four-Way, ,Intersection,None,,,         ,Walter,Gray II,Clear,Angle,no,no,no,no,no,False
101242107,METROPOLITAN NASHVILLE POLICE DEPT,20160515840,Davidson,Not in City Limit,6/8/2016 2:15:00 PM,2,0,0,36.262470,-86.709010,E OLD HICKORY BLVD,,,,444.00,Feet,West,3RD AV,,,,0.00,N,Not at Intersection, ,"Driveway, Alley Access, etc",None,,,         ,Michelle,Steidl,Clear,Front to Rear,no,no,no,no,no,False
101242108,METROPOLITAN NASHVILLE POLICE DEPT,20160519101,Davidson,Nashville,6/9/2016 11:55:00 AM,2,1,0,36.138870,-86.740920,FOSTER AV,,,,981.00,Feet,South,MURFREESBORO PKE,,,,0.00,N,Not at Intersection,N,Non-Junction,None,,,         ,Robert,Erickson,Clear,Front to Rear,no,no,no,no,no,False
101242115,METROPOLITAN NASHVILLE POLICE DEPT,20160518810,Davidson,Nashville,6/9/2016 10:27:00 AM,2,0,0,36.136320,-86.794510,WEDGEWOOD AV,,,,0.00,,,16TH AVS,,,,0.00,Y,Y-Intersection,N,Intersection-Related,None,,,         ,Phillip,Murphy,Clear,Front to Rear,no,no,no,no,no,False
101242117,METROPOLITAN NASHVILLE POLICE DEPT,20160516572,Davidson,Nashville,6/8/2016 5:55:00 PM,2,0,0,36.163320,-86.613120,BELL RD,,,,0.00,,,DODSON CHAPEL RD,,,,0.00,Y,T-Intersection,Y,Intersection,None,,,         ,Brian,Smith,Clear,Angle,no,no,no,no,no,False
101242118,METROPOLITAN NASHVILLE POLICE DEPT,20160519369,Davidson,Nashville,6/9/2016 1:23:00 PM,2,1,0,36.147230,-86.807860,WEST END AV,,,,174.00,Feet,East,25TH AVS,,,,0.00,N,Not at Intersection,N,Non-Junction,None,,,         ,Nathan,Kemp,Clear,Angle,no,no,no,no,no,Campus
101242126,METROPOLITAN NASHVILLE POLICE DEPT,20160518647,Davidson,Nashville,6/9/2016 9:29:00 AM,3,0,0,36.115900,-86.785220,I 440,,,,0.00,,,,,,,4.25,N,Not at Intersection,N,Non-Junction,None,,,         ,Erik,Wagner,Clear,Front to Rear,no,no,no,no,no,False
101242140,METROPOLITAN NASHVILLE POLICE DEPT,20160519357,Davidson,Nashville,6/9/2016 1:09:00 PM,2,0,0,36.092810,-86.678860,HARDING PL,,,,0.00,Feet,,DONELSON PKE,,,,0.00,Y,T-Intersection,N,Intersection,None,,,         ,Brian,Lamb,Clear,Angle,no,no,no,no,no,False
101242142,METROPOLITAN NASHVILLE POLICE DEPT,20160519345,Davidson,Nashville,6/9/2016 1:14:00 PM,2,2,0,36.095110,-86.728910,WHEELER AV,,,,0.00,,,HEWLETT DR,,,,0.00,Y,Four-Way,N,Intersection,None,,,         ,Robert,Erickson,Clear,HeadOn,no,no,no,no,no,False
101242199,GOODLETTSVILLE POLICE DEPT,16-20694,Davidson,Goodlettsville,6/9/2016 12:30:00 PM,2,0,0,36.310980,-86.696650,CONFERENCE DR,,,,0.00,,,MISSION RDG,,,,0.00,Y,T-Intersection,N,Intersection-Related,None,,,         ,Benny,Alexander,Clear,Front to Rear,no,no,no,no,no,False
101242205,METROPOLITAN NASHVILLE POLICE DEPT,2016-0519504,Davidson,Nashville,6/9/2016 2:13:00 PM,2,0,0,36.140070,-86.879320,CHARLOTTE PKE,,,,39.00,Feet,West,RUSSLEO DR,,,,0.00,N,Not at Intersection, ,"Driveway, Alley Access, etc",None,,,         ,Walter,Gray II,Clear,Front to Rear,no,no,no,no,no,False
101242208,BERRY HILL POLICE DEPT,16-2045,Davidson,Berry Hill,6/9/2016 12:00:00 AM,2,0,0,36.112330,-86.767020,THOMPSON LN,,,,0.00,,,BRANSFORD AV,,,,0.00,Y,Four-Way, ,Intersection-Related,None,,,         ,John,Gleixner,Clear,"Sideswipe, Same Direction",no,no,no,no,no,False
101242209,METROPOLITAN NASHVILLE POLICE DEPT,20160519609,Davidson,Nashville,6/9/2016 1:38:00 PM,2,0,0,36.137240,-86.732180,HILL AV,,,,0.00,,,BLANTON AV,,,,0.00,Y,Four-Way, ,Intersection,None,,,         ,David,Hughes,Clear,Other,no,no,no,no,yes,False
101242216,METROPOLITAN NASHVILLE POLICE DEPT,20160519634,Davidson,Nashville,6/9/2016 3:20:00 PM,2,0,0,36.121420,-86.756180,I 440,,,,0.00,,,,,,,6.00,N,Not at Intersection,N,Non-Junction,None,,,         ,Charles,Griffin,Clear,Angle,no,no,no,no,no,False
101242217,METROPOLITAN NASHVILLE POLICE DEPT,20160519511,Davidson,Nashville,6/9/2016 1:28:00 PM,4,2,0,36.132790,-86.726870,I24E,,,,909.00,Feet,North,I24 W EXT RAMP,,,,0.00,N,Not at Intersection,N,Entrance/Exit Ramp Related,None,,,         ,Tien,Nguyen,Clear,Front to Rear,no,no,no,no,no,False
101242218,METROPOLITAN NASHVILLE POLICE DEPT,20160519667,Davidson,Nashville,6/9/2016 3:28:00 PM,2,0,0,36.115750,-86.781460,I 440,,,,0.00,,,,,,,4.45,N,Not at Intersection, ,Entrance/Exit Ramp Related,None,,,         ,Tien,Nguyen,Clear,Front to Rear,no,no,no,no,no,False
101242235,METROPOLITAN NASHVILLE POLICE DEPT,20160519592,Davidson,Nashville,6/9/2016 12:00:00 AM,3,0,0,36.137200,-86.699670,BRILEY PKWY,,,,0.00,,,GLASTONBURY RD,,,,0.00,Y,T-Intersection,N,Intersection,None,,,         ,Randy,Heinze,Clear,Angle,no,no,no,no,no,False
101242242,METROPOLITAN NASHVILLE POLICE DEPT,20160519782,Davidson,Nashville,6/9/2016 4:06:00 PM,2,0,0,36.155200,-86.786590,12TH AVS,,,,141.00,Feet,South,MCGAVOCK ST,,,,0.00,N,Not at Intersection, ,"Driveway, Alley Access, etc",None,,,         ,Jason,Thomas,Clear,"Sideswipe, Same Direction",no,no,no,no,no,False
101242243,METROPOLITAN NASHVILLE POLICE DEPT,20160519831,Davidson,Nashville,6/9/2016 4:25:00 PM,2,0,0,36.131520,-86.811890,NATCHEZ TRC,,,,0.00,,,BLAIR BLVD,,,,0.00,Y,Four-Way, ,,None,,,         ,Charles,Griffin,,,no,no,no,no,no,False
101242247,METROPOLITAN NASHVILLE POLICE DEPT,20160519880,Davidson,Nashville,6/9/2016 4:31:00 PM,2,0,0,36.147140,-86.625910,BELL RD,,,,74.00,Feet,South,TRAILS CIR,,,,0.00,N,Not at Intersection,N,Non-Junction,None,,,         ,Brian,Smith,Clear,Front to Rear,no,no,no,no,no,False
101242255,METROPOLITAN NASHVILLE POLICE DEPT,20160519705,Davidson,Nashville,6/9/2016 3:44:00 PM,1,2,0,36.185430,-86.796970,I 65,,,,0.00,,,,,,,85.40,N,Not at Intersection,N,Non-Junction,None,,,         ,Khalid,Abbady,Clear,Not Collision with Motor Vehicle in Transport,no,no,no,no,no,False
101242268,METROPOLITAN NASHVILLE POLICE DEPT,20160519891,Davidson,Nashville,6/9/2016 4:46:00 PM,2,0,0,36.081050,-86.758020,HARDING PL,,,,101.00,Feet,East,TROUSDALE DR,,,,0.00,N,Not at Intersection, ,Non-Junction,None,,,         ,Tien,Nguyen,Clear,"Sideswipe, Same Direction",no,no,no,no,no,False
101242269,METROPOLITAN NASHVILLE POLICE DEPT,20160519724,Davidson,Nashville,6/9/2016 3:36:00 PM,2,0,0,36.151250,-86.763800,UNIVERSITY CT,,,,503.00,Feet,West,CANNON ST,,,,0.00,N,Not at Intersection,N,Non-Junction,None,,,         ,Bryan,Byrnes,Clear,"Sideswipe, Same Direction",no,no,no,no,yes,False
101242270,METROPOLITAN NASHVILLE POLICE DEPT,20160519844,Davidson,Nashville,6/9/2016 4:26:00 PM,2,0,0,36.153600,-86.756520,I 40,,,,0.00,,,,,,,211.20,N,Not at Intersection, ,,None,,,         ,Bryan,Byrnes,,,no,no,no,no,no,False
101242276,METROPOLITAN NASHVILLE POLICE DEPT,2016-0516729,Davidson,Nashville,6/8/2016 8:30:00 PM,2,0,0,36.139740,-86.760850,2ND AVS,,,,0.00,,,OLD RADNOR CAR LINE,,,,0.00,Y,T-Intersection, ,Intersection,None,,,         ,John,Roberson,Clear,"Sideswipe, Opposite Direction",no,no,no,no,no,False
101242277,METROPOLITAN NASHVILLE POLICE DEPT,20160519936,Davidson,Nashville,6/9/2016 5:00:00 PM,2,0,0,36.128730,-86.695380,BRILEY PKWY,,,,68.00,Feet,North,BRILEY PKWY N EXT RAMP,,,,0.00,N,Not at Intersection, ,Non-Junction,None,,,         ,Thomas,Barnes,Clear,Front to Rear,no,no,no,no,no,False
101242278,METROPOLITAN NASHVILLE POLICE DEPT,20160504094,Davidson,Nashville,6/7/2016 6:15:00 PM,2,0,0,36.060070,-86.741050,ELLINGTON CIR,,,,0.00,,,EDMONDSON PKE,,,,0.00,Y,T-Intersection, ,Intersection,None,,,         ,Nicholas,Berens,Clear,Angle,no,no,no,no,no,False
101242286,METROPOLITAN NASHVILLE POLICE DEPT,20160519700,Davidson,Nashville,6/9/2016 3:40:00 PM,2,0,0,36.136960,-86.699530,BRILEY PKWY,,,,96.00,Feet,South,GLASTONBURY RD,,,,0.00,N,Not at Intersection,N,Non-Junction,None,,,         ,Jaby,Djabbarov,Clear,"Sideswipe, Same Direction",no,no,no,no,yes,False
101242292,METROPOLITAN NASHVILLE POLICE DEPT,20160519728,Davidson,Nashville,6/9/2016 12:00:00 AM,2,1,0,36.157460,-86.802060,CHARLOTTE AV,,,,191.00,Feet,West,19TH AVN,,,,0.00,N,Not at Intersection,N,Non-Junction,None,,,         ,Jose,Salazar,Clear,Front to Rear,no,no,no,no,no,False
101242293,METROPOLITAN NASHVILLE POLICE DEPT,20160519925,Davidson,Old Hickory,6/9/2016 4:45:00 PM,2,0,0,36.244450,-86.000001,ROBINSON,RD,SR1501,,1.00,Feet,East,NEWPORT,DR,US,,0.00,N,Not at Intersection,N,Non-Junction,None,,,         ,Codey,Mullins,Cloudy,"Sideswipe, Same Direction",no,no,no,no,no,False
101242295,METROPOLITAN NASHVILLE POLICE DEPT,20160519860,Davidson,Nashville,6/9/2016 4:25:00 PM,3,0,0,36.166600,-86.764760,I 24,,,,0.00,,,,,,,49.00,N,Not at Intersection,N,Non-Junction,None,,,         ,Clinton,Schroeder,Clear,Front to Rear,no,no,no,no,yes,False
101242302,METROPOLITAN NASHVILLE POLICE DEPT,20160520020,Davidson,Nashville,6/9/2016 5:22:00 PM,2,0,0,36.137200,-86.699670,BRILEY PKWY,,,,0.00,,,GLASTONBURY RD,,,,0.00,Y,Four-Way, ,Intersection,None,,,         ,Jaby,Djabbarov,Clear,"Sideswipe, Same Direction",no,no,no,no,no,False
101242304,METROPOLITAN NASHVILLE POLICE DEPT,20160520006,Davidson,Nashville,6/9/2016 5:06:00 PM,2,0,0,36.084160,-86.705890,LINBAR DR,,,,0.00,,,HARDING PL,,,,0.00,Y,Four-Way, ,Intersection,None,,,         ,Sharissa,Perez,Clear,Front to Rear,no,no,no,no,no,False
101242305,METROPOLITAN NASHVILLE POLICE DEPT,20160519985,Davidson,Nashville,6/9/2016 5:15:00 PM,2,1,0,36.120190,-86.773480,I 65,,,,0.00,,,,,,,80.50,N,Not at Intersection,N,Non-Junction,None,,,         ,Eric,Burford,Clear,Front to Rear,no,no,no,no,no,False
101242309,METROPOLITAN NASHVILLE POLICE DEPT,20160519847,Davidson,Nashville,6/9/2016 4:28:00 PM,2,0,0,36.157660,-86.790820,I 40,,,,0.00,,,,,,,209.00,N,Not at Intersection, ,,None,,,         ,Charles,Griffin,,,no,no,no,no,no,False
101242311,METROPOLITAN NASHVILLE POLICE DEPT,20160520055,Davidson,Nashville,6/9/2016 4:50:00 PM,2,0,0,36.150340,-86.785230,I 40,,,,0.00,,,,,,,209.50,N,Not at Intersection, ,Non-Junction,Construction Zone,,,         ,Jonathan,Frith,Clear,"Sideswipe, Same Direction",no,no,no,no,yes,False
101242320,METROPOLITAN NASHVILLE POLICE DEPT,20160520083,Davidson,Nashville,6/9/2016 5:42:00 PM,2,0,0,36.151070,-86.784340,DIVISION ST,,,,0.00,,,12TH AVS,,,,0.00,Y,Four-Way, ,Intersection,None,,,         ,Jason,Thomas,Clear,Front to Rear,no,no,no,no,no,False
101242321,METROPOLITAN NASHVILLE POLICE DEPT,20160519999,Davidson,Nashville,6/9/2016 5:14:00 PM,2,0,0,36.119790,-86.766050,I 440,,,,0.00,,,,,,,5.40,N,Not at Intersection, ,Non-Junction,None,,,         ,Tien,Nguyen,Clear,"Sideswipe, Same Direction",no,no,no,no,no,False
101242322,METROPOLITAN NASHVILLE POLICE DEPT,20160520173,Davidson,Nashville,6/9/2016 6:11:00 PM,2,0,0,36.043010,-86.842310,KINGSBURY DR,,,,0.00,,,OLD HICKORY BLVD,,,,0.00,Y,Four-Way, ,Intersection,None,,,         ,Tien,Nguyen,Clear,"Sideswipe, Same Direction",no,no,no,no,no,False
101242323,METROPOLITAN NASHVILLE POLICE DEPT,20160520127,Davidson,Nashville,6/9/2016 5:44:00 PM,2,0,0,36.112260,-86.745920,NOLENSVILLE PKE,,,,100.00,Feet,South,MCCLAIN AV,,,,0.00,N,Not at Intersection, ,Non-Junction,None,,,         ,Charles,Griffin,Clear,Angle,no,no,no,no,no,False
101242324,METROPOLITAN NASHVILLE POLICE DEPT,2016-0519582,Davidson,Nashville,6/9/2016 12:00:00 AM,2,0,0,36.163080,-86.776450,COMMERCE ST,,,,127.00,Feet,West,2ND AVN,,,,0.00,N,Not at Intersection, ,Non-Junction,None,,,         ,John,Roberson,Clear,"Sideswipe, Same Direction",no,no,no,no,yes,False
101242326,METROPOLITAN NASHVILLE POLICE DEPT,20160517067,Davidson,Nashville,6/8/2016 10:13:00 PM,3,0,0,36.044930,-86.664700,BELL RD,,,,532.00,Feet,North,CANE RIDGE RD,,,,0.00,N,Not at Intersection,N,Non-Junction,None,,,         ,David,Hughes,Clear,Angle,no,no,no,no,no,False
101242327,METROPOLITAN NASHVILLE POLICE DEPT,20160519754,Davidson,Nashville,6/9/2016 2:18:00 PM,2,0,0,36.142480,-86.744490,FESSLERS LN,,,,177.00,Feet,South,MURFREESBORO PKE,,,,0.00,N,Not at Intersection, ,Non-Junction,None,,,         ,David,Hughes,Clear,Front to Rear,no,no,no,yes,no,False
101242339,METROPOLITAN NASHVILLE POLICE DEPT,20160519856,Davidson,Nashville,6/9/2016 4:25:00 PM,2,0,0,36.169480,-86.678890,LEBANON PKE,,,,298.00,Feet,East,MCGAVOCK PKE,,,,0.00,N,Not at Intersection,N,Non-Junction,None,,,         ,Bradley,McIntyre,Clear,Front to Rear,no,no,no,no,no,False
101242345,METROPOLITAN NASHVILLE POLICE DEPT,20160520067,Davidson,Nashville,6/9/2016 5:26:00 PM,2,0,0,36.121680,-86.756160,I 440,,,,0.00,,,,,,,6.00,N,Not at Intersection, ,Non-Junction,None,,,         ,David,Hughes,Clear,"Sideswipe, Same Direction",no,no,no,no,no,False
101242348,METROPOLITAN NASHVILLE POLICE DEPT,20160520246,Davidson,Nashville,6/9/2016 6:29:00 PM,3,0,0,36.107040,-86.768270,I 65,,,,0.00,,,,,,,79.50,N,Not at Intersection,N,Non-Junction,None,,,         ,Nicholas,Smith,Clear,Front to Rear,no,no,no,no,yes,False
101242359,VANDERBILT UNIVERSITY POLICE,16-0520214,Davidson,Nashville,6/9/2016 6:05:00 PM,2,1,0,36.142060,-86.800390,21ST AVS,,,,283.00,Feet,South,MEDICAL CENTER DR,,,,0.00,N,Not at Intersection,N,Non-Junction,None,,,         ,William,Gladu,Clear,Angle,no,no,no,yes,no,Campus
101242360,METROPOLITAN NASHVILLE POLICE DEPT,20160519353,Davidson,Nashville,6/9/2016 1:18:00 PM,2,1,0,36.246990,-86.720980,GALLATIN PKES,,,,126.00,Feet,North,BERKLEY DR,,,,0.00,N,Not at Intersection,N,Non-Junction,None,,,         ,Samuel,Miller,Clear,Front to Rear,no,no,no,no,no,False