master_record_number,agency,agency_tracking_number,county,city,collision_date,vehicles_involved,number_injured,number_dead,latitude,longitude,roadway_name,roadway_suffix,roadway_number,roadway_local_id,distance_from_reference,miles-feet_indicator,direction_from_reference,intersection_road_name,intersection_road_name_suffix,intersection_road_number,intersection_local_id,mile_marker,intersection_indicator,intersect_type,interchange_related_indicator,relation_to_junction,work_zone_type,construction_maintenance_zone,construction_maintenance_zone_location,fatal_case_number,officer_first_name,officer_last_name,weather_condition(s),manner_of_crash,pedestrian,bicycle,scooter,parking,hitrun,mou
101243338,METROPOLITAN NASHVILLE POLICE DEPT,20160523308,Davidson,Nashville,6/10/2016 4:34:00 PM,2,1,0,36.049980,-86.649500,MT VIEW RD,,,,0.00,,,BELL RD,,,,0.00,Y,Four-Way,N,Intersection-Related,None,,,         ,Victoria,Cunningham,Clear,Angle,no,no,no,no,no,False
101243339,METROPOLITAN NASHVILLE POLICE DEPT,20160523354,Davidson,Nashville,6/10/2016 5:20:00 PM,2,0,0,36.166440,-86.795200,I 40,,,,0.00,,,,,,,208.30,N,Not at Intersection,N,Non-Junction,None,,,         ,Christopher,Templin,Clear,Front to Rear,no,no,no,no,no,False
101243373,METROPOLITAN NASHVILLE POLICE DEPT,20160524282,Davidson,Nashville,6/10/2016 11:30:00 PM,2,1,0,36.124990,-86.752200,NOLENSVILLE PKE,,,,0.00,,,ROSEDALE AV,,,,0.00,Y,T-Intersection,N,Non-Junction,None,,,         ,Joshua,Billotte,Clear,Angle,no,no,no,no,no,False
101243394,METROPOLITAN NASHVILLE POLICE DEPT,2016-0524413,Davidson,Nashville,6/11/2016 12:38:00 AM,2,1,0,36.167110,-86.776960,WOODLAND ST,,,,0.00,,,UNION ST,,,,0.00,Y,OTHER,N,Intersection,None,,,         ,Travis,Baxter,Clear,HeadOn,no,no,no,no,no,False
101243401,METROPOLITAN NASHVILLE POLICE DEPT,20160524176,Davidson,Goodlettsville,6/10/2016 8:20:00 PM,3,0,0,36.301350,-86.693880,GALLATIN PKEN,,,,346.00,Feet,East,SHEPHERD HILLS DR,,,,0.00,N,Not at Intersection, ,Non-Junction,None,,,         ,Eric,Mumaw,Clear,Front to Rear,no,no,no,no,no,False
101243435,METROPOLITAN NASHVILLE POLICE DEPT,20160524163,Davidson,Nashville,6/10/2016 10:15:00 PM,1,0,0,36.108370,-86.822100,CROSS CREEK RD,,,,350.00,Feet,North,ABBOTT MARTIN RD,,,,0.00,N,Not at Intersection,N,Non-Junction,None,,,         ,Benjamin,Fisher,Clear,Not Collision with Motor Vehicle in Transport,no,no,no,yes,yes,False
101243436,METROPOLITAN NASHVILLE POLICE DEPT,20160524166,Davidson,Not in City Limit,6/10/2016 9:02:00 PM,2,0,0,36.263940,-86.690710,STATE RT 45,,,,121.00,Feet,West,MYATT DR,,,,0.00,N,Not at Intersection, ,Non-Junction,None,,,         ,Trent,Craig,Clear,Front to Rear,no,no,no,no,no,False
101243439,METROPOLITAN NASHVILLE POLICE DEPT,20160524555,Davidson,Nashville,6/11/2016 1:35:00 AM,1,1,0,36.145830,-86.879650,I 40,,,,0.00,,,,,,,202.60,N,Not at Intersection,N,Non-Junction,None,,,         ,Harold,Willmore IV,Clear,Not Collision with Motor Vehicle in Transport,no,no,no,no,no,False
101243450,METROPOLITAN NASHVILLE POLICE DEPT,20160524714,Davidson,Nashville,6/11/2016 3:09:00 AM,2,0,0,36.215790,-86.586600,LEBANON PKE,,,,150.00,Feet,West,LADY NASHVILLE DR,,,,0.00,N,Not at Intersection, ,OtherLocation,None,,,         ,Sean,Wuethrich,Clear,Front to Rear,no,no,no,yes,no,False
101243452,METROPOLITAN NASHVILLE POLICE DEPT,20160524836,Davidson,Nashville,6/11/2016 4:25:00 AM,1,1,0,36.153620,-86.764170,I40 W ENT RAMP,,,,0.00,,,I 40,,,,0.00,Y,Y-Intersection,Y,Entrance/Exit Ramp Related,None,,,         ,Christopher,Hanor,Clear,Not Collision with Motor Vehicle in Transport,no,no,no,no,no,False
101243459,METROPOLITAN NASHVILLE POLICE DEPT,20160524203,Davidson,Nashville,6/10/2016 11:25:00 PM,2,0,0,36.167770,-86.819830,JEFFERSON ST,,,,200.00,Feet,West,27TH AVN,,,,0.00,N,Not at Intersection,N,Non-Junction,None,,,         ,Nicholas,Carter,Clear,Not Collision with Motor Vehicle in Transport,no,no,no,yes,no,False
101243470,METROPOLITAN NASHVILLE POLICE DEPT,20160524790,Davidson,Nashville,6/11/2016 3:50:00 AM,2,2,0,36.151340,-86.768360,2ND AVS,,,,0.00,,,I40 E ENT RAMP,,,,0.00,Y,Four-Way,N,Intersection,None,,,         ,Leonard,Spadavecchia,Clear,Angle,no,no,no,no,no,False
101243478,METROPOLITAN NASHVILLE POLICE DEPT,20160522858,Davidson,Nashville,6/10/2016 2:07:00 PM,2,1,0,36.134720,-86.723580,MURFREESBORO PKE,,,,285.00,Feet,East,I24 W EXT RAMP,,,,0.00,N,Not at Intersection,N,Non-Junction,None,,,         ,Steven,Rowlett,Clear,Front to Rear,no,no,no,no,no,False
101243484,METROPOLITAN NASHVILLE POLICE DEPT,20160522610,Davidson,Nashville,6/10/2016 12:19:00 PM,2,0,0,36.075640,-86.639740,MURFREESBORO PKE,,,,532.00,Feet,North,RURAL HILL RD,,,,0.00,N,Not at Intersection,N,Non-Junction,None,,,         ,MIchael,Mihajlov,Clear,Angle,no,no,no,no,no,False
101243509,METROPOLITAN NASHVILLE POLICE DEPT,20160522585,Davidson,Nashville,6/10/2016 12:10:00 PM,2,1,0,36.250290,-86.741100,I 65,,,,0.00,,,,,,,91.20,N,Not at Intersection,Y,Non-Junction,None,,,         ,DuJuan,Kendrick,Clear,"Sideswipe, Same Direction",no,no,no,no,yes,False
101243510,METROPOLITAN NASHVILLE POLICE DEPT,20160521813,Davidson,Not in City Limit,6/10/2016 7:01:00 AM,2,0,0,36.263620,-86.711720,GALLATIN PKEN,,,,70.00,Feet,South,OLD TIME VILLAGE PVTDR,,,,0.00,N,Not at Intersection, ,Non-Junction,None,,,         ,DuJuan,Kendrick,Clear,Front to Rear,no,no,no,no,no,False
101243517,METROPOLITAN NASHVILLE POLICE DEPT,20160519874,Davidson,Nashville,6/9/2016 12:00:00 AM,2,0,0,36.153010,-86.779340,8TH AVS,,,,0.00,,,CANNERY ROW,,,,0.00,Y,T-Intersection, ,Intersection,None,,,         ,Daniel,Russett,Clear,Front to Rear,no,no,no,no,no,False
101243518,METROPOLITAN NASHVILLE POLICE DEPT,2016-0522733,Davidson,Nashville,6/10/2016 12:00:00 AM,1,2,0,36.156710,-86.789810,I 40,,,,0.00,,,,,,,209.10,N,Not at Intersection,N,Non-Junction,None,,,         ,Daniel,Russett,Clear,Not Collision with Motor Vehicle in Transport,no,no,no,no,no,False
101243524,METROPOLITAN NASHVILLE POLICE DEPT,20160525162,Davidson,Not in City Limit,6/11/2016 8:10:00 AM,1,1,0,36.069140,-86.941420,BELLEVUE RD,,,,102.00,Feet,North,BAUGH RD,,,,0.00,N,Not at Intersection,N,Non-Junction,None,,,         ,Wesley,Tilley,Clear,Not Collision with Motor Vehicle in Transport,yes,no,no,no,no,False
101243557,METROPOLITAN NASHVILLE POLICE DEPT,2016-0525332,Davidson,Nashville,6/11/2016 9:17:00 AM,2,0,0,36.126400,-86.804580,21ST AVS,,,,0.00,,,WESTWOOD AV,,,,0.00,Y,T-Intersection, ,,None,,,         ,Jonathan,Seidl,,,no,no,no,no,no,False
101243562,METROPOLITAN NASHVILLE POLICE DEPT,20160525225,Davidson,Nashville,6/11/2016 9:17:00 AM,2,0,0,36.080820,-86.696700,I 24,,,,0.00,,,,,,,56.15,N,Not at Intersection, ,Non-Junction,None,,,         ,Pamela,Caulder,Clear,Front to Rear,no,no,no,no,no,False
101243565,METROPOLITAN NASHVILLE POLICE DEPT,20160525314,Davidson,Nashville,6/11/2016 9:38:00 AM,2,0,0,36.220870,-86.720510,GREENLAND AV,,,,667.00,Feet,South,PLYMOUTH AV,,,,0.00,N,Not at Intersection,N,Non-Junction,None,,,         ,Tony,Folad,,Unknown,no,no,no,no,yes,False
101243567,METROPOLITAN NASHVILLE POLICE DEPT,20160525500,Davidson,Nashville,6/11/2016 11:07:00 AM,2,0,0,36.055090,-86.642550,THE OVERLOOK PVTDR,,,,50.00,Feet,West,BELL RD,,,,0.00,N,Not at Intersection,Y,Non-Junction,None,,,         ,Steven,Williams,Clear,Angle,no,no,no,no,no,False
101243571,METROPOLITAN NASHVILLE POLICE DEPT,20160519742,Davidson,Goodlettsville,6/9/2016 3:42:00 PM,2,0,0,36.296980,-86.699110,GALLATIN PKEN,,,,0.00,,,RIVERGATE PKWY,,,,0.00,Y,Four-Way, ,Intersection-Related,None,,,         ,Samuel,Miller,Clear,Front to Rear,no,no,no,no,no,False
101243572,METROPOLITAN NASHVILLE POLICE DEPT,20160520624,Davidson,Nashville,6/9/2016 8:55:00 PM,2,2,0,36.251460,-86.757400,DICKERSON PKE,,,,0.00,,,MULBERRY DOWNS CIR,,,,0.00,Y,T-Intersection,Y,Intersection,None,,,         ,Samuel,Miller,Clear,Angle,no,no,no,no,no,False
101243574,METROPOLITAN NASHVILLE POLICE DEPT,20160525531,Davidson,Nashville,6/11/2016 11:20:00 AM,2,0,0,36.164430,-86.597690,OLD HICKORY BLVD,,,,245.00,Feet,South,LAKE PKWY,,,,0.00,N,Not at Intersection, ,Non-Junction,None,,,         ,Evan,Hibschman,Clear,"Sideswipe, Same Direction",no,no,no,no,no,False
101243582,METROPOLITAN NASHVILLE POLICE DEPT,20160525425,Davidson,Nashville,6/11/2016 10:20:00 AM,2,0,0,36.173870,-86.736190,RUSSELL ST,,,,200.00,Feet,East,S 19TH ST,,,,0.00,N,Not at Intersection, ,"Driveway, Alley Access, etc",None,,,         ,Casey,Tomes,Clear,Angle,no,no,no,no,no,False
101243586,METROPOLITAN NASHVILLE POLICE DEPT,2016-0525483,Davidson,Madison,6/11/2016 11:08:00 AM,2,0,0,36.262690,-86.680100,STATE RT 45,,,,260.00,Feet,East,E OLD HICKORY BLVD,,,,0.00,N,Not at Intersection, ,Non-Junction,None,,,         ,Michael,Agee,Clear,"Sideswipe, Same Direction",no,no,no,no,no,False
101243589,METROPOLITAN NASHVILLE POLICE DEPT,20160525398,Davidson,Nashville,6/11/2016 9:30:00 AM,2,1,0,36.236590,-86.724470,BRILEY PKWY W EXT RAMP,,,,0.00,,,GALLATIN PKES,,,,0.00,Y,T-Intersection,Y,Entrance/Exit Ramp Related,None,,,         ,Doyle,Price,Clear,Angle,no,no,no,no,yes,False
101243601,METROPOLITAN NASHVILLE POLICE DEPT,20160525581,Davidson,Nashville,6/11/2016 12:00:00 PM,3,0,0,36.080400,-86.717930,RECOVERY RD,,,,0.00,,,HARDING PL,,,,0.00,Y,Four-Way, ,Intersection,None,,,         ,Thomas,White,Clear,Angle,no,no,no,no,no,False
101243603,METROPOLITAN NASHVILLE POLICE DEPT,2016-0525526,Davidson,Nashville,6/11/2016 11:25:00 AM,2,0,0,36.151880,-86.772790,5TH AVS,,,,0.00,,,ASH ST,,,,0.00,Y,T-Intersection, ,Non-Junction,None,,,         ,Daniel,Massey,Clear,"Sideswipe, Same Direction",no,no,no,no,no,False
101243606,METROPOLITAN NASHVILLE POLICE DEPT,20160525557,Davidson,Nashville,6/11/2016 11:45:00 AM,2,0,0,36.132040,-86.757120,NOLENSVILLE PKE,,,,548.00,Feet,North,WOODYCREST AV,,,,0.00,N,Not at Intersection,N,Non-Junction,None,,,         ,Shedie,Herbert III,Clear,Rear to Side,no,no,no,yes,yes,False
101243622,METROPOLITAN NASHVILLE POLICE DEPT,20160525128,Davidson,Not in City Limit,6/11/2016 7:40:00 AM,2,1,0,36.266380,-86.791850,I 24,,,,0.00,,,,,,,41.40,N,Not at Intersection,N,Non-Junction,None,,,         ,John,Tyree,Clear,Front to Rear,no,no,no,no,no,False
101243623,METROPOLITAN NASHVILLE POLICE DEPT,20160525403,Davidson,Not in City Limit,6/11/2016 10:20:00 AM,4,1,0,36.318960,-86.840950,I 24,,,,0.00,,,,,,,36.70,N,Not at Intersection,N,Non-Junction,None,,,         ,John,Tyree,Clear,Front to Rear,no,no,no,no,no,False
101243638,METROPOLITAN NASHVILLE POLICE DEPT,20160503341,Davidson,Nashville,6/4/2016 11:09:00 AM,3,0,0,36.037160,-86.783070,I65 S EXT RAMP,,,,0.00,Feet,East,I 65,,,,0.00,N,Not at Intersection, ,Non-Junction,None,,,         ,Sean,Williams,Rain,"Sideswipe, Same Direction",no,no,no,no,no,False
101243640,METROPOLITAN NASHVILLE POLICE DEPT,20160525577,Davidson,Nashville,6/11/2016 12:00:00 AM,3,0,0,36.059790,-86.641560,THE OVERLOOK PVTDR,,,,167.00,Feet,West,CAMBRIDGE APTS PVTDR,,,,0.00,N,Not at Intersection,N,Unknown,None,,,         ,Julius,Gallon,Unknown,Angle,no,no,no,yes,yes,False
101243641,METROPOLITAN NASHVILLE POLICE DEPT,20160525269,Davidson,Not in City Limit,6/11/2016 9:15:00 AM,3,0,0,36.308130,-86.821970,I 24,,,,0.00,,,,,,,38.00,N,Not at Intersection,N,Non-Junction,None,,,         ,James,Wray,Clear,Front to Rear,no,no,no,no,no,False
101243647,METROPOLITAN NASHVILLE POLICE DEPT,20160525650,Davidson,Nashville,6/11/2016 12:39:00 PM,2,1,0,36.166230,-86.765790,SHELBY AV,,,,0.00,Feet,,INTERSTATE DR,,,,0.00,Y,Four-Way,N,Intersection-Related,None,,,         ,Pedro,Rivera Chaparro,Clear,HeadOn,no,no,no,no,no,False
101243649,METROPOLITAN NASHVILLE POLICE DEPT,20160525618,Davidson,Nashville,6/11/2016 12:12:00 PM,2,0,0,36.164540,-86.795670,CLINTON ST,,,,276.00,Feet,West,12TH AVN,,,,0.00,N,Not at Intersection, ,Non-Junction,None,,,         ,Nicholas,MacDougall,Clear,"Sideswipe, Same Direction",no,no,no,no,no,False
101243655,METROPOLITAN NASHVILLE POLICE DEPT,20160525659,Davidson,Nashville,6/11/2016 12:18:00 PM,2,1,0,36.202590,-86.621520,OLD HICKORY BLVD,,,,223.00,Feet,North,WRIGHT AV,,,,0.00,N,Not at Intersection,N,Non-Junction,None,,,         ,Evan,Hibschman,Clear,"Sideswipe, Opposite Direction",no,no,no,no,no,False
101243657,METROPOLITAN NASHVILLE POLICE DEPT,20160525634,Davidson,Antioch,6/11/2016 12:33:00 PM,2,1,0,36.053200,-86.619210,MT VIEW,RD,,,70.00,Feet,West,MURFREESBORO,PIKE,,,0.00,N,Not at Intersection,N,Non-Junction,None,,,         ,Robert,Erickson,Clear,Front to Rear,no,no,no,no,no,False
101243658,METROPOLITAN NASHVILLE POLICE DEPT,20160525558,Davidson,Not in City Limit,6/11/2016 11:45:00 AM,2,0,0,36.279350,-86.708830,GALLATIN PKEN,,,,0.00,,,ONE MILE PKWY,,,,0.00,Y,T-Intersection,N,Non-Junction,None,,,         ,Eric,Richardson,Clear,Other,no,no,no,no,no,False
101243659,METROPOLITAN NASHVILLE POLICE DEPT,20160525666,Davidson,Nashville,6/11/2016 12:28:00 PM,2,0,0,36.245790,-86.679770,NEELYS BEND RD,,,,0.00,,,CANDLEWOOD DR,,,,0.00,Y,OTHER, ,Non-Junction,None,,,         ,Eric,Richardson,Clear,HeadOn,no,no,no,no,no,False
101243664,METROPOLITAN NASHVILLE POLICE DEPT,2016-0525459,Davidson,Nashville,6/11/2016 10:50:00 AM,2,1,0,36.082780,-86.628700,MOSSDALE DR,,,,0.00,Feet,,BELL RD,,,,0.00,Y,Four-Way,N,Intersection-Related,None,,,         ,Scott,Toney,Clear,Angle,no,no,no,no,no,False
101243668,METROPOLITAN NASHVILLE POLICE DEPT,20160525637,Davidson,Nashville,6/11/2016 12:33:00 PM,2,0,0,36.164770,-86.795160,CLINTON ST,,,,102.00,Feet,West,12TH AVN,,,,0.00,N,Not at Intersection, ,Non-Junction,None,,,         ,Nathan,Mayo,Clear,"Sideswipe, Same Direction",no,no,no,no,no,False
101243669,METROPOLITAN NASHVILLE POLICE DEPT,20160525772,Davidson,Old Hickory,6/11/2016 11:25:00 AM,2,0,0,36.265150,-86.663770,ROBINSON RD,,,,226.00,Feet,North,BENNETT DR,,,,0.00,N,Not at Intersection, ,Non-Junction,None,,,         ,Evan,Hibschman,Clear,Angle,no,no,no,no,no,False
101243694,METROPOLITAN NASHVILLE POLICE DEPT,20160519979,Davidson,Nashville,6/9/2016 4:35:00 PM,2,0,0,36.045220,-86.714790,BRENTWOOD EAST DR,,,,0.00,,,OLD HICKORY BLVD,,,,0.00,Y,T-Intersection,N,Intersection,None,,,         ,Nicholas,Berens,Clear,Angle,no,no,no,no,no,False
101243701,METROPOLITAN NASHVILLE POLICE DEPT,20160501775,Davidson,Not in City Limit,6/3/2016 12:00:00 AM,1,1,0,36.261550,-86.711700,MAPLE ST,,,,0.00,,,,,,,0.00,,,N,Non-Junction,None,,,         ,Bradley,Campbell,Unknown,Not Collision with Motor Vehicle in Transport,no,no,no,no,no,False
101243706,METROPOLITAN NASHVILLE POLICE DEPT,20160525822,Davidson,Nashville,6/11/2016 2:42:00 PM,1,1,0,36.140770,-86.817540,WEST END AV,,,,0.00,,,ACKLEN PARK DR,,,,0.00,Y,T-Intersection,N,Intersection,None,,,         ,Charles,Griffin,Clear,Not Collision with Motor Vehicle in Transport,no,no,no,no,no,False
101243712,METROPOLITAN NASHVILLE POLICE DEPT,20160525593,Davidson,Nashville,6/11/2016 12:05:00 PM,2,0,0,36.162130,-86.776360,3RD AVN,,,,250.00,Feet,North,BROADWAY,,,,0.00,N,Not at Intersection, ,Non-Junction,None,,,         ,Wesley,Henderson,Clear,"Sideswipe, Same Direction",no,no,no,no,no,False
101243728,METROPOLITAN NASHVILLE POLICE DEPT,20160524038,Davidson,Not in City Limit,6/10/2016 9:52:00 PM,2,1,0,36.263660,-86.687150,STATE RT 45,,,,0.00,,,ARCHWOOD DR,,,,0.00,Y,Four-Way,N,Intersection,None,,,         ,Peter,Knisley,Clear,Front to Rear,no,no,no,no,yes,False
101243737,METROPOLITAN NASHVILLE POLICE DEPT,20160525827,Davidson,Nashville,6/11/2016 2:45:00 PM,2,0,0,36.162740,-86.690080,BRILEY PKWYN,,,,806.00,Feet,South,BRILEY PKWYS,,,,0.00,N,Not at Intersection,N,Non-Junction,None,,,         ,Mikala,Moore,Clear,"Sideswipe, Same Direction",no,no,no,no,no,False
101243769,METROPOLITAN NASHVILLE POLICE DEPT,20160524328,Davidson,Nashville,6/10/2016 11:40:00 PM,2,0,0,36.206680,-86.778550,W TRINITY LN,,,,0.00,,,HAMPTON ST,,,,0.00,,Not at Intersection,N,Non-Junction,None,,,         ,Geoffrey,Daugherty,Clear,Angle,no,no,no,no,no,False
101243777,BRENTWOOD POLICE DEPT,201600016592,Davidson,Nashville,6/11/2016 2:44:00 PM,2,1,0,36.035220,-86.786910,TOWN CENTER,WAY,,,0.00,,,PEWITT,DR,,,0.00,Y,Four-Way,N,Intersection,None,,,         ,Scott,Willey,Clear,Angle,no,no,no,no,no,False
101243786,METROPOLITAN NASHVILLE POLICE DEPT,20160525947,Davidson,Nashville,6/11/2016 12:00:00 AM,2,0,0,36.144070,-86.699750,I 40,,,,0.00,,,,,,,214.75,N,Not at Intersection, ,Non-Junction,None,,,         ,Craig,Gentry,Clear,"Sideswipe, Same Direction",no,no,no,no,no,False
101243787,METROPOLITAN NASHVILLE POLICE DEPT,20160525988,Davidson,Nashville,6/11/2016 3:30:00 PM,2,0,0,36.176020,-86.757060,MAIN ST,,,,74.00,Feet,East,S 9TH ST,,,,0.00,N,Not at Intersection, ,Non-Junction,None,,,         ,Terence,Maahs,Clear,Angle,no,no,no,yes,yes,False
101243817,METROPOLITAN NASHVILLE POLICE DEPT,20160512148,Davidson,Madison,6/7/2016 12:00:00 AM,2,2,0,36.262270,-86.712190,GALLATIN PKES,,,,22.00,Feet,North,E OLD HICKORY BLVD,,,,0.00,N,Not at Intersection,N,Non-Junction,None,,,         ,Coleman,McKellar,Clear,Front to Rear,no,no,no,no,no,False
101243820,METROPOLITAN NASHVILLE POLICE DEPT,20160526050,Davidson,Nashville,6/11/2016 4:15:00 PM,2,0,0,36.130300,-86.837780,HARDING PKE,,,,0.00,,,WEST END AV,,,,0.00,Y,Four-Way, ,,None,,,         ,Barrett,Teague,,,no,no,no,no,no,False
101243833,METROPOLITAN NASHVILLE POLICE DEPT,20160525814,Davidson,Madison,6/11/2016 2:48:00 PM,1,1,0,36.264850,-86.737690,I 65,,,,0.00,,,,,,,92.30,N,Not at Intersection,N,Non-Junction,None,,,         ,Christopher,Littles,Clear,Not Collision with Motor Vehicle in Transport,no,no,no,no,no,False
101243845,METROPOLITAN NASHVILLE POLICE DEPT,20160526006,Davidson,Nashville,6/11/2016 4:10:00 PM,2,1,0,36.218030,-86.820360,BUENA VISTA PKE,,,,0.00,,,W HAMILTON AV,,,,0.00,Y,T-Intersection,N,Intersection,None,,,         ,Khalid,Abbady,Clear,Front to Rear,no,no,no,no,yes,False
101243853,METROPOLITAN NASHVILLE POLICE DEPT,20160526176,Davidson,Nashville,6/11/2016 5:30:00 PM,2,0,0,36.154120,-86.777880,LAFAYETTE ST,,,,0.00,,,7TH AVS,,,,0.00,Y,Four-Way,N,Intersection-Related,None,,,         ,Jason,Thomas,Clear,Other,no,no,no,no,no,False
101243854,METROPOLITAN NASHVILLE POLICE DEPT,2016-0521906,Davidson,Nashville,6/10/2016 8:04:00 AM,3,1,0,36.126250,-86.730820,I440 W ENT RAMP,,,,0.00,Feet,East,I 440,,,,0.00,N,Not at Intersection,Y,Entrance/Exit Ramp Related,None,,,         ,William,Whitworth,Clear,Front to Rear,no,no,no,no,no,False
101243855,METROPOLITAN NASHVILLE POLICE DEPT,2016-0522863,Davidson,Nashville,6/10/2016 2:08:00 PM,2,2,0,36.079790,-86.725630,HARDING PL,,,,212.00,Feet,East,NOLENSVILLE PKE,,,,0.00,N,Not at Intersection,N,Non-Junction,None,,,         ,William,Whitworth,Clear,Front to Rear,no,no,no,no,no,False
101243864,METROPOLITAN NASHVILLE POLICE DEPT,20160526191,Davidson,Nashville,6/11/2016 5:40:00 PM,1,1,0,36.063560,-86.663370,UNA ANTIOCH PKE,,,,374.00,Feet,North,ELMER MARSHALL PVTDR,,,,0.00,N,Not at Intersection,N,Non-Junction,None,,,         ,Jarred,Ruhlman,Clear,Not Collision with Motor Vehicle in Transport,no,no,no,no,no,False
101243865,METROPOLITAN NASHVILLE POLICE DEPT,20160526169,Davidson,Nashville,6/11/2016 5:28:00 PM,2,0,0,36.145980,-86.758950,LEWIS ST,,,,19.00,Feet,South,TRIMBLE ST,,,,0.00,N,Not at Intersection,N,Non-Junction,None,,,         ,Jarret,Sonnenberg,Clear,Front to Rear,no,no,no,no,yes,False
101243870,METROPOLITAN NASHVILLE POLICE DEPT,20160526174,Davidson,Nashville,6/11/2016 5:23:00 PM,2,0,0,36.186680,-86.813690,PECAN ST,,,,352.00,Feet,North,18TH AVN,,,,0.00,N,Not at Intersection, ,Non-Junction,None,,,         ,Melvin,Taylor,Clear,Rear to Side,no,no,no,no,no,False
101243875,METROPOLITAN NASHVILLE POLICE DEPT,20160522936,Davidson,Nashville,6/11/2016 2:00:00 PM,2,0,0,36.036630,-86.786840,FRANKLIN PKE,,,,291.00,Feet,South,OLD HICKORY BLVD,,,,0.00,N,Not at Intersection, ,,None,,,         ,Nicholas,Berens,,,no,no,no,no,no,False
101243909,METROPOLITAN NASHVILLE POLICE DEPT,20160526229,Davidson,Nashville,6/11/2016 6:00:00 PM,2,0,0,36.191850,-86.781230,I 65,,,,0.00,,,,,,,86.25,N,Not at Intersection,Y,Entrance/Exit Ramp Related,None,,,         ,David,Snowden,Clear,Angle,no,no,no,no,no,False
101243911,METROPOLITAN NASHVILLE POLICE DEPT,20160526235,Davidson,Nashville,6/11/2016 4:50:00 PM,2,0,0,36.067230,-86.661670,UNA ANTIOCH PKE,,,,0.00,,,RICHARDS RD,,,,0.00,Y,T-Intersection, ,Intersection,None,,,         ,Jarred,Ruhlman,Clear,Angle,no,no,no,no,no,False
101243918,METROPOLITAN NASHVILLE POLICE DEPT,20160526500,Davidson,Nashville,6/11/2016 8:18:00 PM,2,0,0,36.151800,-86.771250,LAFAYETTE ST,,,,0.00,,,4TH AVS,,,,0.00,Y,OTHER, ,Non-Junction,None,,,         ,Jacob,Partin,Clear,"Sideswipe, Same Direction",no,no,no,no,no,False
101243920,METROPOLITAN NASHVILLE POLICE DEPT,20160526493,Davidson,Nashville,6/11/2016 8:05:00 PM,2,0,0,36.071870,-86.636180,MURFREESBORO PKE,,,,0.00,,,BELL RD,,,,0.00,Y,Four-Way,N,Intersection,None,,,         ,Kevin,Keating,Clear,Front to Rear,no,no,no,no,yes,False
101243943,METROPOLITAN NASHVILLE POLICE DEPT,2016-0526483,Davidson,Nashville,6/11/2016 8:10:00 PM,2,0,0,36.153070,-86.882510,AMERICAN RD,,,,0.00,,,ANNEX AV,,,,0.00,Y,Four-Way,N,Intersection,None,,,         ,Ryan,Allen,Clear,Angle,no,no,no,no,yes,False
101243947,METROPOLITAN NASHVILLE POLICE DEPT,20160526403,Davidson,Nashville,6/11/2016 12:00:00 AM,2,0,0,36.162230,-86.774360,1ST AVS,,,,0.00,,,1ST AVN,,,,0.00,Y,OTHER,N,Non-Junction,None,,,         ,Michael,Osuna,Clear,Angle,no,no,no,no,no,False
101243969,METROPOLITAN NASHVILLE POLICE DEPT,20160526321,Davidson,Nashville,6/11/2016 6:50:00 PM,2,1,0,36.107850,-86.793890,GRANNY WHITE PKE,,,,72.00,Feet,North,GRANDVIEW DR,,,,0.00,N,Not at Intersection,N,Non-Junction,None,,,         ,Conner,Harris,Clear,"Sideswipe, Opposite Direction",no,no,no,no,no,False
101243979,METROPOLITAN NASHVILLE POLICE DEPT,20160526467,Davidson,Nashville,6/11/2016 8:04:00 PM,2,0,0,36.187920,-86.798480,DOMINICAN DR,,,,0.00,Feet,,ROSA L PARKS BLVD,,,,0.00,Y,Four-Way,N,Intersection,None,,,         ,Thomas,Burns,Clear,Angle,no,no,no,no,no,False
101243988,METROPOLITAN NASHVILLE POLICE DEPT,20160526505,Davidson,Nashville,6/11/2016 8:15:00 PM,1,1,0,36.163300,-86.825940,ALBION ST,,,,29.00,Feet,East,33RD AVN,,,,0.00,N,Not at Intersection,N,Non-Junction,None,,,         ,Landon,Bagwell,Clear,Not Collision with Motor Vehicle in Transport,no,no,no,no,no,False
101243989,METROPOLITAN NASHVILLE POLICE DEPT,20160526637,Davidson,Nashville,6/11/2016 9:10:00 PM,2,0,0,36.108600,-86.812170,HILLSBORO PKE,,,,30.00,Feet,South,GLEN ECHO RD,,,,0.00,N,Not at Intersection, ,Non-Junction,None,,,         ,William,Taylor,Clear,"Sideswipe, Same Direction",no,no,no,no,no,False
101243990,METROPOLITAN NASHVILLE POLICE DEPT,20160526447,Davidson,Nashville,6/11/2016 12:00:00 AM,2,0,0,36.101050,-86.918740,TOLBERT RD,,,,2037.00,Feet,South,OLD HICKORY BLVD,,,,0.00,N,Not at Intersection,N,Non-Junction,None,,,         ,Terrance,Stuckey,Clear,Unknown,no,no,no,yes,yes,False
101243999,METROPOLITAN NASHVILLE POLICE DEPT,20160526596,Davidson,Nashville,6/11/2016 8:57:00 PM,2,0,0,36.249190,-86.734460,DUE WEST AVW,,,,0.00,,,S GRAYCROFT AV,,,,0.00,Y,Four-Way,N,Intersection,None,,,         ,Bradley,Campbell,Clear,Angle,no,no,no,no,yes,False
101244000,METROPOLITAN NASHVILLE POLICE DEPT,20160523178,Davidson,Nashville,6/10/2016 4:21:00 PM,2,1,0,36.206750,-86.768290,DICKERSON PKE,,,,24.00,Feet,South,OLD TRINITY LN,,,,0.00,N,Not at Intersection,N,Non-Junction,None,,,         ,Christopher,Valdez,Clear,Front to Rear,no,no,no,no,no,False