master_record_number,agency,agency_tracking_number,county,city,collision_date,vehicles_involved,number_injured,number_dead,latitude,longitude,roadway_name,roadway_suffix,roadway_number,roadway_local_id,distance_from_reference,miles-feet_indicator,direction_from_reference,intersection_road_name,intersection_road_name_suffix,intersection_road_number,intersection_local_id,mile_marker,intersection_indicator,intersect_type,interchange_related_indicator,relation_to_junction,work_zone_type,construction_maintenance_zone,construction_maintenance_zone_location,fatal_case_number,officer_first_name,officer_last_name,weather_condition(s),manner_of_crash,pedestrian,bicycle,scooter,parking,hitrun,mou
101246418,METROPOLITAN NASHVILLE POLICE DEPT,20160537586,Davidson,Nashville,6/15/2016 3:23:00 PM,2,1,0,36.109360,-86.680610,MURFREESBORO PKE,,,,715.00,Feet,East,AIR FREIGHT BLVD,,,,0.00,N,Not at Intersection,N,Non-Junction,None,,,         ,Matthew,Johnson,Clear,Front to Rear,no,no,no,no,no,False
101246425,METROPOLITAN NASHVILLE POLICE DEPT,20160537729,Davidson,Nashville,6/15/2016 3:00:00 PM,2,0,0,36.157930,-86.791610,14TH AVN,,,,0.00,,,CHURCH ST,,,,0.00,Y,Four-Way,N,Intersection,None,,,         ,Eric,Burford,Clear,Front to Rear,no,no,no,no,yes,False
101246433,METROPOLITAN NASHVILLE POLICE DEPT,20160537651,Davidson,Nashville,6/15/2016 3:40:00 PM,2,0,0,36.150680,-86.690920,BRILEY PKWYS,,,,298.00,Feet,South,BRILEY PKWYN,,,,0.00,N,Not at Intersection, ,Non-Junction,None,,,         ,John,Daugherty,Clear,"Sideswipe, Same Direction",no,no,no,no,no,False
101246434,METROPOLITAN NASHVILLE POLICE DEPT,20160537709,Davidson,Nashville,6/15/2016 2:48:00 PM,3,1,0,36.116280,-86.771790,I 440,,,,0.00,,,,,,,5.00,N,Not at Intersection,N,Non-Junction,None,,,         ,Charles,Griffin,Clear,Front to Rear,no,no,no,no,no,False
101246445,METROPOLITAN NASHVILLE POLICE DEPT,20160537942,Davidson,Nashville,6/15/2016 5:15:00 PM,2,0,0,36.187420,-86.773180,CLEVELAND ST,,,,50.00,Feet,East,DICKERSON PKE,,,,0.00,N,Not at Intersection, ,"Driveway, Alley Access, etc",None,,,         ,Joshua,Reece,Rain,Angle,no,no,no,no,no,False
101246452,METROPOLITAN NASHVILLE POLICE DEPT,20160537702,Davidson,Nashville,6/15/2016 3:55:00 PM,1,0,0,36.210790,-86.589380,TULIP GROVE RD,,,,1124.00,Feet,North,BROOKE CASTLE DR,,,,0.00,N,Not at Intersection,N,Non-Junction,None,,,         ,Codey,Mullins,Cloudy,Not Collision with Motor Vehicle in Transport,no,no,no,no,no,False
101246456,METROPOLITAN NASHVILLE POLICE DEPT,20160537752,Davidson,Nashville,6/15/2016 4:10:00 PM,3,1,0,36.192300,-86.800180,ROSA L PARKS BLVD,,,,546.00,Feet,East,ATHENS WAY,,,,0.00,N,Not at Intersection,N,Non-Junction,None,,,         ,Adam,Crutcher,Rain,Front to Rear,no,no,no,no,no,False
101246457,METROPOLITAN NASHVILLE POLICE DEPT,20161061860,Davidson,Nashville,6/15/2016 4:05:00 PM,2,0,0,36.116280,-86.771790,I 440,,,,0.00,,,,,,,5.00,N,Not at Intersection, ,,None,,,         ,Charles,Griffin,,,no,no,no,no,no,False
101246458,METROPOLITAN NASHVILLE POLICE DEPT,20160537819,Davidson,Nashville,6/15/2016 4:40:00 PM,2,1,0,36.077500,-86.657790,UNA ANTIOCH PKE,,,,44.00,Feet,East,OKEE TRL,,,,0.00,N,Not at Intersection,N,Non-Junction,None,,,         ,Matthew,Johnson,Rain,Front to Rear,no,no,no,no,no,False
101246459,METROPOLITAN NASHVILLE POLICE DEPT,20160537767,Davidson,Not in City Limit,6/15/2016 4:00:00 PM,2,0,0,36.262670,-86.789460,I 24,,,,0.00,,,,,,,41.70,N,Not at Intersection, ,Non-Junction,None,,,         ,Jerry,Pirtle,Rain,Angle,no,no,no,no,no,False
101246462,METROPOLITAN NASHVILLE POLICE DEPT,20160537999,Davidson,Old Hickory,6/15/2016 5:44:00 PM,2,1,0,36.254180,-86.649710,ROBINSON,RD,US1,,0.00,,,CLAUDIA,DR,SR1,,0.00,Y,Four-Way,N,Intersection-Related,None,,,         ,Codey,Mullins,Rain,Front to Rear,no,no,no,no,no,False
101246463,METROPOLITAN NASHVILLE POLICE DEPT,20160538061,Davidson,Nashville,6/15/2016 5:52:00 PM,2,1,0,36.200800,-86.769750,DICKERSON PKE,,,,225.00,Feet,North,GATEWOOD AV,,,,0.00,N,Not at Intersection,N,Non-Junction,None,,,         ,Joshua,Reece,Rain,Angle,no,no,no,no,no,False
101246467,METROPOLITAN NASHVILLE POLICE DEPT,20160537939,Davidson,Nashville,6/15/2016 5:20:00 PM,2,0,0,36.122800,-86.727720,I 24,,,,0.00,,,,,,,52.70,N,Not at Intersection, ,,None,,,         ,Alyson,Cook,,,no,no,no,no,no,False
101246468,METROPOLITAN NASHVILLE POLICE DEPT,20160538034,Davidson,Nashville,6/15/2016 5:30:00 PM,1,1,0,36.230970,-86.611110,SHUTE LN,,,,0.00,,,WILLOW BOUGH LN,,,,0.00,Y,T-Intersection,N,Non-Junction,None,,,         ,Cory,Hale,Rain,Not Collision with Motor Vehicle in Transport,no,no,no,no,no,False
101246469,METROPOLITAN NASHVILLE POLICE DEPT,20160537971,Davidson,Nashville,6/15/2016 5:25:00 PM,2,0,0,36.141170,-86.885970,I 40,,,,0.00,,,,,,,202.15,N,Not at Intersection, ,Non-Junction,None,,,         ,Jeremy,Huffine,Rain,Front to Rear,no,no,no,no,no,False
101246474,METROPOLITAN NASHVILLE POLICE DEPT,20160537487,Davidson,Nashville,6/15/2016 2:40:00 PM,2,1,0,36.120700,-86.807970,HILLSBORO PKE,,,,0.00,,,LOMBARDY AV,,,,0.00,Y,Four-Way,N,Intersection,None,,,         ,Conner,Harris,Cloudy,Angle,no,no,no,no,no,False
101246482,METROPOLITAN NASHVILLE POLICE DEPT,20160537987,Davidson,Nashville,6/15/2016 4:50:00 PM,2,0,0,36.164640,-86.780760,UNION ST,,,,100.00,Feet,East,5TH AVN,,,,0.00,N,Not at Intersection, ,Non-Junction,None,,,         ,Michael,Baron,Clear,Angle,no,no,no,no,no,False
101246486,METROPOLITAN NASHVILLE POLICE DEPT,20160523398,Davidson,Nashville,6/10/2016 4:45:00 PM,2,0,0,36.154870,-86.586530,JOHN HAGAR RD,,,,0.00,,,S NEW HOPE RD,,,,0.00,Y,Four-Way, ,,None,,,         ,Alex,Lampley,,,no,no,no,no,no,False
101246495,METROPOLITAN NASHVILLE POLICE DEPT,20160537885,Davidson,Nashville,6/15/2016 5:11:00 PM,2,0,0,36.231830,-86.620100,SHUTE LN,,,,807.00,Feet,East,BRANDYWINE DR,,,,0.00,N,Not at Intersection, ,Non-Junction,None,,,         ,Cory,Hale,Rain,"Sideswipe, Same Direction",no,no,no,no,no,False
101246496,METROPOLITAN NASHVILLE POLICE DEPT,20160538104,Davidson,Nashville,6/15/2016 6:35:00 PM,2,2,0,36.035170,-86.768710,CLOVERLAND DR,,,,0.00,,,VALLEY VIEW RD,,,,0.00,Y,T-Intersection,N,Intersection-Related,None,,,         ,Conner,Harris,Cloudy,Front to Rear,no,no,no,no,no,False
101246497,METROPOLITAN NASHVILLE POLICE DEPT,20160537845,Davidson,Nashville,6/15/2016 4:39:00 PM,2,0,0,36.099990,-86.711380,I 24,,,,0.00,,,,,,,54.55,N,Not at Intersection, ,Non-Junction,None,,,         ,Alyson,Cook,Rain,"Sideswipe, Same Direction",no,no,no,no,yes,False
101246500,METROPOLITAN NASHVILLE POLICE DEPT,20160538203,Davidson,Nashville,6/15/2016 5:37:00 PM,2,0,0,36.043470,-86.661640,CANE RIDGE RD,,,,0.00,,,CANEWOOD DR,,,,0.00,Y,Four-Way,Y,Intersection,None,,,         ,Larry,Preuett,Rain,Angle,no,no,no,no,no,False
101246501,METROPOLITAN NASHVILLE POLICE DEPT,20160538002,Davidson,Nashville,6/15/2016 5:46:00 PM,2,0,0,36.129850,-86.797650,BLAIR BLVD,,,,0.00,,,18TH AVS,,,,0.00,Y,Four-Way,N,Intersection,None,,,         ,Charles,Griffin,Clear,Angle,no,no,no,no,no,False
101246512,METROPOLITAN NASHVILLE POLICE DEPT,20160536945,Davidson,Nashville,6/15/2016 11:55:00 AM,2,2,0,36.110920,-86.744940,THOMPSON LN,,,,82.00,Feet,East,NOLENSVILLE PKE,,,,0.00,N,Not at Intersection,N,Non-Junction,None,,,         ,Jessie,Meadows,Clear,Angle,no,no,no,no,no,False
101246513,METROPOLITAN NASHVILLE POLICE DEPT,20160537237,Davidson,Nashville,6/15/2016 1:15:00 PM,2,3,0,36.098290,-86.710020,I 24,,,,0.00,,,,,,,54.70,N,Not at Intersection,N,Non-Junction,None,,,         ,Jessie,Meadows,Clear,Angle,no,no,no,no,no,False
101246514,METROPOLITAN NASHVILLE POLICE DEPT,20160537350,Davidson,Nashville,6/15/2016 1:15:00 PM,2,0,0,36.097180,-86.709120,I 24,,,,0.00,,,,,,,54.80,N,Not at Intersection,N,Non-Junction,None,,,         ,Jessie,Meadows,Clear,Front to Rear,no,no,no,no,no,False
101246515,METROPOLITAN NASHVILLE POLICE DEPT,20160537734,Davidson,Nashville,6/15/2016 4:41:00 PM,2,0,0,36.048310,-86.664370,I 24,,,,0.00,,,,,,,59.05,N,Not at Intersection, ,,None,,,         ,Jessie,Meadows,,,no,no,no,no,no,False
101246520,METROPOLITAN NASHVILLE POLICE DEPT,20160538059,Davidson,Nashville,6/15/2016 5:44:00 PM,2,0,0,36.136200,-86.876820,HILLWOOD BLVD,,,,0.00,,,FLEETWOOD DR,,,,0.00,Y,Four-Way, ,Intersection,None,,,         ,Adam,Reese,Cloudy,Front to Rear,no,no,no,no,no,False
101246521,METROPOLITAN NASHVILLE POLICE DEPT,20160538087,Davidson,Nashville,6/15/2016 6:28:00 PM,2,2,0,36.255010,-86.715230,MADISON BLVD,,,,0.00,,,GALLATIN PKES,,,,0.00,Y,Four-Way,N,Intersection,None,,,         ,Christopher,Littles,Cloudy,Angle,no,no,no,no,no,False
101246523,METROPOLITAN NASHVILLE POLICE DEPT,20160538107,Davidson,Nashville,6/15/2016 6:36:00 PM,2,0,0,36.167880,-86.607240,I40 E EXT RAMP,,,,0.00,,,I 40,,,,0.00,Y,T-Intersection, ,,None,,,         ,David,Stanley,,,no,no,no,no,no,False
101246525,METROPOLITAN NASHVILLE POLICE DEPT,20160538130,Davidson,Nashville,6/15/2016 6:10:00 PM,3,2,0,36.147740,-86.666320,DONELSON PKE,,,,388.00,Feet,South,ELM HILL PKE,,,,0.00,N,Not at Intersection,N,Non-Junction,None,,,         ,Bradley,McIntyre,Cloudy,Front to Rear,no,no,no,no,yes,False
101246532,METROPOLITAN NASHVILLE POLICE DEPT,20160538196,Davidson,Nashville,6/15/2016 6:50:00 PM,2,0,0,36.157930,-86.791610,14TH AVN,,,,0.00,,,CHURCH ST,,,,0.00,Y,Four-Way,Y,Intersection,None,,,         ,Jacob,Masteller,Clear,Angle,no,no,no,no,no,False
101246534,METROPOLITAN NASHVILLE POLICE DEPT,20160538230,Davidson,Nashville,6/15/2016 4:50:00 PM,2,0,0,36.151300,-86.796160,BROADWAY,,,,145.00,Feet,North,19TH AVS,,,,0.00,N,Not at Intersection,N,Non-Junction,None,,,         ,Blaine,Whited,Rain,Front to Rear,no,no,no,no,no,False
101246540,METROPOLITAN NASHVILLE POLICE DEPT,20160538310,Davidson,Nashville,6/15/2016 7:28:00 PM,2,0,0,36.051560,-86.673260,BLUE HOLE RD,,,,346.00,Feet,South,TUSCULUM RD,,,,0.00,N,Not at Intersection,N,Non-Junction,None,,,         ,Brandon,Vance,Clear,Front to Rear,no,no,no,no,yes,False
101246545,METROPOLITAN NASHVILLE POLICE DEPT,20160538227,Davidson,Nashville,6/15/2016 4:30:00 PM,3,0,0,36.064790,-86.628480,HAMILTON CHURCH RD,,,,0.00,,,MURFREESBORO PKE,,,,0.00,Y,Four-Way, ,Intersection,None,,,         ,Jarred,Ruhlman,Clear,Front to Rear,no,no,no,no,no,False
101246546,METROPOLITAN NASHVILLE POLICE DEPT,20160538154,Davidson,Nashville,6/15/2016 6:21:00 PM,2,3,0,36.054530,-86.725330,MCMURRAY DR,,,,0.00,,,AMALIE DR,,,,0.00,Y,T-Intersection,N,Intersection,None,,,         ,Charles,Griffin,Clear,Front to Rear,no,no,no,no,no,False
101256542,METROPOLITAN NASHVILLE POLICE DEPT,20160537920,Davidson,Nashville,6/15/2016 5:13:00 PM,2,0,0,36.136050,-86.629840,BELL RD,,,,65.00,Feet,South,REELFOOT DR,,,,0.00,N,Not at Intersection, ,Non-Junction,None,,,         ,Reuben,Hewit,Rain,Front to Rear,no,no,no,no,no,False
101256544,METROPOLITAN NASHVILLE POLICE DEPT,20160538074,Davidson,Nashville,6/15/2016 6:20:00 PM,2,6,0,36.095970,-86.742550,ALLIED DR,,,,0.00,,,KEYSTONE AV,,,,0.00,Y,Four-Way,N,Intersection,None,,,         ,Eric,Burford,Clear,Angle,no,no,no,no,no,False
101256550,METROPOLITAN NASHVILLE POLICE DEPT,20160537673,Davidson,Nashville,6/15/2016 3:33:00 PM,2,0,0,36.158880,-86.773930,MOLLOY ST,,,,75.00,Feet,East,3RD AVS,,,,0.00,N,Not at Intersection, ,Non-Junction,None,,,         ,Jason,King,Clear,Other,no,no,no,no,no,False
101256554,METROPOLITAN NASHVILLE POLICE DEPT,2016-0537967,Davidson,Nashville,6/15/2016 5:35:00 PM,2,0,0,36.073540,-86.923870,OLD HARDING PKE,,,,195.00,Feet,West,OLD HARDING PKE RAMP,,,,0.00,N,Not at Intersection, ,Non-Junction,None,,,         ,John,Roberson,Cloudy,"Sideswipe, Opposite Direction",no,no,no,yes,no,False
101256556,METROPOLITAN NASHVILLE POLICE DEPT,20160538291,Davidson,Nashville,6/15/2016 6:42:00 PM,2,1,0,36.113780,-86.691140,MURFREESBORO PKE,,,,706.00,Feet,West,AIR FREIGHT BLVD,,,,0.00,N,Not at Intersection,N,Non-Junction,None,,,         ,Jarret,Sonnenberg,Cloudy,Front to Rear,no,no,no,no,no,False
101256560,METROPOLITAN NASHVILLE POLICE DEPT,20160538276,Davidson,Nashville,6/15/2016 2:30:00 PM,2,1,0,36.109100,-86.725270,I24 E EXT RAMP,,,,0.00,,,BRILEY PKWYS,,,,0.00,Y,Four-Way,N,Entrance/Exit Ramp Related,None,,,         ,Jeffrey,Livingston,Cloudy,Front to Rear,no,no,no,no,yes,False
101256564,METROPOLITAN NASHVILLE POLICE DEPT,20160537914,Davidson,Nashville,6/15/2016 5:14:00 PM,2,1,0,36.172210,-86.764980,S 5TH ST,,,,147.00,Feet,North,WOODLAND ST,,,,0.00,N,Not at Intersection,N,Non-Junction,None,,,         ,Randy,Heinze,Rain,Front to Rear,no,no,no,no,no,False
101256565,METROPOLITAN NASHVILLE POLICE DEPT,20160538390,Davidson,Not in City Limit,6/15/2016 7:31:00 PM,1,0,0,36.086200,-86.972450,HIGHWAY 70S,,,,1929.00,Feet,West,SADDLE RIDGE CT,,,,0.00,N,Not at Intersection, ,Non-Junction,None,,,         ,Brandon,Pedigo,Cloudy,Not Collision with Motor Vehicle in Transport,no,no,no,no,no,False
101266571,METROPOLITAN NASHVILLE POLICE DEPT,20160538156,Davidson,Nashville,6/15/2016 6:30:00 PM,2,1,0,36.217010,-86.810050,WALKER LN,,,,0.00,,,MOORMANS ARM RD,,,,0.00,Y,T-Intersection,N,Non-Junction,None,,,         ,Kevin,Reynolds,Clear,Front to Rear,no,no,no,no,no,False
101266572,METROPOLITAN NASHVILLE POLICE DEPT,20160538097,Davidson,Nashville,6/15/2016 6:30:00 PM,2,0,0,36.216890,-86.810440,MOORMANS ARM RD,,,,124.00,Feet,West,WALKER LN,,,,0.00,N,Not at Intersection,N,Non-Junction,None,,,         ,Kevin,Reynolds,Clear,Front to Rear,no,no,no,no,no,False
101266586,METROPOLITAN NASHVILLE POLICE DEPT,20160538606,Davidson,Nashville,6/15/2016 9:45:00 PM,2,0,0,36.045740,-86.674350,BELL RD,,,,0.00,,,BLUE HOLE RD,,,,0.00,Y,Four-Way, ,Intersection,None,,,         ,Oscar,Gomez,Clear,Front to Rear,no,no,no,no,no,False
101266587,METROPOLITAN NASHVILLE POLICE DEPT,20160538556,Davidson,Not in City Limit,6/15/2016 9:38:00 PM,2,1,0,36.261020,-86.757600,DICKERSON PKE,,,,49.00,Feet,South,TUCKAHOE DR,,,,0.00,N,Not at Intersection,N,Non-Junction,None,,,         ,Christopher,Littles,Clear,Not Collision with Motor Vehicle in Transport,no,no,no,no,yes,False
101266590,METROPOLITAN NASHVILLE POLICE DEPT,20160537522,Davidson,Nashville,6/15/2016 2:24:00 PM,2,0,0,36.209160,-86.866680,ASHLAND CITY HWY,,,,393.00,Feet,West,CATO RD,,,,0.00,N,Not at Intersection,N,Non-Junction,None,,,         ,Michael,Brooks,Cloudy,Not Collision with Motor Vehicle in Transport,no,no,no,no,yes,False
101266591,METROPOLITAN NASHVILLE POLICE DEPT,20160537750,Davidson,Nashville,6/15/2016 4:15:00 PM,1,0,0,36.209070,-86.871520,BRILEY PKWYS,,,,258.00,Feet,South,BRILEY PKWYN,,,,0.00,N,Not at Intersection,N,Non-Junction,None,,,         ,Michael,Brooks,Rain,Not Collision with Motor Vehicle in Transport,no,no,no,no,no,False
101266592,METROPOLITAN NASHVILLE POLICE DEPT,20160538027,Davidson,Nashville,6/15/2016 5:57:00 PM,2,0,0,36.232340,-86.783990,I 24,,,,0.00,,,,,,,44.00,N,Not at Intersection,N,Non-Junction,None,,,         ,Michael,Brooks,Rain,Angle,no,no,no,no,no,False
101266593,METROPOLITAN NASHVILLE POLICE DEPT,20160538069,Davidson,Nashville,6/15/2016 6:04:00 PM,1,0,0,36.240520,-86.785460,I24 W ENT RAMP,,,,0.00,,,I 24,,,,0.00,Y,OTHER, ,Entrance/Exit Ramp Related,None,,,         ,Michael,Brooks,Rain,Not Collision with Motor Vehicle in Transport,no,no,no,no,no,False
101266594,METROPOLITAN NASHVILLE POLICE DEPT,20160538515,Davidson,Nashville,6/15/2016 7:08:00 PM,1,0,0,36.159130,-86.822740,CLIFTON AV,,,,0.00,,,31ST AVN,,,,0.00,Y,T-Intersection, ,Intersection,None,,,         ,Michael,Brooks,Cloudy,Not Collision with Motor Vehicle in Transport,no,no,no,no,no,False
101266595,METROPOLITAN NASHVILLE POLICE DEPT,20160538640,Davidson,Nashville,6/15/2016 10:12:00 PM,2,0,0,36.162380,-86.778080,4TH AVN,,,,0.00,,,COMMERCE ST,,,,0.00,Y,Four-Way, ,Intersection,None,,,         ,Jeremy,Smith,Clear,"Sideswipe, Same Direction",no,no,no,no,no,False
101266599,METROPOLITAN NASHVILLE POLICE DEPT,20160538359,Davidson,Nashville,6/15/2016 8:18:00 PM,2,1,0,36.037400,-86.786570,FRANKLIN PKE,,,,0.00,,,OLD HICKORY BLVD,,,,0.00,Y,Four-Way,N,Intersection,None,,,         ,Charles,Griffin,Clear,Angle,no,no,no,no,no,False
101266609,METROPOLITAN NASHVILLE POLICE DEPT,20160538636,Davidson,Nashville,6/15/2016 10:41:00 PM,2,0,0,36.153090,-86.789450,DEMONBREUN ST,,,,353.00,Feet,West,14TH AVS,,,,0.00,N,Not at Intersection, ,Non-Junction,None,,,         ,Eric,Westbrook,Clear,Front to Rear,no,no,no,no,no,False
101266610,METROPOLITAN NASHVILLE POLICE DEPT,20160529616,Davidson,Nashville,6/13/2016 5:51:00 AM,2,0,0,36.162120,-86.782650,7TH AVN,,,,0.00,,,CHURCH ST,,,,0.00,Y,Four-Way,N,Intersection,None,,,         ,Carlos,angulo,Clear,"Sideswipe, Same Direction",no,no,no,no,no,False
101266618,METROPOLITAN NASHVILLE POLICE DEPT,20160538603,Davidson,Nashville,6/15/2016 6:32:00 PM,2,0,0,36.030660,-86.783580,I 65,,,,0.00,,,,,,,74.00,N,Not at Intersection,N,Entrance/Exit Ramp Related,None,,,         ,Charles,Griffin,Clear,Front to Rear,no,no,no,no,no,False
101266621,METROPOLITAN NASHVILLE POLICE DEPT,20160538264,Davidson,Nashville,6/15/2016 7:33:00 PM,2,1,0,36.109060,-86.666270,KNAPP BLVD,,,,210.00,Feet,West,COUCHVILLE PKE,,,,0.00,N,Not at Intersection,N,Non-Junction,None,,,         ,Reuben,Hewit,Clear,Front to Rear,no,no,no,no,no,False
101266624,METROPOLITAN NASHVILLE POLICE DEPT,20160538678,Davidson,Nashville,6/15/2016 10:25:00 PM,2,0,0,36.139070,-86.880560,ANNEX AV,,,,0.00,,,CHARLOTTE PKE,,,,0.00,Y,Four-Way,N,Non-Junction,None,,,         ,Joshua,Vaughn,Clear,Front to Rear,no,no,no,no,no,False
101266637,METROPOLITAN NASHVILLE POLICE DEPT,2016-0538794,Davidson,Nashville,6/15/2016 11:37:00 PM,2,0,0,36.155490,-86.764680,MIDDLETON ST,,,,100.00,Feet,North,ROLLING MILL HILL GRNWY,,,,0.00,N,Not at Intersection, ,Non-Junction,None,,,         ,Michael,Willis Jr.,Cloudy,Angle,no,no,no,yes,no,False
101266643,METROPOLITAN NASHVILLE POLICE DEPT,20160538677,Davidson,Nashville,6/15/2016 10:37:00 PM,2,0,0,36.217010,-86.692480,BRILEY PKWYN,,,,76.00,Feet,North,MCGAVOCK PKE EB EXT RAMP,,,,0.00,N,Not at Intersection,N,Non-Junction,Construction Zone,Laneclosure,Transition Area,         ,Curtis,Fisher,Clear,"Sideswipe, Same Direction",no,no,no,no,no,False
101266653,METROPOLITAN NASHVILLE POLICE DEPT,20160538759,Davidson,Nashville,6/15/2016 11:20:00 PM,1,0,0,36.236050,-86.762740,I 65,,,,0.00,,,,,,,89.65,N,Not at Intersection,N,Non-Junction,None,,,         ,Terrance,McBride,Clear,Not Collision with Motor Vehicle in Transport,no,no,no,no,no,False
101266707,METROPOLITAN NASHVILLE POLICE DEPT,20160539092,Davidson,Nashville,6/16/2016 2:21:00 AM,2,0,0,36.234590,-86.716430,BRILEY PKWYE,,,,159.00,Feet,East,BRUSH HILL RD,,,,0.00,N,Not at Intersection, ,Non-Junction,Construction Zone,,,         ,Curtis,Fisher,Clear,Front to Rear,no,no,no,no,no,False
101266714,METROPOLITAN NASHVILLE POLICE DEPT,20160538674,Davidson,Nashville,6/15/2016 10:16:00 PM,3,0,0,36.229060,-86.698020,BRILEY PKWYN,,,,1193.00,Feet,South,BRILEY PKWYW,,,,0.00,N,Not at Intersection,N,Non-Junction,None,,,         ,Austin,Childress,Clear,Front to Rear,no,no,no,no,no,False
101266723,METROPOLITAN NASHVILLE POLICE DEPT,20160532618,Davidson,Nashville,6/14/2016 5:00:00 AM,2,1,0,36.047840,-86.612050,MURFREESBORO PKE,,,,0.00,,,MOUNTAIN SPRINGS RD,,,,0.00,Y,Four-Way,N,Intersection,None,,,         ,David,Moser,Clear,Angle,no,no,no,no,no,False
101266728,METROPOLITAN NASHVILLE POLICE DEPT,20160539296,Davidson,Nashville,6/16/2016 5:08:00 AM,2,1,0,36.144180,-86.697810,I 40,,,,0.00,,,,,,,214.85,N,Not at Intersection,N,Non-Junction,None,,,         ,Kristen,Morgan,Clear,Angle,no,no,no,no,yes,False
101266738,METROPOLITAN NASHVILLE POLICE DEPT,20160539323,Davidson,Nashville,6/16/2016 12:00:00 AM,2,0,0,36.184900,-86.803250,9TH AVN,,,,0.00,,,9TH AVN,,,,0.00,,Not at Intersection,N,Non-Junction,None,,,         ,Troy,Loewen,Clear,Not Collision with Motor Vehicle in Transport,no,no,no,yes,yes,False
101266740,METROPOLITAN NASHVILLE POLICE DEPT,20160538857,Davidson,Nashville,6/15/2016 11:26:00 PM,2,1,0,36.164430,-86.819940,28TH AVN,,,,25.00,Feet,North,I40 W EXT RAMP,,,,0.00,N,Not at Intersection,Y,Entrance/Exit Ramp Related,None,,,         ,Geoffrey,Daugherty,Cloudy,Other,no,no,no,no,yes,False
101266747,BERRY HILL POLICE DEPT,16-2131,Davidson,Berry Hill,6/15/2016 1:10:00 PM,2,0,0,36.120810,-86.765670,BRANSFORD AV,,,,0.00,,,BERRY RD,,,,0.00,Y,T-Intersection, ,Intersection-Related,None,,,         ,Timothy,Coleman,Clear,Front to Rear,no,no,no,no,no,False
101266748,BERRY HILL POLICE DEPT,16-2132,Davidson,Berry Hill,6/15/2016 1:50:00 PM,2,0,0,36.125680,-86.765870,BRANSFORD AV,,,,40.00,Feet,South,CRAIGHEAD ST,,,,0.00,N,Not at Intersection, ,Non-Junction,None,,,         ,Timothy,Coleman,Clear,Angle,no,no,no,no,no,False
101266758,METROPOLITAN NASHVILLE POLICE DEPT,20160537406,Davidson,Nashville,6/15/2016 1:50:00 PM,2,0,0,36.110240,-86.720000,BRILEY PKWYS,,,,127.00,Feet,West,BRILEY PKWYN,,,,0.00,N,Not at Intersection, ,,None,,,         ,Joseph,Smith,,,no,no,no,no,no,False
101266760,METROPOLITAN NASHVILLE POLICE DEPT,20160537344,Davidson,Nashville,6/15/2016 12:23:00 PM,2,0,0,36.170260,-86.805750,I 40,,,,0.00,,,,,,,207.35,N,Not at Intersection,Y,Non-Junction,None,,,         ,Michael,McCord,Cloudy,Not Collision with Motor Vehicle in Transport,no,no,no,no,no,False
101266765,BERRY HILL POLICE DEPT,16-2130,Davidson,Berry Hill,6/15/2016 12:30:00 PM,2,0,0,36.122690,-86.775300,BILOXI AV,,,,173.00,Feet,East,FRANKLIN PKE,,,,0.00,N,Not at Intersection, ,Non-Junction,None,,,         ,Timothy,Coleman,Clear,Rear to Rear,no,no,no,yes,no,False
101266766,METROPOLITAN NASHVILLE POLICE DEPT,20160533640,Davidson,Madison,6/14/2016 12:40:00 PM,2,3,0,0.000000,0.000000,BRILEY PKWY,,SR155,,0.10,Miles,West,,,,,17.00,N,Not at Intersection,N,Non-Junction,None,,,         ,Faye,Denson,Clear,Angle,no,no,no,no,no,False
101266772,METROPOLITAN NASHVILLE POLICE DEPT,20160537061,Davidson,Nashville,6/15/2016 12:08:00 PM,2,0,0,36.144620,-86.749840,MURFREESBORO PKE,,,,0.00,,,ELM HILL PKE,,,,0.00,Y,T-Intersection, ,,None,,,         ,Jedidayah,Merriweather,,,no,no,no,no,no,False
101266773,METROPOLITAN NASHVILLE POLICE DEPT,20160539489,Davidson,Nashville,6/16/2016 7:20:00 AM,2,0,0,36.191120,-86.797200,VANTAGE WAY,,,,0.00,,,FRENCH LANDING DR,,,,0.00,Y,OTHER, ,,None,,,         ,Joshua,Baker,,,no,no,no,no,no,False
101266774,METROPOLITAN NASHVILLE POLICE DEPT,20160539455,Davidson,Not in City Limit,6/16/2016 7:00:00 AM,2,0,0,36.048380,-86.940050,TRACE CREEK DR,,,,34.00,Feet,South,HIGHWAY 100,,,,0.00,N,Not at Intersection, ,Non-Junction,None,,,         ,Wesley,Tilley,Clear,Front to Rear,no,no,no,no,no,False
101266777,METROPOLITAN NASHVILLE POLICE DEPT,20160539462,Davidson,Antioch,6/16/2016 7:00:00 AM,3,0,0,36.011410,-86.617000,I 24 W,,,,0.00,,West,,,I24 W,,62.00,N,Not at Intersection, ,Non-Junction,None,,,         ,Julius,Gallon,Clear,Front to Rear,no,no,no,no,yes,False
101266778,METROPOLITAN NASHVILLE POLICE DEPT,20160525777,Davidson,Not in City Limit,6/11/2016 1:51:00 PM,3,2,0,36.270690,-86.793790,I 24,,,,0.00,,,,,,,41.10,N,Not at Intersection,N,Non-Junction,None,,,         ,Brandon,Wood,Clear,Front to Rear,no,no,no,no,no,False