master_record_number,agency,agency_tracking_number,county,city,collision_date,vehicles_involved,number_injured,number_dead,latitude,longitude,roadway_name,roadway_suffix,roadway_number,roadway_local_id,distance_from_reference,miles-feet_indicator,direction_from_reference,intersection_road_name,intersection_road_name_suffix,intersection_road_number,intersection_local_id,mile_marker,intersection_indicator,intersect_type,interchange_related_indicator,relation_to_junction,work_zone_type,construction_maintenance_zone,construction_maintenance_zone_location,fatal_case_number,officer_first_name,officer_last_name,weather_condition(s),manner_of_crash,pedestrian,bicycle,scooter,parking,hitrun,mou
101266797,METROPOLITAN NASHVILLE POLICE DEPT,20160539522,Davidson,Nashville,6/16/2016 7:00:00 AM,2,0,0,36.044490,-86.651000,HICKORY HOLLOW PKWY,,,,12.00,Feet,West,CROSSINGS BLVD,,,,0.00,N,Not at Intersection, ,Non-Junction,None,,,         ,Candice,Soper,Clear,Front to Rear,no,no,no,no,no,False
101266800,METROPOLITAN NASHVILLE POLICE DEPT,20160539519,Davidson,Nashville,6/16/2016 7:50:00 AM,2,0,0,36.087150,-86.692910,HARDING PL,,,,229.00,Feet,West,ANTIOCH PKE,,,,0.00,N,Not at Intersection, ,Non-Junction,None,,,         ,Brian,Penny,Clear,Angle,no,no,no,no,no,False
101266806,METROPOLITAN NASHVILLE POLICE DEPT,20160539559,Davidson,Nashville,6/16/2016 7:59:00 AM,3,0,0,36.169270,-86.655550,LEBANON PKE,,,,0.00,,,CEDARSTONE WAY,,,,0.00,Y,T-Intersection, ,Intersection-Related,None,,,         ,Wesley,Young,Clear,"Sideswipe, Same Direction",no,no,no,no,no,False
101266811,METROPOLITAN NASHVILLE POLICE DEPT,2016-0539708,Davidson,Nashville,6/16/2016 8:55:00 AM,2,0,0,36.131550,-86.896390,CHARLOTTE PKE,,,,25.00,Feet,West,I40 E EXT RAMP,,,,0.00,N,Not at Intersection, ,,None,,,         ,Curtis,Rich,,,no,no,no,no,no,False
101266814,METROPOLITAN NASHVILLE POLICE DEPT,20160533579,Davidson,Old Hickory,6/14/2016 11:34:00 AM,2,1,0,36.255840,-86.654000,ROBINSON RD,,,,0.00,,,MERRITT ST,,,,0.00,Y,T-Intersection,N,Intersection-Related,None,,,         ,James,Curtis,Clear,Front to Rear,no,no,no,no,no,False
101266815,METROPOLITAN NASHVILLE POLICE DEPT,20160537070,Davidson,Nashville,6/15/2016 12:15:00 PM,2,1,0,36.143800,-86.666680,DONELSON PKE,,,,518.00,Feet,South,SHACKLETT DR,,,,0.00,N,Not at Intersection,N,Non-Junction,None,,,         ,James,Curtis,Clear,Angle,no,no,no,no,no,False
101266816,METROPOLITAN NASHVILLE POLICE DEPT,20160539484,Davidson,Nashville,6/16/2016 7:04:00 AM,3,1,0,36.137540,-86.726560,I40 E ENT RAMP,,,,0.00,,,I 24,,,,0.00,Y,OTHER,N,Non-Junction,None,,,         ,James,Curtis,Clear,Front to Rear,no,no,no,no,no,False
101266817,METROPOLITAN NASHVILLE POLICE DEPT,2016-0537313,Davidson,Nashville,6/15/2016 1:20:00 PM,2,1,0,36.176730,-86.772310,SPRING ST,,,,0.00,,,I24 W EXT RAMP,,,,0.00,Y,Y-Intersection,Y,Entrance/Exit Ramp Related,None,,,         ,Paul,Sorace,Clear,"Sideswipe, Same Direction",no,no,no,no,no,False
101266820,METROPOLITAN NASHVILLE POLICE DEPT,20160539666,Davidson,Nashville,6/16/2016 8:32:00 AM,2,0,0,36.151340,-86.842160,46TH AVN,,,,98.00,Feet,North,PARK AV,,,,0.00,N,Not at Intersection,N,Non-Junction,None,,,         ,Marcus,Darden,Clear,Front to Rear,no,no,no,no,no,False
101266821,VANDERBILT UNIVERSITY POLICE,16-0539678,Davidson,Nashville,6/16/2016 8:30:00 AM,2,0,0,36.139360,-86.804170,CHILDRENS WAY,,,,0.00,,,,,,,0.00,,, ,Non-Junction,None,,,         ,Samuel,McClain,Clear,"Sideswipe, Same Direction",no,no,no,yes,no,Campus
101266826,METROPOLITAN NASHVILLE POLICE DEPT,20160539741,Davidson,Nashville,6/16/2016 8:31:00 AM,2,0,0,36.185080,-86.791240,3RD AVN,,,,0.00,,,BUCHANAN ST,,,,0.00,Y,T-Intersection,N,Intersection,None,,,         ,Nathan,Mayo,Clear,Angle,no,no,no,no,no,False
101266828,METROPOLITAN NASHVILLE POLICE DEPT,20160539681,Davidson,Nashville,6/16/2016 8:40:00 AM,2,0,0,36.267030,-86.670080,OLD HICKORY,BLVD,SR640,,0.00,,North,HADLEY INDUSTRIAL,DR,SR,,0.00,N,Not at Intersection, ,Non-Junction,None,,,         ,Gregory,Lindstrom,Clear,"Sideswipe, Same Direction",no,no,no,no,no,False
101266831,METROPOLITAN NASHVILLE POLICE DEPT,20160519493,Davidson,Nashville,6/9/2016 11:48:00 AM,2,0,0,36.155740,-86.789770,14TH AVN,,,,0.00,,,BROADWAY,,,,0.00,Y,Four-Way, ,Intersection,None,,,         ,Darrell,Osment,Clear,"Sideswipe, Same Direction",no,no,no,no,no,False
101266832,METROPOLITAN NASHVILLE POLICE DEPT,20160537433,Davidson,Nashville,6/15/2016 2:06:00 PM,2,0,0,36.144930,-86.766660,4TH AVS,,,,0.00,,,CHESTNUT ST,,,,0.00,Y,Four-Way, ,Intersection,Utility Zone,,,         ,Darrell,Osment,Cloudy,"Sideswipe, Same Direction",no,no,no,no,no,False
101266838,METROPOLITAN NASHVILLE POLICE DEPT,20160536335,Davidson,Nashville,6/15/2016 12:00:00 AM,2,0,0,36.181320,-86.749420,MANSFIELD ST,,,,0.00,,,GALLATIN AV,,,,0.00,Y,T-Intersection,N,Non-Junction,None,,,         ,Alex,Moore,Clear,Other,no,no,no,no,yes,False
101266839,METROPOLITAN NASHVILLE POLICE DEPT,20160539722,Davidson,Nashville,6/16/2016 9:03:00 AM,2,0,0,36.137390,-86.882690,CHARLOTTE PKE,,,,333.00,Feet,East,SUMMERLY DR,,,,0.00,N,Not at Intersection, ,,None,,,         ,Edin,Plancic,,,no,no,no,no,no,False
101266850,METROPOLITAN NASHVILLE POLICE DEPT,20160539901,Davidson,Nashville,6/16/2016 10:07:00 AM,2,0,0,36.112390,-86.768020,THOMPSON LN,,,,0.00,,,W IRIS DR,,,,0.00,Y,Four-Way,N,Intersection,None,,,         ,Nathan,Kemp,Clear,Angle,no,no,no,no,no,False
101266869,METROPOLITAN NASHVILLE POLICE DEPT,20160539608,Davidson,Nashville,6/16/2016 8:04:00 AM,2,1,0,36.152200,-86.842220,CHARLOTTE AV,,,,0.00,,,46TH AVN,,,,0.00,Y,Four-Way,N,Intersection,None,,,         ,Gregory,McDaniel,Clear,Angle,no,no,no,no,no,False
101266876,METROPOLITAN NASHVILLE POLICE DEPT,20160538036,Davidson,Nashville,6/15/2016 6:02:00 PM,1,1,0,36.064320,-86.705360,MELPAR DR,,,,497.00,Feet,East,YORKTOWN RD,,,,0.00,N,Not at Intersection,N,Non-Junction,None,,,         ,Jessie,Meadows,Rain,Not Collision with Motor Vehicle in Transport,no,no,no,no,no,False
101266877,METROPOLITAN NASHVILLE POLICE DEPT,20160538220,Davidson,Nashville,6/15/2016 7:13:00 PM,2,0,0,36.149110,-86.822340,I 440,,,,0.00,,,,,,,1.40,N,Not at Intersection, ,Non-Junction,None,,,         ,Jessie,Meadows,Clear,Front to Rear,no,no,no,no,no,False
101266887,THP District 3 - Nashville,316034402,Davidson,Nashville,6/15/2016 5:25:00 PM,2,1,0,36.054380,-86.674020,I 24,,,,0.00,,,,,,,58.35,N,Not at Intersection,N,Non-Junction,None,,,         ,William,Miller,Rain,Front to Rear,no,no,no,no,no,False
101266916,METROPOLITAN NASHVILLE POLICE DEPT,20160536425,Davidson,Nashville,6/15/2016 8:28:00 AM,2,0,0,36.138530,-86.809760,BLAKEMORE AV,,,,331.00,Feet,East,NATCHEZ TRC,,,,0.00,N,Not at Intersection,N,Non-Junction,None,,,         ,Erik,Wagner,Cloudy,Angle,no,no,no,no,no,Campus
101266917,METROPOLITAN NASHVILLE POLICE DEPT,20160539748,Davidson,Nashville,6/16/2016 9:05:00 AM,2,0,0,36.167430,-86.787010,ROSA L PARKS BLVD,,,,0.00,,,JAMES ROBERTSON PKWY,,,,0.00,Y,Y-Intersection,N,Intersection,None,,,         ,Darren,Key,Clear,Angle,no,no,no,no,no,False
101266920,METROPOLITAN NASHVILLE POLICE DEPT,20160540106,Davidson,Nashville,6/16/2016 11:05:00 AM,2,0,0,36.193060,-86.830250,CLARKSVILLE PKE,,,,359.00,Feet,East,BUENA VISTA PKE,,,,0.00,N,Not at Intersection,N,Non-Junction,None,,,         ,Alan,Jordan,Clear,Front to Rear,no,no,no,yes,yes,False
101266923,METROPOLITAN NASHVILLE POLICE DEPT,20160540159,Davidson,Nashville,6/16/2016 10:47:00 AM,2,0,0,36.173590,-86.602150,CENTRAL PKE,,,,0.00,,,OLD HICKORY BLVD,,,,0.00,Y,Four-Way, ,Intersection,None,,,         ,James,Curtis,Clear,Front to Rear,no,no,no,no,no,False
101266928,METROPOLITAN NASHVILLE POLICE DEPT,20160540238,Davidson,Nashville,6/16/2016 11:59:00 AM,2,1,0,36.044770,-86.661530,BELL RD,,,,0.00,,,CANE RIDGE RD,,,,0.00,Y,Four-Way,N,Intersection,None,,,         ,Thomas,White,Clear,Front to Rear,no,no,no,no,no,False
101266930,METROPOLITAN NASHVILLE POLICE DEPT,2016-0540144,Davidson,Nashville,6/16/2016 11:20:00 AM,2,0,0,36.124840,-86.847840,HARDING PKE,,,,80.00,Feet,West,WHITE BRIDGE PKE,,,,0.00,N,Not at Intersection, ,Non-Junction,None,,,         ,Walter,Gray II,Clear,Front to Rear,no,no,no,no,no,False
101266946,METROPOLITAN NASHVILLE POLICE DEPT,20160540397,Davidson,Nashville,6/16/2016 12:44:00 PM,2,0,0,36.192170,-86.616160,OLD HICKORY BLVD,,,,66.00,Feet,South,JUAREZ DR,,,,0.00,N,Not at Intersection, ,Non-Junction,None,,,         ,James,Curtis,Clear,"Sideswipe, Same Direction",no,no,no,no,no,False
101266957,METROPOLITAN NASHVILLE POLICE DEPT,20160539441,Davidson,Nashville,6/16/2016 6:45:00 AM,2,0,0,36.130480,-86.741790,TPS COMPLEX PVTDR,,,,0.00,,,FOSTER AV,,,,0.00,Y,OTHER, ,Intersection,None,,,         ,James,Grady,Clear,Front to Rear,no,no,no,no,no,False
101266960,VANDERBILT UNIVERSITY POLICE,16-0539932,Davidson,Nashville,6/16/2016 10:06:00 AM,1,1,0,36.139730,-86.801670,PIERCE AV,,,,0.00,,,MEDICAL CENTER DR,,,,0.00,Y,Four-Way,N,Intersection-Related,None,,,         ,Eugene,Kessler,Clear,Not Collision with Motor Vehicle in Transport,yes,no,no,no,no,Campus
101266971,METROPOLITAN NASHVILLE POLICE DEPT,20160540383,Davidson,Nashville,6/16/2016 12:44:00 PM,3,3,0,36.192710,-86.744370,DOUGLAS AV,,,,0.00,,,GALLATIN AV,,,,0.00,Y,Four-Way,N,Intersection,None,,,         ,Jared,Eaves,Clear,Front to Rear,no,no,no,no,no,False
101266982,METROPOLITAN NASHVILLE POLICE DEPT,20160540297,Davidson,Nashville,6/16/2016 12:06:00 PM,2,0,0,36.138360,-86.778490,8TH AVS,,,,14.00,Feet,North,LYNWOOD AV,,,,0.00,N,Not at Intersection,N,Non-Junction,None,,,         ,Paul,Joyner,Clear,Front to Rear,no,no,no,no,no,False
101266985,METROPOLITAN NASHVILLE POLICE DEPT,20160540325,Davidson,Nashville,6/16/2016 12:00:00 PM,2,0,0,36.208490,-86.777780,BRICK CHURCH PKE,,,,216.00,Feet,South,AVONDALE CIR,,,,0.00,N,Not at Intersection,N,Non-Junction,None,,,         ,Michael,McCord,Clear,Angle,no,no,no,no,no,False
101266990,METROPOLITAN NASHVILLE POLICE DEPT,20160540279,Davidson,Nashville,6/16/2016 12:11:00 PM,2,1,0,36.132420,-86.788680,12TH AVS,,,,14.00,Feet,South,BELMONT UNIVERSITY PVTDR,,,,0.00,N,Not at Intersection,N,Non-Junction,None,,,         ,Phillip,Murphy,Clear,"Sideswipe, Opposite Direction",no,no,no,no,no,False
101266995,METROPOLITAN NASHVILLE POLICE DEPT,20160538609,Davidson,Nashville,6/15/2016 9:55:00 PM,2,1,0,36.216730,-86.692420,MCGAVOCK PKE EB ENT RAMP,,,,0.00,Feet,,MCGAVOCK PKE WB EXT RAMP,,,,0.00,Y,Five Point Or More,N,Intersection,None,,,         ,Bradley,McIntyre,Cloudy,HeadOn,no,no,no,no,no,False
101266996,METROPOLITAN NASHVILLE POLICE DEPT,2016-0540471,Davidson,Nashville,6/16/2016 1:05:00 PM,2,0,0,36.165860,-86.781910,CHARLOTTE AV,,,,0.00,,,5TH AVN,,,,0.00,Y,Four-Way, ,"Driveway, Alley Access, etc",None,,,         ,Paul,Sorace,Clear,Angle,no,no,no,no,no,False
101266998,METROPOLITAN NASHVILLE POLICE DEPT,20160540436,Davidson,Nashville,6/16/2016 12:52:00 PM,2,1,0,36.168790,-86.600490,OLD HICKORY BLVD,,,,311.00,Feet,South,I40 E ENT RAMP,,,,0.00,N,Not at Intersection,N,Non-Junction,None,,,         ,Wesley,Young,Clear,Angle,no,no,no,no,no,False
101267001,METROPOLITAN NASHVILLE POLICE DEPT,20160540358,Davidson,Nashville,6/16/2016 12:15:00 PM,2,0,0,36.177470,-86.794260,ROSA L PARKS BLVD,,,,249.00,Feet,North,DELTA AV,,,,0.00,N,Not at Intersection,N,Non-Junction,None,,,         ,Nathan,Mayo,Clear,"Sideswipe, Same Direction",no,no,no,no,no,False
101267014,METROPOLITAN NASHVILLE POLICE DEPT,20160540396,Davidson,Nashville,6/16/2016 12:40:00 PM,2,0,0,36.133310,-86.726890,I24E,,,,71.00,Feet,East,I24 W EXT RAMP,,,,0.00,N,Not at Intersection,N,Non-Junction,None,,,         ,James,Thomas,Clear,Front to Rear,no,no,no,no,no,False
101267016,METROPOLITAN NASHVILLE POLICE DEPT,20160540264,Davidson,Nashville,6/16/2016 11:35:00 AM,2,0,0,36.142200,-86.742540,MURFREESBORO PKE,,,,93.00,Feet,East,POLK AV,,,,0.00,N,Not at Intersection, ,Non-Junction,None,,,         ,Brian,Penny,Clear,"Sideswipe, Same Direction",no,no,no,no,no,False
101267018,METROPOLITAN NASHVILLE POLICE DEPT,20160540441,Davidson,Nashville,6/16/2016 12:20:00 PM,2,0,0,36.150700,-86.855700,CHARLOTTE PKE,,,,392.00,Feet,West,CHARLOTTE AV,,,,0.00,N,Not at Intersection,N,"Driveway, Alley Access, etc",None,,,         ,Gregory,McDaniel,Clear,Angle,no,no,no,no,yes,False
101267027,METROPOLITAN NASHVILLE POLICE DEPT,20160540328,Davidson,Nashville,6/16/2016 12:25:00 PM,2,0,0,36.140240,-86.879110,CHARLOTTE PKE,,,,50.00,Feet,East,RUSSLEO DR,,,,0.00,N,Not at Intersection, ,Non-Junction,None,,,         ,Edin,Plancic,Clear,"Sideswipe, Same Direction",no,no,no,no,no,False
101267039,METROPOLITAN NASHVILLE POLICE DEPT,20160540472,Davidson,Nashville,6/16/2016 1:09:00 PM,3,0,0,36.039380,-86.781940,OLD HICKORY BLVD,,,,50.00,Feet,West,I65 N EXT RAMP,,,,0.00,N,Not at Intersection,N,Non-Junction,None,,,         ,Earl,Davis,Clear,Front to Rear,no,no,no,no,no,False
101267049,METROPOLITAN NASHVILLE POLICE DEPT,2016531254,Davidson,Nashville,6/13/2016 5:37:00 PM,2,0,0,36.149690,-86.779180,8TH AVS,,,,0.00,,,DIVISION ST,,,,0.00,Y,Four-Way, ,Intersection-Related,None,,,         ,Jacob,Paul,Rain,Angle,no,no,no,no,no,False
101267052,METROPOLITAN NASHVILLE POLICE DEPT,20160533958,Davidson,Nashville,6/14/2016 2:30:00 PM,2,0,0,36.140240,-86.722310,I 40,,,,0.00,,,,,,,213.50,N,Not at Intersection, ,Non-Junction,None,,,         ,John,Daugherty,Clear,"Sideswipe, Same Direction",no,no,no,no,no,False
101267090,METROPOLITAN NASHVILLE POLICE DEPT,20160538148,Davidson,Nashville,6/15/2016 6:34:00 PM,2,0,0,36.145230,-86.666750,DONELSON PKE,,,,0.00,,,SHACKLETT DR,,,,0.00,Y,T-Intersection, ,Non-Junction,None,,,         ,John,Daugherty,Clear,"Sideswipe, Same Direction",no,no,no,no,no,False
101267098,METROPOLITAN NASHVILLE POLICE DEPT,20160540720,Davidson,Nashville,6/16/2016 2:31:00 PM,2,1,0,36.148480,-86.793490,MUSIC SQW,,,,0.00,,,CHET ATKINS PL,,,,0.00,Y,Four-Way,N,Intersection,None,,,         ,Charles,Griffin,Clear,Angle,no,no,no,no,no,False
101267099,METROPOLITAN NASHVILLE POLICE DEPT,2016-0539839,Davidson,Nashville,6/16/2016 9:11:00 AM,2,0,0,36.086660,-86.706810,LINBAR DR,,,,122.00,Feet,South,PARAGON MILLS RD,,,,0.00,N,Not at Intersection,N,"Driveway, Alley Access, etc",None,,,         ,William,Whitworth,Clear,Angle,no,no,no,no,no,False
101267100,METROPOLITAN NASHVILLE POLICE DEPT,2016-0540194,Davidson,Nashville,6/16/2016 11:43:00 AM,2,1,0,36.110620,-86.741320,THOMPSON LN,,,,172.00,Feet,East,LOGAN ST,,,,0.00,N,Not at Intersection,N,"Driveway, Alley Access, etc",None,,,         ,William,Whitworth,Clear,Angle,no,no,no,no,no,False
101267107,METROPOLITAN NASHVILLE POLICE DEPT,20160540138,Davidson,Nashville,6/16/2016 1:01:00 PM,2,2,0,36.082730,-86.710310,HARDING PL,,,,58.00,Feet,East,TAMPA DR,,,,0.00,N,Not at Intersection,N,Non-Junction,None,,,         ,Jessie,Meadows,Clear,Angle,no,no,no,no,no,False
101267108,METROPOLITAN NASHVILLE POLICE DEPT,20160540425,Davidson,Antioch,6/16/2016 2:09:00 PM,2,0,0,36.067800,-86.581940,SUNSAIL DR,,,,657.00,Feet,North,DORY DR,,,,0.00,N,Not at Intersection, ,Non-Junction,None,,,         ,Jessie,Meadows,Clear,Rear to Side,no,no,no,no,no,False
101267126,METROPOLITAN NASHVILLE POLICE DEPT,20160540735,Davidson,Nashville,6/16/2016 2:50:00 PM,1,0,0,36.154100,-86.837730,I40 W EXT RAMP,,,,0.00,,,I 40,,,,0.00,Y,Y-Intersection,Y,Entrance/Exit Ramp Related,None,,,         ,Ryan,Worstall,Clear,Not Collision with Motor Vehicle in Transport,no,no,no,no,no,False
101267130,METROPOLITAN NASHVILLE POLICE DEPT,20160540935,Davidson,Nashville,6/16/2016 3:46:00 PM,2,0,0,36.157930,-86.791610,14TH AVN,,,,0.00,,,CHURCH ST,,,,0.00,Y,Four-Way, ,,None,,,         ,Charles,Griffin,,,no,no,no,no,no,False
101267135,METROPOLITAN NASHVILLE POLICE DEPT,20160538284,Davidson,Nashville,6/15/2016 7:20:00 PM,2,0,0,36.097900,-86.658320,MURFREESBORO PKE,,,,405.00,Feet,East,HARDING PL,,,,0.00,N,Not at Intersection, ,,None,,,         ,Brian,Smith,,,no,no,no,no,no,False
101267139,METROPOLITAN NASHVILLE POLICE DEPT,20160540739,Davidson,Nashville,6/16/2016 4:07:00 PM,2,0,0,36.065640,-86.685760,I 24,,,,0.00,,,,,,,57.35,N,Not at Intersection,N,Non-Junction,None,,,         ,Jessie,Meadows,Clear,"Sideswipe, Same Direction",no,no,no,no,yes,False
101267142,METROPOLITAN NASHVILLE POLICE DEPT,20160540865,Davidson,Nashville,6/16/2016 3:23:00 PM,2,0,0,36.133230,-86.801310,PORTLAND AV,,,,0.00,,,MAGNOLIA BLVD,,,,0.00,Y,Four-Way, ,Intersection,None,,,         ,Eric,Burford,Clear,Angle,no,no,no,no,no,False
101267158,METROPOLITAN NASHVILLE POLICE DEPT,20160540915,Davidson,Old Hickory,6/16/2016 3:40:00 PM,2,0,0,36.254730,-86.651220,OLD HICKORY,BLVD,SR1,,0.00,,,HADLEY,AVE,SR1,,0.00,Y,T-Intersection, ,Intersection-Related,None,,,         ,Codey,Mullins,Cloudy,Front to Rear,no,no,no,no,no,False
101267161,METROPOLITAN NASHVILLE POLICE DEPT,2016-0540679,Davidson,Nashville,6/16/2016 2:25:00 PM,1,0,0,36.137740,-86.890300,I 40,,,,0.00,,,,,,,201.80,N,Not at Intersection,N,Non-Junction,None,,,         ,Walter,Gray II,Clear,Not Collision with Motor Vehicle in Transport,no,no,no,no,no,False
101267162,METROPOLITAN NASHVILLE POLICE DEPT,20160541054,Davidson,Nashville,6/16/2016 4:14:00 PM,1,1,0,36.169510,-86.671460,LEBANON PKE,,,,41.00,Feet,East,BLUEFIELD AV,,,,0.00,N,Not at Intersection,N,Non-Junction,None,,,         ,Bradley,McIntyre,Clear,Not Collision with Motor Vehicle in Transport,no,no,no,no,no,False
101267164,METROPOLITAN NASHVILLE POLICE DEPT,20160540890,Davidson,Nashville,6/16/2016 3:37:00 PM,2,0,0,36.141780,-86.712970,I 40,,,,0.00,,,,,,,214.00,N,Not at Intersection,N,Non-Junction,None,,,         ,Jaby,Djabbarov,Clear,Front to Rear,no,no,no,no,yes,False
101267165,METROPOLITAN NASHVILLE POLICE DEPT,20160540780,Davidson,Nashville,6/16/2016 3:07:00 PM,2,2,0,36.044290,-86.657500,I 24,,,,0.00,,,,,,,59.50,N,Not at Intersection,N,Non-Junction,None,,,         ,Kevin,Keating,Clear,Front to Rear,no,no,no,no,no,False
101267166,METROPOLITAN NASHVILLE POLICE DEPT,20160541119,Davidson,Nashville,6/16/2016 4:26:00 PM,2,0,0,36.074480,-86.638650,MURFREESBORO PKE,,,,0.00,,,RURAL HILL RD,,,,0.00,Y,Four-Way, ,Intersection,None,,,         ,Kevin,Keating,Clear,Front to Rear,no,no,no,no,no,False
101267177,METROPOLITAN NASHVILLE POLICE DEPT,20160540977,Davidson,Nashville,6/16/2016 12:00:00 AM,2,1,0,36.127250,-86.803820,21ST AVS,,,,96.00,Feet,North,BEECHWOOD AV,,,,0.00,N,Not at Intersection,Y,Non-Junction,None,,,         ,Jose,Salazar,Clear,Front to Rear,no,no,no,no,no,False
101267178,METROPOLITAN NASHVILLE POLICE DEPT,20160539862,Davidson,Nashville,6/16/2016 9:56:00 AM,2,0,0,36.157950,-86.784310,BROADWAY,,,,0.00,,,10TH AVS,,,,0.00,Y,Four-Way, ,,None,,,         ,Shawn,Taylor,,,no,no,no,no,no,False
101267182,METROPOLITAN NASHVILLE POLICE DEPT,20160540978,Davidson,Nashville,6/16/2016 4:00:00 PM,2,1,0,36.166300,-86.764560,I 24,,,,0.00,,,,,,,49.00,N,Not at Intersection,N,Non-Junction,None,,,         ,Christopher,Davis,Clear,Front to Rear,no,no,no,no,no,False
101267188,METROPOLITAN NASHVILLE POLICE DEPT,2016-0541105,Davidson,Nashville,6/16/2016 4:47:00 PM,2,0,0,36.133080,-86.819160,I 440,,,,0.00,,,,,,,1.75,N,Not at Intersection, ,Non-Junction,None,,,         ,Walter,Gray II,Clear,"Sideswipe, Same Direction",no,no,no,no,no,False
101267189,METROPOLITAN NASHVILLE POLICE DEPT,20160541016,Davidson,Not in City Limit,6/16/2016 3:50:00 PM,2,0,0,36.325790,-86.868780,I24 W EXT RAMP,,,,0.00,Feet,East,I 24,,,,0.00,N,Not at Intersection, ,Entrance/Exit Ramp Related,None,,,         ,Khalid,Abbady,Clear,Front to Rear,no,no,no,no,no,False
101267191,METROPOLITAN NASHVILLE POLICE DEPT,20160541008,Davidson,Nashville,6/16/2016 3:55:00 PM,2,0,0,36.178080,-86.745630,FORREST AV,,,,0.00,,,N 14TH ST,,,,0.00,Y,Four-Way, ,Intersection,None,,,         ,Randy,Heinze,Clear,Angle,no,no,no,no,no,False
101267192,METROPOLITAN NASHVILLE POLICE DEPT,20160541077,Davidson,Nashville,6/16/2016 4:31:00 PM,3,0,0,36.116020,-86.789620,I 440,,,,0.00,,,,,,,4.00,N,Not at Intersection, ,Non-Junction,None,,,         ,Charles,Griffin,Clear,Front to Rear,no,no,no,no,no,False
101267195,METROPOLITAN NASHVILLE POLICE DEPT,20160541010,Davidson,Nashville,6/16/2016 4:56:00 PM,2,0,0,36.081390,-86.682160,FRANKLIN LIMESTONE RD,,,,0.00,Feet,East,ANTIOCH PKE,,,,0.00,N,Not at Intersection, ,Non-Junction,None,,,         ,Jessie,Meadows,Clear,Front to Rear,no,no,no,no,no,False
101267209,METROPOLITAN NASHVILLE POLICE DEPT,20160541130,Davidson,Nashville,6/16/2016 4:57:00 PM,2,1,0,36.073090,-86.920660,OLD HICKORY BLVD,,,,15.00,Feet,South,BELLEVUE VALLEY PLAZA PVTDR,,,,0.00,N,Not at Intersection,N,Non-Junction,None,,,         ,Brandon,Pedigo,Clear,HeadOn,no,no,no,no,no,False
101267218,METROPOLITAN NASHVILLE POLICE DEPT,20160541167,Davidson,Nashville,6/16/2016 6:04:00 PM,2,0,0,36.062890,-86.677340,ANTIOCH PKE,,,,912.00,Feet,South,MILL CREEK BLUE HOLE GRNWY,,,,0.00,N,Not at Intersection,N,Non-Junction,None,,,         ,Jessie,Meadows,Clear,Front to Rear,no,no,no,no,no,False
101267219,METROPOLITAN NASHVILLE POLICE DEPT,20160541247,Davidson,Nashville,6/16/2016 4:57:00 PM,1,0,0,36.160020,-86.703130,LEBANON PKE,,,,72.00,Feet,West,QUINN CIR,,,,0.00,N,Not at Intersection,N,Non-Junction,None,,,         ,Bryan,Byrnes,Clear,Not Collision with Motor Vehicle in Transport,no,no,no,no,no,False
101267226,METROPOLITAN NASHVILLE POLICE DEPT,20160540939,Davidson,Nashville,6/16/2016 3:52:00 PM,2,0,0,36.156860,-86.786830,BROADWAY,,,,217.00,Feet,East,12TH AVS,,,,0.00,N,Not at Intersection, ,"Driveway, Alley Access, etc",None,,,         ,Jason,Thomas,Clear,"Sideswipe, Same Direction",no,no,no,no,no,False
101267234,METROPOLITAN NASHVILLE POLICE DEPT,20160541080,Davidson,Nashville,6/16/2016 4:39:00 PM,2,1,0,36.205890,-86.768610,E TRINITY LN,,,,0.00,,,DICKERSON PKE,,,,0.00,Y,Four-Way,N,Intersection,None,,,         ,Joshua,Reece,Clear,HeadOn,no,no,no,no,no,False
101267235,METROPOLITAN NASHVILLE POLICE DEPT,20160541287,Davidson,Nashville,6/16/2016 5:42:00 PM,2,0,0,36.129140,-86.772860,I 65,,,,0.00,,,,,,,81.00,N,Not at Intersection,N,Non-Junction,None,,,         ,Charles,Griffin,Clear,Front to Rear,no,no,no,no,no,False
101267237,METROPOLITAN NASHVILLE POLICE DEPT,20160541067,Davidson,Nashville,6/16/2016 4:19:00 PM,1,0,0,36.108140,-86.793730,GRANNY WHITE PKE,,,,77.00,Feet,South,GRANDVIEW DR,,,,0.00,N,Not at Intersection,N,Non-Junction,None,,,         ,Nicholas,Smith,Clear,Not Collision with Motor Vehicle in Transport,no,no,no,no,no,False
101267241,METROPOLITAN NASHVILLE POLICE DEPT,20160541222,Davidson,Nashville,6/16/2016 5:19:00 PM,2,0,0,36.145200,-86.646030,I 40,,,,0.00,,,,,,,217.15,N,Not at Intersection,N,Non-Junction,None,,,         ,Jaby,Djabbarov,Clear,"Sideswipe, Same Direction",no,no,no,no,yes,False
101267244,METROPOLITAN NASHVILLE POLICE DEPT,20160540989,Davidson,Nashville,6/16/2016 3:07:00 PM,2,0,0,36.142040,-86.711480,I 40,,,,0.00,,,,,,,214.10,N,Not at Intersection,N,Non-Junction,None,,,         ,Thomas,Barnes,Clear,"Sideswipe, Same Direction",no,no,no,no,no,False
101267247,GOODLETTSVILLE POLICE DEPT,16-21504,Davidson,Goodlettsville,6/16/2016 5:30:00 PM,2,0,0,36.318047,-86.700444,CONFERENCE,DR,,,20.00,Feet,North,NORTHCREEK,BLVD,,,0.00,N,Not at Intersection, ,Non-Junction,None,,,         ,Jeremy,Baker,Clear,Front to Rear,no,no,no,no,no,False
101267249,METROPOLITAN NASHVILLE POLICE DEPT,20160541014,Davidson,Nashville,6/16/2016 4:15:00 PM,5,1,0,36.169690,-86.588270,I 40,,,,0.00,,,,,,,221.50,N,Not at Intersection,N,Non-Junction,None,,,         ,Noah,Melton,Clear,"Sideswipe, Same Direction",no,no,no,no,no,False