master_record_number,agency,agency_tracking_number,county,city,collision_date,vehicles_involved,number_injured,number_dead,latitude,longitude,roadway_name,roadway_suffix,roadway_number,roadway_local_id,distance_from_reference,miles-feet_indicator,direction_from_reference,intersection_road_name,intersection_road_name_suffix,intersection_road_number,intersection_local_id,mile_marker,intersection_indicator,intersect_type,interchange_related_indicator,relation_to_junction,work_zone_type,construction_maintenance_zone,construction_maintenance_zone_location,fatal_case_number,officer_first_name,officer_last_name,weather_condition(s),manner_of_crash,pedestrian,bicycle,scooter,parking,hitrun,mou
101269487,METROPOLITAN NASHVILLE POLICE DEPT,20160552881,Davidson,Nashville,6/20/2016 3:38:00 PM,2,0,0,36.158290,-86.771890,HERMITAGE AV,,,,0.00,,,KOREAN VETERANS BLVD,,,,0.00,Y,Four-Way, ,,None,,,         ,Jason,King,,,no,no,no,no,no,False
101269504,METROPOLITAN NASHVILLE POLICE DEPT,2016-0552877,Davidson,Nashville,6/20/2016 3:39:00 PM,2,0,0,36.152240,-86.840910,CHARLOTTE AV,,,,0.00,,,45TH AVN,,,,0.00,Y,T-Intersection,N,Intersection,None,,,         ,Walter,Gray II,Cloudy,Angle,no,no,no,no,no,False
101269513,METROPOLITAN NASHVILLE POLICE DEPT,MM 208 2 I40 E,Davidson,Nashville,6/20/2016 2:12:00 PM,2,1,0,36.167810,-86.795980,I 40,,,,0.00,,,,,,,208.20,N,Not at Intersection,N,Non-Junction,None,,,         ,Zachary,Ronan,Clear,Front to Rear,no,no,no,no,no,False
101269516,METROPOLITAN NASHVILLE POLICE DEPT,20160547105,Davidson,Nashville,6/18/2016 2:36:00 PM,2,0,0,36.205080,-86.761860,E TRINITY LN,,,,0.00,,,,,,,0.00,,, ,Non-Junction,None,,,         ,Christopher,Valdez,Cloudy,Angle,no,no,no,yes,yes,False
101269517,METROPOLITAN NASHVILLE POLICE DEPT,20160553128,Davidson,Nashville,6/20/2016 5:01:00 PM,2,0,0,36.181700,-86.749260,CALVIN AV,,,,0.00,,,GALLATIN AV,,,,0.00,Y,T-Intersection, ,Intersection,None,,,         ,Christopher,Valdez,Cloudy,Angle,no,no,no,no,no,False
101269532,BERRY HILL POLICE DEPT,16-2136,Davidson,Nashville,6/15/2016 4:45:00 PM,2,0,0,36.110780,-86.755290,SIDCO DR,,,,141.00,Feet,South,THOMPSON LN,,,,0.00,N,Not at Intersection, ,Non-Junction,None,,,         ,John,Gleixner,Rain,Angle,no,no,no,no,no,False
101269536,METROPOLITAN NASHVILLE POLICE DEPT,20160544661,Davidson,Nashville,6/17/2016 5:00:00 PM,2,1,0,36.198440,-86.620270,LEBANON PKE,,,,0.00,,,OLD HICKORY BLVD,,,,0.00,Y,Four-Way,N,Intersection,None,,,         ,Noah,Melton,Clear,Front to Rear,no,no,no,no,no,False
101269541,METROPOLITAN NASHVILLE POLICE DEPT,20160552735,Davidson,Goodlettsville,6/20/2016 12:51:00 PM,2,0,0,36.293660,-86.689310,SPRING BRANCH DR,,,,41.00,Feet,West,NANCY BETH LN,,,,0.00,N,Not at Intersection, ,Non-Junction,None,,,         ,Samuel,Miller,Clear,Rear to Side,no,no,no,no,no,False
101269542,METROPOLITAN NASHVILLE POLICE DEPT,20160552989,Davidson,Nashville,6/20/2016 4:16:00 PM,3,0,0,36.148740,-86.822300,I 440,,,,0.00,,,,,,,1.35,N,Not at Intersection,Y,Non-Junction,None,,,         ,Conner,Harris,Clear,Front to Rear,no,no,no,no,no,False
101269543,METROPOLITAN NASHVILLE POLICE DEPT,20160537947,Davidson,Nashville,6/15/2016 5:14:00 PM,2,0,0,36.140120,-86.730840,I 24,,,,0.00,,,,,,,51.55,N,Not at Intersection, ,Non-Junction,None,,,         ,David,Hughes,Clear,Front to Rear,no,no,no,no,no,False
101269544,METROPOLITAN NASHVILLE POLICE DEPT,20160547190,Davidson,Nashville,6/18/2016 3:55:00 PM,2,0,0,36.189130,-86.745530,SHARPE AV,,,,136.00,Feet,East,GALLATIN AV,,,,0.00,N,Not at Intersection, ,Non-Junction,None,,,         ,Micah,Wright,Clear,Angle,no,no,no,no,no,False
101269545,METROPOLITAN NASHVILLE POLICE DEPT,20160552833,Davidson,Nashville,6/20/2016 3:15:00 PM,2,0,0,36.174070,-86.738460,RUSSELL ST,,,,0.00,,,S 18TH ST,,,,0.00,Y,Four-Way,N,Intersection,None,,,         ,Micah,Wright,Clear,Angle,no,no,no,no,yes,False
101269546,METROPOLITAN NASHVILLE POLICE DEPT,20160553299,Davidson,Nashville,6/20/2016 6:09:00 PM,1,1,0,36.203820,-86.737590,LELAND AV,,,,220.00,Feet,East,GALLATIN PKE,,,,0.00,N,Not at Intersection,N,Non-Junction,None,,,         ,Rachael,Sacco,Clear,Not Collision with Motor Vehicle in Transport,no,no,no,no,no,False
101269553,METROPOLITAN NASHVILLE POLICE DEPT,20160553164,Davidson,Nashville,6/20/2016 5:15:00 PM,2,1,0,36.077750,-86.724210,WALLACE RD,,,,461.00,Feet,East,EDMONDSON PKE,,,,0.00,N,Not at Intersection,N,Non-Junction,None,,,         ,David,Hughes,Clear,Angle,no,no,no,no,no,False
101269556,BERRY HILL POLICE DEPT,16-2156,Davidson,Berry Hill,6/16/2016 7:15:00 PM,2,0,0,36.121370,-86.775450,FRANKLIN PKE,,,,0.00,,,KIRKWOOD AV,,,,0.00,Y,Four-Way, ,Intersection,None,,,         ,John,Gleixner,Clear,Angle,no,no,no,no,no,False
101269563,BERRY HILL POLICE DEPT,16-2172,Davidson,Berry Hill,6/17/2016 4:45:00 PM,2,0,0,36.119300,-86.767040,I 440,,,,0.00,,,,,,,5.35,N,Not at Intersection, ,Non-Junction,None,,,         ,John,Gleixner,Clear,Front to Rear,no,no,no,no,no,False
101269589,METROPOLITAN NASHVILLE POLICE DEPT,20160553394,Davidson,Nashville,6/20/2016 6:40:00 PM,2,0,0,36.153900,-86.625640,STEWARTS FERRY PKE,,,,0.00,,,PERCY PRIEST DR,,,,0.00,Y,Four-Way,Y,Intersection,None,,,         ,Reuben,Hewit,Clear,Angle,no,no,no,no,no,False
101269591,METROPOLITAN NASHVILLE POLICE DEPT,20160553401,Davidson,Nashville,6/20/2016 6:45:00 PM,2,1,0,36.249390,-86.719410,E PALESTINE AV,,,,0.00,,,GALLATIN PKES,,,,0.00,Y,Four-Way,N,Intersection,None,,,         ,Christopher,Littles,Clear,Front to Rear,no,no,no,no,no,False
101269593,METROPOLITAN NASHVILLE POLICE DEPT,20160549598,Davidson,Nashville,6/20/2016 12:00:00 AM,2,0,0,36.151800,-86.771250,LAFAYETTE ST,,,,0.00,,,4TH AVS,,,,0.00,Y,Four-Way, ,,None,,,         ,Christian,Martin,,,no,no,no,no,no,False
101269597,METROPOLITAN NASHVILLE POLICE DEPT,20160553425,Davidson,Nashville,6/20/2016 6:50:00 PM,2,0,0,36.193380,-86.753290,DOUGLAS AV,,,,0.00,,,ELLINGTON PKWY S EXT RAMP,,,,0.00,Y,T-Intersection, ,,None,,,         ,Charles,Wakefield,,,no,no,no,no,no,False
101269625,METROPOLITAN NASHVILLE POLICE DEPT,20160553596,Davidson,Nashville,6/20/2016 7:58:00 PM,2,0,0,36.044960,-86.665090,BELL RD,,,,518.00,Feet,North,CEDAR POINTE PKWY,,,,0.00,N,Not at Intersection, ,Non-Junction,None,,,         ,Joseph,Progar,Clear,Angle,no,no,no,no,no,False
101269626,METROPOLITAN NASHVILLE POLICE DEPT,20160553485,Davidson,Nashville,6/20/2016 7:15:00 PM,2,0,0,36.079740,-86.703780,WILLARD DR,,,,15.00,Feet,South,WALLACE RD,,,,0.00,N,Not at Intersection, ,Non-Junction,None,,,         ,Oscar,Gomez,Clear,Front to Rear,no,no,no,no,no,False
101269627,METROPOLITAN NASHVILLE POLICE DEPT,20160553494,Davidson,Nashville,6/20/2016 6:17:00 PM,2,0,0,36.045210,-86.703640,CEDARMONT DR,,,,79.00,Feet,South,OLD HICKORY BLVD,,,,0.00,N,Not at Intersection, ,Non-Junction,None,,,         ,David,Hughes,Clear,Rear to Side,no,no,no,no,yes,False
101269633,METROPOLITAN NASHVILLE POLICE DEPT,20160544342,Davidson,Nashville,6/17/2016 4:52:00 PM,1,0,0,36.181980,-86.808430,14TH AVN,,,,713.00,Feet,North,BUCHANAN ST,,,,0.00,N,Not at Intersection, ,Non-Junction,None,,,         ,Brian,Theriac,Clear,Not Collision with Motor Vehicle in Transport,no,no,no,no,no,False
101269656,METROPOLITAN NASHVILLE POLICE DEPT,20160550077,Davidson,Nashville,6/19/2016 6:59:00 PM,2,0,0,36.079050,-86.708230,WALLACE RD,,,,11.00,Feet,East,TURLEY DR,,,,0.00,N,Not at Intersection,Y,Non-Junction,None,,,         ,Nakia,Reid,Clear,Not Collision with Motor Vehicle in Transport,no,no,no,no,no,False
101269693,METROPOLITAN NASHVILLE POLICE DEPT,20160537884,Davidson,Not in City Limit,6/15/2016 4:47:00 PM,2,0,0,36.269420,-86.736570,I 65,,,,0.00,,,,,,,92.60,N,Not at Intersection, ,Non-Junction,None,,,         ,Samuel,Miller,Cloudy,Front to Rear,no,no,no,no,no,False
101269694,METROPOLITAN NASHVILLE POLICE DEPT,20160553029,Davidson,Not in City Limit,6/20/2016 4:27:00 PM,2,0,0,36.275230,-86.735380,I 65,,,,0.00,,,,,,,93.00,N,Not at Intersection, ,Non-Junction,None,,,         ,Samuel,Miller,Clear,Front to Rear,no,no,no,no,no,False
101269700,METROPOLITAN NASHVILLE POLICE DEPT,20160544058,Davidson,Nashville,6/17/2016 3:00:00 PM,2,0,0,36.157480,-86.635890,STEWARTS FERRY PKE,,,,0.00,,,MCCRORY CREEK RD,,,,0.00,Y,T-Intersection,Y,Intersection,None,,,         ,Brent,Hedgcoth,Clear,Angle,no,no,no,no,no,False
101269701,METROPOLITAN NASHVILLE POLICE DEPT,20160544561,Davidson,Nashville,6/17/2016 6:00:00 PM,2,0,0,36.153820,-86.762900,I 40,,,,0.00,,,,,,,210.80,N,Not at Intersection,N,Non-Junction,None,,,         ,Brent,Hedgcoth,Clear,Front to Rear,no,no,no,no,no,False
101269702,METROPOLITAN NASHVILLE POLICE DEPT,20160545205,Davidson,Nashville,6/17/2016 9:25:00 PM,3,2,0,36.225100,-86.694650,BRILEY PKWYN,,,,299.00,Feet,North,BRILEY PKWYS,,,,0.00,N,Not at Intersection,N,Non-Junction,Work Zone,Laneclosure,Activity Area,         ,Brent,Hedgcoth,Clear,Front to Rear,no,no,no,no,no,False
101269703,METROPOLITAN NASHVILLE POLICE DEPT,20160548067,Davidson,Nashville,6/18/2016 9:40:00 PM,2,0,0,36.195690,-86.619310,OLD HICKORY BLVD,,,,0.00,,,OLD HICKORY BLVD PVTDR,,,,0.00,Y,Four-Way,N,Intersection,None,,,         ,Brent,Hedgcoth,Clear,Angle,no,no,no,no,yes,False
101269704,METROPOLITAN NASHVILLE POLICE DEPT,20160547479,Davidson,Nashville,6/18/2016 6:00:00 PM,2,1,0,36.217030,-86.701130,OPRY MILLS DR,,,,200.00,Feet,South,MCGAVOCK PKE,,,,0.00,N,Not at Intersection,N,Non-Junction,None,,,         ,Brent,Hedgcoth,Clear,HeadOn,no,no,no,no,no,False
101269705,METROPOLITAN NASHVILLE POLICE DEPT,20160547614,Davidson,Nashville,6/18/2016 7:17:00 PM,1,1,0,36.157370,-86.779710,DEMONBREUN ST,,,,0.00,,,7TH AVS,,,,0.00,Y,OTHER,N,OtherLocation,None,,,         ,Michael,Osuna,Clear,Not Collision with Motor Vehicle in Transport,yes,no,no,yes,no,False
101269712,METROPOLITAN NASHVILLE POLICE DEPT,2016-0542661,Davidson,Nashville,6/17/2016 4:30:00 AM,2,1,0,36.149120,-86.775460,I 40,,,,0.00,,,,,,,210.10,N,Not at Intersection,N,Non-Junction,None,,,         ,Steven,Wiser,Clear,"Sideswipe, Same Direction",no,no,no,no,yes,False
101269721,METROPOLITAN NASHVILLE POLICE DEPT,20160552753,Davidson,Nashville,6/20/2016 1:56:00 PM,2,0,0,36.144560,-86.739340,I 40,,,,0.00,,,,,,,212.35,N,Not at Intersection, ,,None,,,         ,Bryan,Byrnes,,,no,no,no,no,no,False
101269722,METROPOLITAN NASHVILLE POLICE DEPT,20160554052,Davidson,Nashville,6/20/2016 8:00:00 PM,2,0,0,36.046290,-86.674080,BLUE HOLE RD,,,,217.00,Feet,North,BELL RD,,,,0.00,N,Not at Intersection, ,Non-Junction,None,,,         ,Autumn,Manning,Clear,Angle,no,no,no,no,yes,False
101269737,METROPOLITAN NASHVILLE POLICE DEPT,20160548327,Davidson,Nashville,6/19/2016 12:00:00 AM,2,0,0,36.153100,-86.780980,CANNERY ROW,,,,581.00,Feet,West,8TH AVS,,,,0.00,N,Not at Intersection, ,Non-Junction,None,,,         ,John,Anderson,Clear,Other,no,no,no,yes,yes,False
101269767,METROPOLITAN NASHVILLE POLICE DEPT,20160554460,Davidson,Nashville,6/21/2016 2:10:00 AM,1,1,0,36.057720,-86.773880,I 65,,,,0.00,,,,,,,75.10,N,Not at Intersection,N,Non-Junction,None,,,         ,Joshua,Dickall,Clear,Not Collision with Motor Vehicle in Transport,no,no,no,no,no,False
101269778,METROPOLITAN NASHVILLE POLICE DEPT,20160554622,Davidson,Nashville,6/21/2016 4:09:00 AM,1,0,0,36.235340,-86.785290,I24 W EXT RAMP,,,,0.00,,,,,,,0.00,,,N,Entrance/Exit Ramp Related,None,,,         ,Patrick,McGinnis,Clear,Not Collision with Motor Vehicle in Transport,no,no,no,no,no,False
101269801,METROPOLITAN NASHVILLE POLICE DEPT,20160545995,Davidson,Nashville,6/18/2016 3:30:00 AM,1,0,0,36.189500,-86.815340,24TH AVN,,,,360.00,Feet,West,DOWLAN ST,,,,0.00,N,Not at Intersection, ,Non-Junction,None,,,         ,Nicholas,Carter,Clear,Not Collision with Motor Vehicle in Transport,no,no,no,no,no,False
101269819,METROPOLITAN NASHVILLE POLICE DEPT,20160554869,Davidson,Nashville,6/21/2016 6:20:00 AM,2,0,0,36.086780,-86.697540,HARDING PL,,,,100.00,Feet,East,I24 W ENT RAMP,,,,0.00,N,Not at Intersection, ,Non-Junction,None,,,         ,William,Coy,Clear,"Sideswipe, Same Direction",no,no,no,no,no,False
101269820,METROPOLITAN NASHVILLE POLICE DEPT,20160554870,Davidson,Nashville,6/21/2016 6:28:00 AM,1,0,0,36.114980,-86.740420,WHITSETT RD,,,,412.00,Feet,West,STERLING BOONE DR,,,,0.00,N,Not at Intersection,N,Non-Junction,None,,,         ,Ethan,Luffman,Clear,Unknown,no,no,no,no,yes,False
101269844,METROPOLITAN NASHVILLE POLICE DEPT,2016-0554996,Davidson,Nashville,6/21/2016 7:40:00 AM,2,0,0,36.047920,-86.864950,OLD HICKORY BLVD,,,,425.00,Feet,East,CHICKERING WOOD DR,,,,0.00,N,Not at Intersection,N,Non-Junction,None,,,         ,Curtis,Rich,Cloudy,Front to Rear,no,no,no,no,no,False
101269846,METROPOLITAN NASHVILLE POLICE DEPT,20160552707,Davidson,Nashville,6/20/2016 2:30:00 PM,2,0,0,36.164630,-86.651150,STEWARTS FERRY PKE,,,,0.00,,,MCCAMPBELL AV,,,,0.00,Y,T-Intersection, ,,None,,,         ,James,Curtis,,,no,no,no,no,no,False
101269847,METROPOLITAN NASHVILLE POLICE DEPT,20160555052,Davidson,Nashville,6/21/2016 7:56:00 AM,2,0,0,36.195310,-86.776150,I 65,,,,0.00,,,,,,,86.55,N,Not at Intersection, ,Non-Junction,None,,,         ,Michael,McCord,Clear,Front to Rear,no,no,no,no,no,False
101269853,METROPOLITAN NASHVILLE POLICE DEPT,2016-0555084,Davidson,Nashville,6/21/2016 7:55:00 AM,2,0,0,36.047920,-86.864950,OLD HICKORY BLVD,,,,425.00,Feet,East,CHICKERING WOOD DR,,,,0.00,N,Not at Intersection, ,Non-Junction,None,,,         ,Curtis,Rich,Cloudy,Front to Rear,no,no,no,no,no,False
101269855,METROPOLITAN NASHVILLE POLICE DEPT,20160555011,Davidson,Nashville,6/21/2016 7:35:00 AM,2,0,0,36.152820,-86.822820,I 440,,,,0.00,,,,,,,0.65,N,Not at Intersection, ,Non-Junction,None,,,         ,Brian,Myatt,Clear,Front to Rear,no,no,no,no,no,False
101269863,THP District 9 - Administrative,316035234,Davidson,Nashville,6/20/2016 8:00:00 AM,2,2,0,36.167150,-86.779610,JAMES ROBERTSON PKWY,,,,0.00,Feet,,3RD AVN,,,,0.00,Y,T-Intersection,N,Intersection-Related,None,,,         ,Brian,Carmouche,Clear,Front to Rear,no,no,no,no,no,False
101269869,METROPOLITAN NASHVILLE POLICE DEPT,20160554998,Davidson,Nashville,6/21/2016 7:10:00 AM,3,0,0,36.124410,-86.737170,I 440,,,,0.00,,,,,,,7.00,N,Not at Intersection,N,Non-Junction,None,,,         ,Todd,Watson,Clear,Front to Rear,no,no,no,no,yes,False
101269872,METROPOLITAN NASHVILLE POLICE DEPT,2016-0555042,Davidson,Nashville,6/21/2016 7:35:00 AM,2,0,0,36.167450,-86.765480,I 24,,,,0.00,,,,,,,48.90,N,Not at Intersection,N,Non-Junction,None,,,         ,Paul,Sorace,Clear,Front to Rear,no,no,no,no,no,False
101269873,VANDERBILT UNIVERSITY POLICE,16-0552625,Davidson,Nashville,6/20/2016 1:30:00 PM,2,0,0,36.140080,-86.805150,PIERCE AV,,,,0.00,,,24TH AVS,,,,0.00,Y,OTHER, ,Non-Junction,None,,,         ,Kristen,Clark,Clear,"Sideswipe, Same Direction",no,no,no,yes,no,Campus
101269874,METROPOLITAN NASHVILLE POLICE DEPT,20160555255,Davidson,Nashville,6/21/2016 8:55:00 AM,2,0,0,36.152240,-86.625070,BELL RD,,,,0.00,,,BLACKWOOD DR,,,,0.00,Y,Four-Way, ,Intersection,None,,,         ,James,Curtis,Clear,"Sideswipe, Same Direction",no,no,no,no,no,False
101269879,METROPOLITAN NASHVILLE POLICE DEPT,20160552428,Davidson,Nashville,6/20/2016 12:53:00 PM,2,2,0,36.229380,-86.759280,DICKERSON PKE,,,,0.00,,,EWING DR,,,,0.00,Y,Four-Way,N,Intersection-Related,None,,,         ,Alex,Moore,Clear,Front to Rear,no,no,no,no,no,False
101269890,METROPOLITAN NASHVILLE POLICE DEPT,2016-0555248,Davidson,Nashville,6/21/2016 9:33:00 AM,2,0,0,36.153270,-86.842980,ALABAMA AV,,,,163.00,Feet,East,47TH AVN,,,,0.00,N,Not at Intersection, ,,None,,,         ,Curtis,Rich,,,no,no,no,no,no,False
101269891,GOODLETTSVILLE POLICE DEPT,16-21976,Davidson,Goodlettsville,6/21/2016 6:24:00 AM,2,0,0,36.309514,-86.695763,VIETNAM VETERANS BLVD,,SR386,,1200.00,Feet,West,CONFERENCE DR.,,,,0.00,N,Not at Intersection, ,Non-Junction,None,,,         ,John,Spencer,Clear,Front to Rear,no,no,no,no,no,False
101269897,METROPOLITAN NASHVILLE POLICE DEPT,20160555254,Davidson,Nashville,6/21/2016 8:50:00 AM,2,0,0,36.176350,-86.766040,ELLINGTON PKWYS,,,,130.00,Feet,North,SPRING ST ENT RAMP,,,,0.00,N,Not at Intersection,N,Non-Junction,None,,,         ,Jeremy,Stricklin,Clear,Front to Rear,no,no,no,no,yes,False
101269902,METROPOLITAN NASHVILLE POLICE DEPT,20160552634,Davidson,Nashville,6/20/2016 2:05:00 PM,2,0,0,36.149290,-86.781890,I 40,,,,0.00,,,,,,,209.70,N,Not at Intersection, ,Non-Junction,None,,,         ,Shawn,Taylor,Clear,"Sideswipe, Same Direction",no,no,no,no,no,False
101269908,METROPOLITAN NASHVILLE POLICE DEPT,20160555453,Davidson,Not in City Limit,6/21/2016 9:00:00 AM,2,0,0,36.258600,-86.714770,MADISON ST,,,,167.00,Feet,West,DUVAL CT,,,,0.00,N,Not at Intersection,N,Non-Junction,None,,,         ,Brian,Otto,Clear,"Sideswipe, Same Direction",no,no,no,no,yes,False
101269910,METROPOLITAN NASHVILLE POLICE DEPT,20160555349,Davidson,Nashville,6/21/2016 9:18:00 AM,2,0,0,36.066970,-86.687130,I 24,,,,0.00,,,,,,,57.20,N,Not at Intersection, ,Non-Junction,None,,,         ,Kenneth,Alexandrow,Clear,Front to Rear,no,no,no,no,yes,False
101269914,METROPOLITAN NASHVILLE POLICE DEPT,20160555355,Davidson,Nashville,6/21/2016 9:00:00 AM,2,0,0,36.207750,-86.777770,BRICK CHURCH PKE,,,,70.00,Feet,South,I65 S EXT RAMP,,,,0.00,N,Not at Intersection,N,Non-Junction,None,,,         ,Brandon,Evans,Clear,Other,no,no,no,no,no,False
101269920,METROPOLITAN NASHVILLE POLICE DEPT,2016-0554881,Davidson,Nashville,6/21/2016 6:41:00 AM,2,1,0,36.236470,-86.785670,I 24,,,,0.00,,,,,,,43.65,N,Not at Intersection,N,Non-Junction,None,,,         ,Arthur,Hipp,Clear,"Sideswipe, Same Direction",yes,no,no,no,no,False
101269921,METROPOLITAN NASHVILLE POLICE DEPT,20160555281,Davidson,Nashville,6/21/2016 8:55:00 AM,2,0,0,36.149670,-86.769810,4TH AVS,,,,0.00,,,MCCANN ST,,,,0.00,Y,OTHER,N,Intersection,None,,,         ,Justin,Pinkelton,Clear,"Sideswipe, Same Direction",no,no,no,no,no,False
101269938,METROPOLITAN NASHVILLE POLICE DEPT,20160555548,Davidson,Nashville,6/21/2016 9:51:00 AM,2,0,0,36.134260,-86.777910,WEDGEWOOD AV,,,,350.00,Feet,East,8TH AVS,,,,0.00,N,Not at Intersection,N,Non-Junction,None,,,         ,Timothy,Miller,Clear,"Sideswipe, Same Direction",no,no,no,no,yes,False
101269945,METROPOLITAN NASHVILLE POLICE DEPT,20160555549,Davidson,Nashville,6/21/2016 10:11:00 AM,2,0,0,36.098090,-86.809660,OVERHILL DR,,,,0.00,,,LONE OAK RD,,,,0.00,Y,T-Intersection,Y,Intersection,None,,,         ,Justin,Fox,Cloudy,"Sideswipe, Opposite Direction",no,no,no,no,no,False
101269948,METROPOLITAN NASHVILLE POLICE DEPT,20160555035,Davidson,Nashville,6/21/2016 7:25:00 AM,2,0,0,36.082670,-86.710490,TAMPA DR,,,,0.00,Feet,,HARDING PL,,,,0.00,Y,Four-Way,N,Intersection,None,,,         ,James,Thomas,Clear,Angle,no,no,no,no,no,False
101269949,METROPOLITAN NASHVILLE POLICE DEPT,20160555348,Davidson,Nashville,6/21/2016 8:20:00 AM,2,0,0,36.110910,-86.744770,THOMPSON LN,,,,133.00,Feet,East,NOLENSVILLE PKE,,,,0.00,N,Not at Intersection,N,Non-Junction,None,,,         ,James,Thomas,Clear,Front to Rear,no,no,no,no,yes,False
101269958,METROPOLITAN NASHVILLE POLICE DEPT,20160555546,Davidson,Nashville,6/21/2016 10:27:00 AM,2,0,0,36.105690,-86.818800,HILLSBORO CIR,,,,326.00,Feet,South,CLEGHORN AV,,,,0.00,N,Not at Intersection, ,,None,,,         ,Michael,Pyle,,,no,no,no,yes,no,False
101269966,METROPOLITAN NASHVILLE POLICE DEPT,20160552033,Davidson,Nashville,6/20/2016 11:07:00 AM,2,0,0,36.222640,-86.760910,DICKERSON PKE,,,,0.00,,,,,,,0.00,,,N,Non-Junction,None,,,         ,Martin,Gonzalez,Clear,Front to Rear,no,no,no,yes,yes,False
101269981,METROPOLITAN NASHVILLE POLICE DEPT,2016-0555713,Davidson,Nashville,6/21/2016 11:21:00 AM,2,0,0,36.125350,-86.847130,HARDING PKE,,,,200.00,Feet,East,WHITE BRIDGE PKE,,,,0.00,N,Not at Intersection, ,Non-Junction,None,,,         ,Walter,Gray II,Clear,"Sideswipe, Same Direction",no,no,no,no,no,False
101269993,METROPOLITAN NASHVILLE POLICE DEPT,20160546786,Davidson,Not in City Limit,6/18/2016 12:23:00 PM,1,0,0,36.263440,-86.675460,STATE RT 45,,,,0.00,,,OLD HICKORY BLVD,,,,0.00,Y,OTHER,N,Non-Junction,None,,,         ,Eric,Richardson,Clear,Not Collision with Motor Vehicle in Transport,no,no,no,no,yes,False
101269996,METROPOLITAN NASHVILLE POLICE DEPT,20160546759,Davidson,Not in City Limit,6/18/2016 12:00:00 AM,2,0,0,36.269570,-86.693550,ROOSEVELT AV,,,,0.00,,,NIX DR,,,,0.00,Y,Four-Way,N,Intersection,None,,,         ,Coleman,McKellar,Clear,Angle,no,no,no,no,yes,False
101269999,METROPOLITAN NASHVILLE POLICE DEPT,2016-0555269,Davidson,Nashville,6/21/2016 8:50:00 AM,3,0,0,36.225960,-86.777490,I65 S ENT RAMP,,,,0.00,Feet,East,I 65,,,,0.00,N,Not at Intersection,N,Non-Junction,None,,,         ,William,Caillouette,Clear,Front to Rear,no,no,no,no,no,False
101270003,METROPOLITAN NASHVILLE POLICE DEPT,2016-0555974,Davidson,Nashville,6/21/2016 1:00:00 PM,2,0,0,36.154110,-86.836940,I 40,,,,0.00,,,,,,,205.10,N,Not at Intersection, ,,None,,,         ,Curtis,Rich,,,no,no,no,no,no,False
101270004,METROPOLITAN NASHVILLE POLICE DEPT,20160555884,Davidson,Nashville,6/21/2016 12:20:00 PM,2,0,0,36.163050,-86.778600,4TH AVN,,,,257.00,Feet,South,CHURCH ST,,,,0.00,N,Not at Intersection, ,"Driveway, Alley Access, etc",None,,,         ,Shawn,Taylor,Clear,"Sideswipe, Same Direction",no,no,no,no,no,False
101270028,METROPOLITAN NASHVILLE POLICE DEPT,20160546298,Davidson,Nashville,6/18/2016 8:00:00 AM,2,0,0,36.144080,-86.691560,I 40,,,,0.00,,,,,,,215.20,N,Not at Intersection,N,Non-Junction,None,,,         ,William,Walls,Clear,Other,no,no,no,no,no,False
101270031,METROPOLITAN NASHVILLE POLICE DEPT,20160549970,Davidson,Nashville,6/19/2016 6:06:00 PM,1,0,0,36.179920,-86.605930,OLD HICKORY BLVD,,,,479.00,Feet,North,I40 W ENT RAMP,,,,0.00,N,Not at Intersection, ,Non-Junction,None,,,         ,Dontaveous,Eubanks,Clear,Not Collision with Motor Vehicle in Transport,no,no,no,yes,no,False
101270034,METROPOLITAN NASHVILLE POLICE DEPT,20160544495,Davidson,Nashville,6/17/2016 4:45:00 PM,2,0,0,36.113800,-86.733250,DRUID DR,,,,117.00,Feet,West,HARTFORD DR,,,,0.00,N,Not at Intersection, ,Non-Junction,None,,,         ,Jarret,Sonnenberg,Clear,Rear to Side,no,no,no,no,no,False
101270040,METROPOLITAN NASHVILLE POLICE DEPT,20160547881,Davidson,Nashville,6/18/2016 8:35:00 PM,2,0,0,36.184210,-86.798060,ROSA L PARKS BLVD,,,,19.00,Feet,South,I65 N ENT RAMP,,,,0.00,N,Not at Intersection, ,Non-Junction,None,,,         ,Jessica,Johnson,Clear,Angle,no,no,no,no,no,False
101270042,METROPOLITAN NASHVILLE POLICE DEPT,20160555869,Davidson,Nashville,6/21/2016 11:00:00 AM,2,0,0,36.208940,-86.777910,BRICK CHURCH PKE,,,,103.00,Feet,South,AVONDALE CIR,,,,0.00,N,Not at Intersection, ,Non-Junction,None,,,         ,Kevin,Reynolds,Clear,Rear to Rear,no,no,no,yes,no,False
101270053,METROPOLITAN NASHVILLE POLICE DEPT,2016-0555809,Davidson,Nashville,6/21/2016 12:06:00 PM,3,1,0,36.082100,-86.761700,HARDING PL,,,,0.00,,,SIDCO DR,,,,0.00,Y,Four-Way,N,Intersection,None,,,         ,Emily,Davies,Clear,Angle,no,no,no,no,no,False
101270054,METROPOLITAN NASHVILLE POLICE DEPT,2016-0556000,Davidson,Nashville,6/21/2016 10:17:00 AM,2,0,0,36.147920,-86.815720,29TH AVN,,,,160.00,Feet,East,31ST AVN,,,,0.00,N,Not at Intersection, ,Non-Junction,None,,,         ,Justin,Fox,Cloudy,Front to Rear,no,no,no,no,no,False