master_record_number,agency,agency_tracking_number,county,city,collision_date,vehicles_involved,number_injured,number_dead,latitude,longitude,roadway_name,roadway_suffix,roadway_number,roadway_local_id,distance_from_reference,miles-feet_indicator,direction_from_reference,intersection_road_name,intersection_road_name_suffix,intersection_road_number,intersection_local_id,mile_marker,intersection_indicator,intersect_type,interchange_related_indicator,relation_to_junction,work_zone_type,construction_maintenance_zone,construction_maintenance_zone_location,fatal_case_number,officer_first_name,officer_last_name,weather_condition(s),manner_of_crash,pedestrian,bicycle,scooter,parking,hitrun,mou
101273195,METROPOLITAN NASHVILLE POLICE DEPT,20160572546,Davidson,Nashville,6/26/2016 3:14:00 AM,2,0,0,0.000000,0.000000,4652 NOLENSVILLE PIKE,,,,1.00,Feet,North,4652 NOLENSVILLE PIKE,,,,0.00,N,Not at Intersection,N,Non-Junction,None,,,         ,Caleb,Jernigan,Clear,Rear to Rear,no,no,no,yes,no,False
101273198,METROPOLITAN NASHVILLE POLICE DEPT,20160570715,Davidson,Antioch,6/25/2016 2:10:00 PM,2,0,0,36.014600,-86.619740,I24 W EXT RAMP,,,,0.00,,,I 24,,,,0.00,Y,T-Intersection, ,,None,,,         ,Steven,Snitzer,,,no,no,no,no,no,False
101273199,METROPOLITAN NASHVILLE POLICE DEPT,20160570558,Davidson,Nashville,6/25/2016 12:00:00 AM,2,0,0,36.171390,-86.807430,DR D B TODD JR BLVD,,,,0.00,,,HEIMAN ST,,,,0.00,Y,Four-Way,N,Non-Junction,None,,,         ,Nicholas,MacDougall,Clear,"Sideswipe, Opposite Direction",no,no,no,no,no,False
101273201,METROPOLITAN NASHVILLE POLICE DEPT,20160572735,Davidson,Nashville,6/26/2016 6:28:00 AM,1,0,0,36.140090,-86.728070,I 24,,,,0.00,,,,,,,51.50,N,Not at Intersection,N,Entrance/Exit Ramp Related,None,,,         ,MIchael,Mihajlov,Clear,Not Collision with Motor Vehicle in Transport,no,no,no,no,no,False
101273224,METROPOLITAN NASHVILLE POLICE DEPT,20160572831,Davidson,Nashville,6/26/2016 5:56:00 AM,2,0,0,36.153050,-86.761860,CHARLES E DAVIS BLVD,,,,37.00,Feet,South,GREEN ST,,,,0.00,N,Not at Intersection,N,Non-Junction,None,,,         ,Richard,Hyatt,Clear,Angle,no,no,no,no,yes,False
101273235,METROPOLITAN NASHVILLE POLICE DEPT,20160570603,Davidson,Nashville,6/25/2016 12:10:00 PM,2,0,0,36.107840,-86.922380,OLD HICKORY BLVD,,,,0.00,,,ROCKY LN,,,,0.00,Y,T-Intersection,N,Non-Junction,None,,,         ,Cody,Jaworski,Clear,Angle,no,no,no,no,no,False
101273260,METROPOLITAN NASHVILLE POLICE DEPT,20160570642,Davidson,Nashville,6/25/2016 12:40:00 PM,2,0,0,36.132750,-86.726750,I 24,,,,0.00,,,,,,,52.00,N,Not at Intersection,N,Non-Junction,None,,,         ,David,Smith,Clear,Front to Rear,no,no,no,no,no,False
101273262,METROPOLITAN NASHVILLE POLICE DEPT,2016-0570745,Davidson,Nashville,6/25/2016 2:17:00 PM,3,1,0,36.132630,-86.727160,I 24,,,,0.00,,,,,,,52.00,N,Not at Intersection,Y,Entrance/Exit Ramp Related,None,,,         ,Paul,Ellis,Clear,Front to Rear,no,no,no,no,no,False
101273274,METROPOLITAN NASHVILLE POLICE DEPT,20160572811,Davidson,Nashville,6/26/2016 7:39:00 AM,1,1,0,36.046620,-86.678350,BELL RD,,,,325.00,Feet,East,BRITTANY PARK DR,,,,0.00,N,Not at Intersection,N,Non-Junction,None,,,         ,Paul,Ellis,Clear,Not Collision with Motor Vehicle in Transport,no,no,no,no,yes,False
101273290,METROPOLITAN NASHVILLE POLICE DEPT,20160573157,Davidson,Nashville,6/26/2016 10:35:00 AM,1,0,0,36.166500,-86.761620,S 5TH ST,,,,0.00,,,SYLVAN ST,,,,0.00,Y,OTHER, ,Non-Junction,None,,,         ,Tony,Folad,Clear,Not Collision with Motor Vehicle in Transport,no,no,no,yes,no,False
101273292,METROPOLITAN NASHVILLE POLICE DEPT,20160573159,Davidson,Nashville,6/26/2016 10:43:00 AM,2,1,0,36.045430,-86.703610,OLD HICKORY BLVD,,,,0.00,,,EULALA DR,,,,0.00,Y,Four-Way,N,Intersection,None,,,         ,Jason,Dudley,Clear,Angle,no,no,no,no,no,False
101273325,METROPOLITAN NASHVILLE POLICE DEPT,20160573324,Davidson,Nashville,6/26/2016 12:00:00 PM,2,0,0,36.134120,-86.889530,CHARLOTTE PKE,,,,194.00,Feet,East,HILLWOOD PRIVATE CV,,,,0.00,N,Not at Intersection,N,Non-Junction,None,,,         ,Michael,Phelps,Clear,Front to Rear,no,no,no,no,yes,False
101273348,METROPOLITAN NASHVILLE POLICE DEPT,20160573312,Davidson,Nashville,6/26/2016 12:06:00 PM,1,5,0,36.072330,-86.598340,DOVE CREEK RD,,,,730.00,Feet,South,RIGGER CT,,,,0.00,N,Not at Intersection,N,Non-Junction,None,,,         ,MIchael,Mihajlov,Clear,Not Collision with Motor Vehicle in Transport,no,no,no,no,no,False
101273351,METROPOLITAN NASHVILLE POLICE DEPT,20160572753,Davidson,Madison,6/26/2016 6:50:00 AM,2,0,0,0.000000,0.000000,OLD DUE WEST,,US31,,0.10,Feet,East,,,,,0.10,N,Not at Intersection,N,Non-Junction,None,,,         ,Faye,Denson,Clear,Angle,no,no,no,no,yes,False
101273358,METROPOLITAN NASHVILLE POLICE DEPT,20160573382,Davidson,Nashville,6/26/2016 12:00:00 AM,2,0,0,36.156000,-86.798260,18TH AVN,,,,0.00,,,STATE ST,,,,0.00,Y,OTHER,N,OtherLocation,None,,,         ,Citlaly,Juarez,Clear,"Sideswipe, Same Direction",no,no,no,no,yes,False
101273359,METROPOLITAN NASHVILLE POLICE DEPT,20160573252,Davidson,Nashville,6/26/2016 11:35:00 AM,2,0,0,36.130290,-86.899940,CHARLOTTE PKE,,,,0.00,,,I40 W EXT RAMP,,,,0.00,Y,T-Intersection,N,Non-Junction,None,,,         ,Cody,Jaworski,Clear,Angle,no,no,no,no,no,False
101273361,METROPOLITAN NASHVILLE POLICE DEPT,2016-0573344,Davidson,Nashville,6/26/2016 12:22:00 PM,2,1,0,36.074030,-86.923240,HIGHWAY 70S,,,,16.00,Feet,East,OLD HARDING PKE RAMP,,,,0.00,N,Not at Intersection,N,Non-Junction,None,,,         ,Douglas,Atwood,Clear,Angle,no,no,no,no,no,False
101273367,METROPOLITAN NASHVILLE POLICE DEPT,20160573349,Davidson,Nashville,6/26/2016 12:18:00 PM,2,0,0,36.206620,-86.777900,BRICK CHURCH PKE,,,,0.00,,,W TRINITY LN,,,,0.00,Y,Four-Way,N,Non-Junction,None,,,         ,James,Wray,Clear,Front to Rear,no,no,no,no,yes,False
101273369,METROPOLITAN NASHVILLE POLICE DEPT,20160570534,Davidson,Nashville,6/25/2016 11:20:00 AM,3,1,0,36.173580,-86.790050,JEFFERSON ST,,,,12.00,Feet,East,7TH AVN,,,,0.00,N,Not at Intersection,N,Non-Junction,None,,,         ,Timothy,Powell,Clear,Front to Rear,no,no,no,no,no,False
101273370,METROPOLITAN NASHVILLE POLICE DEPT,20160573506,Davidson,Nashville,6/26/2016 2:00:00 PM,2,0,0,36.073870,-86.922870,OLD HARDING PKE,,,,121.00,Feet,East,OLD HARDING PKE RAMP,,,,0.00,N,Not at Intersection, ,,None,,,         ,Douglas,Atwood,,,no,no,no,yes,no,False
101273389,METROPOLITAN NASHVILLE POLICE DEPT,20160573481,Davidson,Nashville,6/26/2016 1:45:00 PM,2,0,0,36.039130,-86.782350,OLD HICKORY BLVD,,,,84.00,Feet,East,I65 N EXT RAMP,,,,0.00,N,Not at Intersection, ,Non-Junction,None,,,         ,Brent,Bauer,Clear,Front to Rear,no,no,no,no,no,False
101273462,METROPOLITAN NASHVILLE POLICE DEPT,20160573698,Davidson,Not in City Limit,6/26/2016 4:06:00 PM,1,0,0,36.273530,-86.709730,PIERCE RD,,,,44.00,Feet,North,ANDERSON LN,,,,0.00,N,Not at Intersection,N,Non-Junction,None,,,         ,Jordan,Lowry,Clear,Not Collision with Motor Vehicle in Transport,no,no,no,no,no,False
101273468,METROPOLITAN NASHVILLE POLICE DEPT,20160573647,Davidson,Nashville,6/26/2016 3:30:00 PM,2,0,0,36.161210,-86.601780,BELL RD,,,,0.00,,,,,,,0.00,,,N,Non-Junction,None,,,         ,Tyler,Maupin,Cloudy,"Sideswipe, Same Direction",no,no,no,yes,yes,False
101273476,METROPOLITAN NASHVILLE POLICE DEPT,20160573753,Davidson,Old Hickory,6/26/2016 4:27:00 PM,2,3,0,36.267450,-86.668590,ROBINSON,RD,SR1,,0.00,,,OLD HICKORY,BLVD,SR1,,0.00,Y,T-Intersection,N,Intersection-Related,None,,,         ,Codey,Mullins,Cloudy,Front to Rear,no,no,no,no,no,False
101273478,METROPOLITAN NASHVILLE POLICE DEPT,20160573686,Davidson,Nashville,6/26/2016 3:41:00 PM,2,0,0,36.025470,-86.713050,NOLENSVILLE PKE,,,,0.00,,,LENOX VILLAGE DR,,,,0.00,Y,Four-Way, ,,None,,,         ,David,Collins,,,no,no,no,no,no,False
101273490,METROPOLITAN NASHVILLE POLICE DEPT,2016-0573734,Davidson,Not in City Limit,6/26/2016 4:10:00 PM,1,1,0,36.306920,-86.818290,I 24,,,,0.00,,,,,,,38.20,N,Not at Intersection,N,Non-Junction,None,,,         ,Thomas,Burns,Clear,Not Collision with Motor Vehicle in Transport,no,no,no,no,no,False
101273503,METROPOLITAN NASHVILLE POLICE DEPT,20160573845,Davidson,Not in City Limit,6/26/2016 4:45:00 PM,2,0,0,36.008630,-86.694050,CULBERTSON RD,,,,838.00,Feet,North,SCARLET RIDGE DR,,,,0.00,N,Not at Intersection,N,Non-Junction,None,,,         ,Jeffrey,Livingston,Cloudy,Front to Rear,no,no,no,no,no,False
101273514,METROPOLITAN NASHVILLE POLICE DEPT,20160573767,Davidson,Nashville,6/26/2016 3:15:00 PM,2,0,0,36.086910,-86.648680,UNA ANTIOCH PKE,,,,0.00,,,NASHBORO BLVD,,,,0.00,Y,Four-Way,N,Intersection,None,,,         ,Marcus,Darden,Clear,Angle,no,no,no,no,no,False
101273518,METROPOLITAN NASHVILLE POLICE DEPT,20160573873,Davidson,Not in City Limit,6/26/2016 5:27:00 PM,1,0,0,35.991560,-86.659750,BURKITT RD,,,,970.00,Feet,East,GLORYLAND LN,,,,0.00,N,Not at Intersection, ,Non-Junction,None,,,         ,Jeffrey,Livingston,Cloudy,Not Collision with Motor Vehicle in Transport,no,no,no,no,no,False
101273525,METROPOLITAN NASHVILLE POLICE DEPT,20160571452,Davidson,Nashville,6/25/2016 7:08:00 PM,2,0,0,36.136210,-86.724800,SPENCE LN,,,,166.00,Feet,North,MURFREESBORO PKE,,,,0.00,N,Not at Intersection,N,Non-Junction,None,,,         ,Jonathan,Cavezza,Clear,Front to Rear,no,no,no,no,no,False
101273537,METROPOLITAN NASHVILLE POLICE DEPT,20160573960,Davidson,Old Hickory,6/26/2016 6:06:00 PM,2,0,0,36.257430,-86.645380,CLARKE,ST,SR1,,0.00,,,13TH,ST,SR1,,0.00,Y,Four-Way, ,Intersection-Related,None,,,         ,Codey,Mullins,Cloudy,"Sideswipe, Opposite Direction",no,no,no,no,no,False
101273550,METROPOLITAN NASHVILLE POLICE DEPT,20160573795,Davidson,Nashville,6/26/2016 4:43:00 PM,2,0,0,36.221180,-86.693900,MUSIC VALLEY DR,,,,400.00,Feet,North,RUDY CIR,,,,0.00,N,Not at Intersection,N,Non-Junction,None,,,         ,Jonathan,Cavezza,Clear,"Sideswipe, Same Direction",no,no,no,no,no,False
101273553,METROPOLITAN NASHVILLE POLICE DEPT,20160573650,Davidson,Nashville,6/26/2016 3:27:00 PM,2,0,0,36.251750,-86.717180,E WEBSTER ST,,,,150.00,Feet,East,GALLATIN PKES,,,,0.00,N,Not at Intersection,N,Non-Junction,None,,,         ,Christopher,Littles,Clear,Angle,no,no,no,no,yes,False
101273554,METROPOLITAN NASHVILLE POLICE DEPT,20160573853,Davidson,Not in City Limit,6/26/2016 5:10:00 PM,2,0,0,36.269700,-86.793230,I 24,,,,0.00,,,,,,,41.15,N,Not at Intersection,N,Non-Junction,None,,,         ,Christopher,Littles,Clear,"Sideswipe, Same Direction",no,no,no,no,yes,False
101273555,METROPOLITAN NASHVILLE POLICE DEPT,20160573897,Davidson,Nashville,6/26/2016 5:37:00 PM,3,3,0,36.238810,-86.723860,GALLATIN PKES,,,,0.00,,,GALLATIN PKE,,,,0.00,Y,T-Intersection,N,Intersection,None,,,         ,Christopher,Littles,Clear,Angle,no,no,no,no,no,False
101273556,METROPOLITAN NASHVILLE POLICE DEPT,20160574089,Davidson,Nashville,6/26/2016 7:24:00 PM,2,0,0,36.117680,-86.748640,NOLENSVILLE PKE,,,,30.00,Feet,South,LUTIE ST,,,,0.00,N,Not at Intersection,N,Non-Junction,None,,,         ,Nicholas,Smith,Cloudy,"Sideswipe, Same Direction",no,no,no,no,yes,False
101273583,METROPOLITAN NASHVILLE POLICE DEPT,20160574220,Davidson,Nashville,6/26/2016 8:45:00 PM,2,0,0,36.072720,-86.621430,LUANN DR,,,,148.00,Feet,West,LUANN CT,,,,0.00,N,Not at Intersection,N,Non-Junction,None,,,         ,Larry,Preuett,Clear,Angle,no,no,no,no,yes,False
101273609,METROPOLITAN NASHVILLE POLICE DEPT,20160574208,Davidson,Nashville,6/26/2016 7:28:00 PM,2,0,0,36.235680,-86.763690,I 65,,,,0.00,,,,,,,89.60,N,Not at Intersection,N,Non-Junction,None,,,         ,Christopher,Littles,Cloudy,"Sideswipe, Same Direction",no,no,no,no,yes,False
101273610,METROPOLITAN NASHVILLE POLICE DEPT,20160574186,Davidson,Nashville,6/26/2016 8:10:00 PM,2,0,0,36.156840,-86.775260,KOREAN VETERANS BLVD,,,,200.00,Feet,West,4TH AVS,,,,0.00,N,Not at Intersection,N,Non-Junction,None,,,         ,Wesley,Feinstein,Rain,Angle,no,no,no,no,no,False
101273611,METROPOLITAN NASHVILLE POLICE DEPT,20160574251,Davidson,Nashville,6/26/2016 9:03:00 PM,1,0,0,36.100240,-86.745840,ELGIN ST,,,,202.00,Feet,South,MAYS ST,,,,0.00,N,Not at Intersection, ,Non-Junction,None,,,         ,Jacob,Masteller,Rain,Not Collision with Motor Vehicle in Transport,no,no,no,no,no,False
101273625,METROPOLITAN NASHVILLE POLICE DEPT,20160573871,Davidson,Not in City Limit,6/26/2016 5:00:00 PM,2,0,0,36.266530,-86.791500,I 24,,,,0.00,,,,,,,41.40,N,Not at Intersection, ,Non-Junction,None,,,         ,William,Crowe,Clear,Front to Rear,no,no,no,no,no,False
101273627,METROPOLITAN NASHVILLE POLICE DEPT,20160574241,Davidson,Nashville,6/26/2016 8:01:00 PM,2,0,0,36.051890,-86.647820,WILLOW POINTE PVTDR,,,,0.00,,,HICKORY HOLLOW TER,,,,0.00,Y,OTHER,N,Non-Junction,None,,,         ,Candice,Soper,Clear,Front to Rear,no,no,no,yes,yes,False
101273640,METROPOLITAN NASHVILLE POLICE DEPT,20160574286,Davidson,Nashville,6/26/2016 8:40:00 PM,2,0,0,36.192070,-86.780800,I 65,,,,0.00,,,,,,,86.30,N,Not at Intersection,N,Non-Junction,Construction Zone,,,         ,Landon,Bagwell,Cloudy,"Sideswipe, Same Direction",no,no,no,no,yes,False
101273641,METROPOLITAN NASHVILLE POLICE DEPT,2016-0573963,Davidson,Nashville,6/26/2016 6:17:00 PM,2,0,0,36.207110,-86.612220,LEBANON PKE,,,,151.00,Feet,South,HIGHLAND VIEW DR,,,,0.00,N,Not at Intersection,N,Non-Junction,None,,,         ,Sandra,Talavera,Clear,"Sideswipe, Same Direction",no,no,no,no,no,False
101273654,METROPOLITAN NASHVILLE POLICE DEPT,20160574093,Davidson,Nashville,6/26/2016 7:27:00 PM,3,2,0,36.081230,-86.715060,HARDING PL,,,,25.00,Feet,East,HUMBER DR,,,,0.00,N,Not at Intersection,Y,Non-Junction,Construction Zone,Work On Shoulder Or Median,Activity Area,         ,Matthew,Johnson,Clear,HeadOn,no,no,no,no,no,False
101273669,METROPOLITAN NASHVILLE POLICE DEPT,20160566061,Davidson,Nashville,6/24/2016 1:38:00 AM,1,0,0,36.044979,-86.712493,OLD HICKORY,BLVD,,,0.00,,West,,,,,0.00,,Not at Intersection,N,Non-Junction,None,,,         ,Jefferson,Hughes,Rain,Not Collision with Motor Vehicle in Transport,no,no,no,yes,yes,False
101273672,METROPOLITAN NASHVILLE POLICE DEPT,20160574470,Davidson,Not in City Limit,6/26/2016 11:17:00 PM,1,0,0,36.283670,-86.785210,BRICK CHURCH PKE,,,,0.00,,,AUTUMN RIDGE DR,,,,0.00,Y,T-Intersection, ,,None,,,         ,Michael,Richardson,,,no,no,no,no,no,False
101273687,METROPOLITAN NASHVILLE POLICE DEPT,2016-0572583,Davidson,Nashville,6/26/2016 4:20:00 AM,1,0,0,36.153780,-86.756930,I 40,,,,0.00,,,,,,,211.15,N,Not at Intersection,N,Non-Junction,None,,,         ,Leonard,Spadavecchia,Clear,Not Collision with Motor Vehicle in Transport,no,no,no,no,no,False
101273689,METROPOLITAN NASHVILLE POLICE DEPT,20160574627,Davidson,Nashville,6/27/2016 12:22:00 AM,1,0,0,36.043550,-86.655700,I 24,,,,0.00,,,,,,,59.60,N,Not at Intersection,N,Non-Junction,None,,,         ,Caleb,Jernigan,Clear,Not Collision with Motor Vehicle in Transport,no,no,no,no,no,False
101273696,METROPOLITAN NASHVILLE POLICE DEPT,20160574574,Davidson,Nashville,6/27/2016 12:00:00 AM,2,0,0,36.172590,-86.762800,S 6TH ST,,,,0.00,,,WOODLAND ST,,,,0.00,Y,Four-Way, ,Intersection,None,,,         ,Michael,Wolterbeek,Cloudy,Front to Rear,no,no,no,no,no,False
101273714,METROPOLITAN NASHVILLE POLICE DEPT,20160574799,Davidson,Nashville,6/27/2016 1:54:00 AM,1,1,0,36.243890,-86.756580,SKYLINE MEMORIAL CT,,,,0.00,,,DICKERSON PKE,,,,0.00,Y,Four-Way,N,Intersection,None,,,         ,Christina,Buckner,Clear,Not Collision with Motor Vehicle in Transport,no,no,no,no,no,False
101273720,METROPOLITAN NASHVILLE POLICE DEPT,20160572692,Davidson,Nashville,6/26/2016 5:54:00 AM,2,0,0,36.151370,-86.751150,I 40,,,,0.00,,,,,,,211.50,N,Not at Intersection,N,Non-Junction,None,,,         ,Wallis,Massey,Clear,Front to Rear,no,no,no,no,yes,False
101273746,METROPOLITAN NASHVILLE POLICE DEPT,2016-0566451,Davidson,Nashville,6/24/2016 7:20:00 AM,2,1,0,36.110090,-86.671370,DONELSON PKE,,,,146.00,Feet,North,KNAPP BLVD,,,,0.00,N,Not at Intersection,N,Non-Junction,None,,,         ,Jeb,Johnston,Clear,Front to Rear,no,no,no,no,no,False
101273779,METROPOLITAN NASHVILLE POLICE DEPT,20160573498,Davidson,Nashville,6/26/2016 1:53:00 PM,2,0,0,36.182270,-86.607960,OLD HICKORY BLVD,,,,0.00,Feet,,ANDREW JACKSON WAY,,,,0.00,Y,Four-Way,N,Intersection,None,,,         ,Evan,Hibschman,Clear,Front to Rear,no,no,no,no,no,False
101273780,METROPOLITAN NASHVILLE POLICE DEPT,20160573520,Davidson,Nashville,6/26/2016 2:18:00 PM,3,0,0,36.127510,-86.629540,BELL RD,,,,15.00,Feet,West,PRIEST WOODS DR,,,,0.00,N,Not at Intersection,N,Non-Junction,None,,,         ,MIchael,Mihajlov,Rain,Front to Rear,no,no,no,no,no,False
101273791,METROPOLITAN NASHVILLE POLICE DEPT,20160575342,Davidson,Nashville,6/27/2016 6:55:00 AM,2,0,0,36.037610,-86.785120,OLD HICKORY BLVD,,,,0.00,,,I65 S ENT RAMP,,,,0.00,Y,OTHER, ,,None,,,         ,Justin,Pinkelton,,,no,no,no,no,no,False
101273801,METROPOLITAN NASHVILLE POLICE DEPT,20160566589,Davidson,Nashville,6/24/2016 8:14:00 AM,2,0,0,36.153640,-86.794700,WEST END AV,,,,100.00,Feet,West,17TH AVN,,,,0.00,N,Not at Intersection, ,,None,,,         ,Nathan,Kemp,,,no,no,no,no,no,False
101273802,METROPOLITAN NASHVILLE POLICE DEPT,20160567001,Davidson,Nashville,6/24/2016 10:08:00 AM,2,0,0,36.109580,-86.769990,I 65,,,,0.00,,,,,,,79.70,N,Not at Intersection,N,Non-Junction,None,,,         ,Nathan,Kemp,Clear,"Sideswipe, Same Direction",no,no,no,no,no,False
101273803,METROPOLITAN NASHVILLE POLICE DEPT,20160575421,Davidson,Nashville,6/27/2016 7:42:00 AM,2,1,0,36.120500,-86.795220,BELMONT BLVD,,,,94.00,Feet,South,CEDAR LN,,,,0.00,N,Not at Intersection,N,Non-Junction,None,,,         ,Nathan,Kemp,Clear,Front to Rear,no,no,no,no,no,False
101273807,METROPOLITAN NASHVILLE POLICE DEPT,20160575364,Davidson,Nashville,6/27/2016 7:12:00 AM,2,1,0,36.154670,-86.788450,I 40,,,,0.00,,,,,,,209.25,N,Not at Intersection,N,Non-Junction,None,,,         ,Robert,Magner,Clear,Front to Rear,no,no,no,no,no,False
101273810,METROPOLITAN NASHVILLE POLICE DEPT,20160567465,Davidson,Nashville,6/24/2016 1:13:00 PM,3,0,0,36.155100,-86.788930,I 40,,,,0.00,,,,,,,209.20,N,Not at Intersection,N,Non-Junction,None,,,         ,Nathan,Kemp,Clear,Front to Rear,no,no,no,no,yes,False
101273816,METROPOLITAN NASHVILLE POLICE DEPT,20160573472,Davidson,Antioch,6/26/2016 12:00:00 PM,1,0,0,36.066130,-86.599250,PAINTER DR,,,,100.00,Feet,South,,,,,999.99,N,Not at Intersection, ,Non-Junction,None,,,         ,Blake,Lutz,Clear,Not Collision with Motor Vehicle in Transport,no,no,no,no,no,False
101273833,METROPOLITAN NASHVILLE POLICE DEPT,20160575630,Davidson,Nashville,6/27/2016 8:58:00 AM,2,0,0,36.124080,-86.751680,NOLENSVILLE PKE,,,,0.00,,,I440 W EXT RAMP,,,,0.00,Y,T-Intersection, ,,None,,,         ,Nathan,Kemp,,,no,no,no,no,no,False
101273838,METROPOLITAN NASHVILLE POLICE DEPT,20160575372,Davidson,Nashville,6/27/2016 7:16:00 AM,2,2,0,36.121840,-86.759140,I 440,,,,0.00,,,,,,,5.80,N,Not at Intersection,N,Non-Junction,None,,,         ,Nathan,Smith,Clear,Front to Rear,no,no,no,no,no,False
101273839,METROPOLITAN NASHVILLE POLICE DEPT,20160575408,Davidson,Nashville,6/27/2016 7:25:00 AM,2,0,0,36.154050,-86.757570,I 40,,,,0.00,,,,,,,211.10,N,Not at Intersection, ,Entrance/Exit Ramp Related,None,,,         ,Gerald,Gomes,Cloudy,"Sideswipe, Same Direction",no,no,no,no,no,False
101273840,METROPOLITAN NASHVILLE POLICE DEPT,20160575557,Davidson,Nashville,6/27/2016 8:30:00 AM,2,0,0,36.165850,-86.794790,I 40,,,,0.00,,,,,,,208.35,N,Not at Intersection, ,Non-Junction,None,,,         ,Garren,Hoskins,Cloudy,Front to Rear,no,no,no,no,no,False
101273862,METROPOLITAN NASHVILLE POLICE DEPT,20160575322,Davidson,Nashville,6/27/2016 6:23:00 AM,2,0,0,36.168420,-86.687960,LEBANON PKE,,,,0.00,,,BRILEY PKWY N ENT RAMP,,,,0.00,Y,Four-Way, ,Intersection,None,,,         ,James,Curtis,Cloudy,Angle,no,no,no,no,yes,False
101273872,METROPOLITAN NASHVILLE POLICE DEPT,20160575654,Davidson,Nashville,6/27/2016 8:02:00 AM,2,0,0,36.061300,-86.716680,NOLENSVILLE PKE,,,,0.00,Feet,,MCMURRAY DR,,,,0.00,Y,T-Intersection,N,Intersection,None,,,         ,Brandon,Hughes,Clear,Angle,no,no,no,no,no,False
101273879,METROPOLITAN NASHVILLE POLICE DEPT,20160575577,Davidson,Nashville,6/27/2016 12:00:00 AM,2,0,0,36.040280,-86.757710,PALISADES CT,,,,435.00,Feet,East,BRENTWOOD CHASE DR,,,,0.00,N,Not at Intersection,N,Non-Junction,None,,,         ,Kevin,Crawford,Unknown,Angle,no,no,no,no,yes,False
101273893,METROPOLITAN NASHVILLE POLICE DEPT,2016-0575753,Davidson,Nashville,6/27/2016 9:52:00 AM,3,0,0,36.131480,-86.834150,WEST END AV,,,,50.00,Feet,East,WILSON BLVDS,,,,0.00,N,Not at Intersection, ,Non-Junction,None,,,         ,Walter,Gray II,Cloudy,"Sideswipe, Same Direction",no,no,no,no,yes,False
101273900,METROPOLITAN NASHVILLE POLICE DEPT,20160575853,Davidson,Nashville,6/27/2016 10:53:00 AM,2,1,0,36.062850,-86.630600,HAMILTON CHURCH RD,,,,89.00,Feet,North,HAMILTON CROSSINGS,,,,0.00,N,Not at Intersection,N,Non-Junction,None,,,         ,Jessie,Meadows,Clear,Front to Rear,no,no,no,no,no,False
101273901,METROPOLITAN NASHVILLE POLICE DEPT,20160575904,Davidson,Nashville,6/27/2016 10:43:00 AM,2,0,0,36.135680,-86.801580,ACKLEN AV,,,,172.00,Feet,West,21ST AVS,,,,0.00,N,Not at Intersection, ,,None,,,         ,Nathan,Kemp,,,no,no,no,no,no,Campus
101273907,METROPOLITAN NASHVILLE POLICE DEPT,20160575826,Davidson,Nashville,6/27/2016 10:12:00 AM,2,0,0,36.119360,-86.773700,I 65,,,,0.00,,,,,,,80.40,N,Not at Intersection,N,Non-Junction,None,,,         ,Darrell,Osment,Cloudy,"Sideswipe, Same Direction",no,no,no,no,yes,False
101273911,METROPOLITAN NASHVILLE POLICE DEPT,20160575596,Davidson,Nashville,6/27/2016 8:45:00 AM,2,0,0,36.158810,-86.798160,CHARLOTTE AV,,,,0.00,,,17TH AVN,,,,0.00,Y,Four-Way,N,Intersection,None,,,         ,Darrell,Osment,Cloudy,"Sideswipe, Same Direction",no,no,no,no,yes,False
101273912,METROPOLITAN NASHVILLE POLICE DEPT,20160575710,Davidson,Nashville,6/27/2016 9:33:00 AM,2,1,0,36.046970,-86.662090,I 24,,,,0.00,,,,,,,59.20,N,Not at Intersection,N,Non-Junction,None,,,         ,Roderic,Williams,Cloudy,"Sideswipe, Same Direction",no,no,no,no,yes,False
101273915,METROPOLITAN NASHVILLE POLICE DEPT,20160575915,Davidson,Nashville,6/27/2016 10:50:00 AM,2,0,0,36.102160,-86.740740,NOLENSVILLE PKE,,,,145.00,Feet,North,ANTIOCH PKE,,,,0.00,N,Not at Intersection, ,Non-Junction,None,,,         ,Justin,Pinkelton,Clear,Angle,no,no,no,no,no,False
101273918,METROPOLITAN NASHVILLE POLICE DEPT,20160575487,Davidson,Nashville,6/27/2016 7:57:00 AM,2,0,0,36.141680,-86.776600,I 65,,,,0.00,,,,,,,81.90,N,Not at Intersection, ,Non-Junction,None,,,         ,George,Ward,Clear,Front to Rear,no,no,no,no,no,False
101273920,METROPOLITAN NASHVILLE POLICE DEPT,2016-0576058,Davidson,Nashville,6/27/2016 11:19:00 AM,2,0,0,36.124470,-86.848360,HARDING PKE,,,,240.00,Feet,East,ROYAL OAKS CONDOS PVTDR,,,,0.00,N,Not at Intersection, ,,None,,,         ,Curtis,Rich,,,no,no,no,no,no,False
101273925,METROPOLITAN NASHVILLE POLICE DEPT,20160576084,Davidson,Nashville,6/27/2016 11:51:00 AM,2,0,0,36.051350,-86.714310,NOLENSVILLE PKE,,,,61.00,Feet,South,OCALA DR,,,,0.00,N,Not at Intersection, ,Non-Junction,None,,,         ,Jessie,Meadows,Clear,Front to Rear,no,no,no,no,no,False
101273937,GOODLETTSVILLE POLICE DEPT,16-22664,Davidson,Goodlettsville,6/27/2016 11:40:00 AM,2,2,0,36.311039,-86.684494,VIETNAM VETERANS,BLVD,SR386,,500.00,Feet,East,,,,,1.60,N,Not at Intersection,N,Non-Junction,None,,,         ,Jason,Ayers,Rain,Angle,no,no,no,no,no,False