master_record_number,agency,agency_tracking_number,county,city,collision_date,vehicles_involved,number_injured,number_dead,latitude,longitude,roadway_name,roadway_suffix,roadway_number,roadway_local_id,distance_from_reference,miles-feet_indicator,direction_from_reference,intersection_road_name,intersection_road_name_suffix,intersection_road_number,intersection_local_id,mile_marker,intersection_indicator,intersect_type,interchange_related_indicator,relation_to_junction,work_zone_type,construction_maintenance_zone,construction_maintenance_zone_location,fatal_case_number,officer_first_name,officer_last_name,weather_condition(s),manner_of_crash,pedestrian,bicycle,scooter,parking,hitrun,mou
101274345,METROPOLITAN NASHVILLE POLICE DEPT,20160576941,Davidson,Nashville,6/27/2016 4:50:00 PM,2,1,0,36.148800,-86.822310,I 440,,,,0.00,,,,,,,1.35,N,Not at Intersection,N,Non-Junction,None,,,         ,Eric,Burford,Clear,Front to Rear,no,no,no,no,no,False
101274346,GOODLETTSVILLE POLICE DEPT,16-22688,Davidson,Goodlettsville,6/27/2016 4:30:00 PM,2,0,0,36.309478,-86.695628,VIETNAM VETERANS,BLVD,SR386,,0.00,,,CONFERENCE,DR,,,0.00,Y,T-Intersection, ,Entrance/Exit Ramp Related,None,,,         ,Charles,Hauskin,Rain,Front to Rear,no,no,no,no,no,False
101274348,METROPOLITAN NASHVILLE POLICE DEPT,20160577290,Davidson,Nashville,6/27/2016 6:51:00 PM,2,0,0,36.226890,-86.778480,I65 N ENT RAMP,,,,0.00,,,I 24,,,,0.00,Y,OTHER, ,Entrance/Exit Ramp Related,None,,,         ,Michael,Brooks,Cloudy,"Sideswipe, Same Direction",no,no,no,no,no,False
101274349,METROPOLITAN NASHVILLE POLICE DEPT,20160576756,Davidson,Nashville,6/27/2016 3:00:00 PM,2,0,0,36.172200,-86.798110,11TH AVN,,,,0.00,,,REV DR ENOCH JONES BLVD,,,,0.00,Y,T-Intersection, ,Intersection,None,,,         ,Michael,Brooks,Rain,Angle,no,no,no,no,no,False
101274350,METROPOLITAN NASHVILLE POLICE DEPT,20160577543,Davidson,Old Hickory,6/27/2016 4:30:00 PM,1,0,0,36.269980,-86.665990,SCENIC VIEW,RD,SR146,,0.01,Feet,West,KEETON,AVE,SR354,,0.00,N,Not at Intersection,N,Non-Junction,None,,,         ,Codey,Mullins,Rain,Not Collision with Motor Vehicle in Transport,no,no,no,no,yes,False
101274351,GOODLETTSVILLE POLICE DEPT,16-22706,Davidson,Goodlettsville,6/27/2016 8:35:00 PM,1,0,0,36.308529,-86.697537,VIETNAM VETERANS,BLVD,SR386,,640.00,Feet,West,CONERENCE,DR,,,0.00,N,Not at Intersection,Y,Entrance/Exit Ramp Related,None,,,         ,Jeffrey,Petty,Cloudy,Not Collision with Motor Vehicle in Transport,no,no,no,no,no,False
101274363,METROPOLITAN NASHVILLE POLICE DEPT,20160578099,Davidson,Nashville,6/27/2016 10:28:00 PM,1,0,0,36.154680,-86.759560,I 40,,,,0.00,,,,,,,211.00,N,Not at Intersection,Y,Non-Junction,None,,,         ,Curtis,Fisher,Clear,Not Collision with Motor Vehicle in Transport,no,no,no,no,no,False
101274364,METROPOLITAN NASHVILLE POLICE DEPT,20160575263,Davidson,Not in City Limit,6/27/2016 6:15:00 AM,1,1,0,36.083250,-86.952360,I 40,,,,0.00,,,,,,,196.60,N,Not at Intersection,N,Non-Junction,None,,,         ,Aaron,Wigginton,Clear,Not Collision with Motor Vehicle in Transport,no,no,no,no,no,False
101274369,METROPOLITAN NASHVILLE POLICE DEPT,20160578311,Davidson,Not in City Limit,6/27/2016 11:00:00 PM,1,0,0,36.268020,-86.749700,OLD HICKORY BLVDW,,,,1043.00,Feet,West,KEMPER DRN,,,,0.00,N,Not at Intersection, ,Non-Junction,None,,,         ,Eugene,Martino,Clear,Not Collision with Motor Vehicle in Transport,no,no,no,no,no,False
101274383,METROPOLITAN NASHVILLE POLICE DEPT,20160578015,Davidson,Nashville,6/27/2016 10:20:00 PM,1,1,0,0.000000,0.000000,,,I40 E,,50.00,Feet,East,,,,,210.08,N,Not at Intersection,N,Non-Junction,None,,,         ,Justin,Chisholm,Cloudy,Not Collision with Motor Vehicle in Transport,no,no,no,no,no,False
101274396,METROPOLITAN NASHVILLE POLICE DEPT,20160578469,Davidson,Nashville,6/28/2016 2:10:00 AM,2,0,0,36.049270,-86.599770,HOBSON PIKE,PIKE,,,0.00,,,PIN HOOK RD,RD,,,0.00,Y,Four-Way,N,Intersection,None,,,         ,William,Coy,Clear,Front to Rear,no,no,no,no,yes,False
101274404,METROPOLITAN NASHVILLE POLICE DEPT,20160578510,Davidson,Nashville,6/28/2016 12:00:00 AM,1,0,0,36.122240,-86.734610,GLENROSE AV,,,,171.00,Feet,West,SANDRA DR,,,,0.00,N,Not at Intersection,N,Non-Junction,None,,,         ,Brian,Mclarty,Clear,Not Collision with Motor Vehicle in Transport,no,no,no,no,yes,False
101274411,METROPOLITAN NASHVILLE POLICE DEPT,20160565889,Davidson,Not in City Limit,6/24/2016 1:25:00 AM,1,0,0,36.318960,-86.838670,I 24,,,,0.00,,,,,,,36.80,N,Not at Intersection, ,Non-Junction,None,,,         ,Hunter,Fikes,Rain,Not Collision with Motor Vehicle in Transport,no,no,no,no,no,False
101274428,METROPOLITAN NASHVILLE POLICE DEPT,20160576426,Davidson,Nashville,6/27/2016 1:24:00 PM,1,0,0,36.239740,-86.772020,BRILEY PKWYW,,,,263.00,Feet,North,BRILEY PKWYE,,,,0.00,N,Not at Intersection,N,Non-Junction,None,,,         ,Spencer,Pittman,Cloudy,Not Collision with Motor Vehicle in Transport,no,no,no,no,no,False
101274433,METROPOLITAN NASHVILLE POLICE DEPT,20160578961,Davidson,Nashville,6/28/2016 6:55:00 AM,2,0,0,36.173270,-86.791400,JEFFERSON ST,,,,0.00,,,ROSA L PARKS BLVD,,,,0.00,Y,Four-Way, ,,None,,,         ,Chase,Burnett,,,no,no,no,no,no,False
101274434,METROPOLITAN NASHVILLE POLICE DEPT,20160576475,Davidson,Nashville,6/27/2016 1:44:00 PM,2,0,0,36.145670,-86.666670,DONELSON PKE,,,,104.00,Feet,South,ROYAL PKWY,,,,0.00,N,Not at Intersection,N,Non-Junction,None,,,         ,Tyler,Adcock,Cloudy,Angle,no,no,no,no,no,False
101274437,METROPOLITAN NASHVILLE POLICE DEPT,2016-0578974,Davidson,Nashville,6/28/2016 7:00:00 AM,2,0,0,36.146550,-86.874310,PREMIER DR,,,,223.00,Feet,West,AMERICAN RD,,,,0.00,N,Not at Intersection,N,Non-Junction,Construction Zone,,,         ,Curtis,Rich,Clear,Angle,no,no,no,no,no,False
101274439,METROPOLITAN NASHVILLE POLICE DEPT,20160578875,Davidson,Nashville,6/28/2016 6:02:00 AM,3,1,0,36.091240,-86.651280,MURFREESBORO PKE,,,,0.00,,,BRITISH WOODS DR,,,,0.00,Y,T-Intersection,N,Intersection-Related,None,,,         ,William,Coy,Fog,Front to Rear,no,no,no,no,no,False
101274447,METROPOLITAN NASHVILLE POLICE DEPT,20160576414,Davidson,Nashville,6/27/2016 1:27:00 PM,2,0,0,36.160200,-86.785770,10TH AVN,,,,0.00,,,LIFEWAY PLZ,,,,0.00,Y,T-Intersection, ,Intersection-Related,None,,,         ,Byron,Carter,Rain,Angle,no,no,no,no,no,False
101274451,METROPOLITAN NASHVILLE POLICE DEPT,20160579100,Davidson,Nashville,6/28/2016 7:50:00 AM,2,0,0,36.131490,-86.897860,I 40,,,,0.00,,,,,,,201.15,N,Not at Intersection, ,Non-Junction,None,,,         ,Wesley,Tilley,Clear,Front to Rear,no,no,no,no,no,False
101274452,METROPOLITAN NASHVILLE POLICE DEPT,20160576286,Davidson,Nashville,6/27/2016 12:31:00 PM,2,0,0,36.276970,-86.796190,HICKORY HILLS BLVD,,,,0.00,,,OLD HICKORY BLVD,,,,0.00,Y,T-Intersection,N,Intersection-Related,None,,,         ,Jack,Crouch,Rain,Front to Rear,no,no,no,no,no,False
101274457,METROPOLITAN NASHVILLE POLICE DEPT,20160578944,Davidson,Madison,6/28/2016 12:00:00 AM,2,0,0,36.252080,-86.672850,SHAWNEE TRC,,,,0.00,,,PELLICAN PT,,,,0.00,Y,OTHER,N,Non-Junction,None,,,         ,Eric,Richardson,Clear,"Sideswipe, Same Direction",no,no,no,no,yes,False
101274458,METROPOLITAN NASHVILLE POLICE DEPT,20160578990,Davidson,Nashville,6/28/2016 7:06:00 AM,2,0,0,36.166090,-86.612800,I 40,,,,0.00,,,,,,,220.15,N,Not at Intersection, ,Non-Junction,None,,,         ,James,Curtis,Cloudy,Front to Rear,no,no,no,no,no,False
101274470,METROPOLITAN NASHVILLE POLICE DEPT,20160567679,Davidson,Nashville,6/24/2016 2:54:00 PM,2,0,0,36.120830,-86.807860,HILLSBORO PKE,,,,58.00,Feet,North,LOMBARDY AV,,,,0.00,N,Not at Intersection,Y,Non-Junction,None,,,         ,Darrell,Osment,Cloudy,Front to Rear,no,no,no,no,no,False
101274476,METROPOLITAN NASHVILLE POLICE DEPT,2016-0578953,Davidson,Nashville,6/28/2016 6:35:00 AM,2,0,0,36.187860,-86.776130,I 24,,,,0.00,,,,,,,47.00,N,Not at Intersection, ,Entrance/Exit Ramp Related,None,,,         ,Paul,Sorace,Cloudy,"Sideswipe, Same Direction",no,no,no,no,no,False
101274481,METROPOLITAN NASHVILLE POLICE DEPT,20160579222,Davidson,Nashville,6/28/2016 12:00:00 AM,2,0,0,36.191980,-86.781600,I 65,,,,0.00,,,,,,,86.25,N,Not at Intersection, ,,None,,,         ,Julie,Nabors,,,no,no,no,no,no,False
101274488,METROPOLITAN NASHVILLE POLICE DEPT,20160578988,Davidson,Nashville,6/28/2016 7:00:00 AM,2,0,0,36.197550,-86.776250,I 65,,,,0.00,,,,,,,86.70,N,Not at Intersection, ,Non-Junction,None,,,         ,John,Tyree,Clear,Front to Rear,no,no,no,no,no,False
101274489,METROPOLITAN NASHVILLE POLICE DEPT,20160577167,Davidson,Nashville,6/27/2016 6:07:00 PM,2,0,0,36.039680,-86.762050,OLD HICKORY BLVD,,,,218.00,Feet,East,TOWNHOMES OF FREDERICKSBURG PV,,,,0.00,N,Not at Intersection,N,Non-Junction,None,,,         ,Nathan,Kemp,Clear,Angle,no,no,no,no,no,False
101274491,METROPOLITAN NASHVILLE POLICE DEPT,2016-0579314,Davidson,Nashville,6/28/2016 9:00:00 AM,2,0,0,36.119840,-86.912070,I 40,,,,0.00,,,,,,,200.05,N,Not at Intersection, ,Non-Junction,None,,,         ,Curtis,Rich,Clear,Front to Rear,no,no,no,no,no,False
101274493,METROPOLITAN NASHVILLE POLICE DEPT,20160579290,Davidson,Nashville,6/28/2016 8:54:00 AM,2,0,0,36.079600,-86.726320,NOLENSVILLE PKE,,,,0.00,,,HARDING PL,,,,0.00,Y,Four-Way, ,,None,,,         ,Brian,Penny,,,no,no,no,no,no,False
101274499,GOODLETTSVILLE POLICE DEPT,16-22692,Davidson,Goodlettsville,6/27/2016 5:10:00 PM,2,0,0,36.296225,-86.715250,,,I65,,0.20,Miles,South,,,,,95.00,N,Not at Intersection,N,Non-Junction,None,,,         ,Charles,Hauskin,Cloudy,Front to Rear,no,no,no,no,yes,False
101274513,METROPOLITAN NASHVILLE POLICE DEPT,2016-0579068,Davidson,Nashville,6/28/2016 7:40:00 AM,2,0,0,36.164790,-86.784370,CHARLOTTE AV,,,,0.00,,,7TH AVN,,,,0.00,Y,T-Intersection, ,"Driveway, Alley Access, etc",None,,,         ,Paul,Sorace,Clear,Angle,no,no,no,no,no,False
101274516,BELLE MEADE POLICE DEPT,16-0177,Davidson,Belle Meade,6/28/2016 9:12:00 AM,2,0,0,36.120200,-86.854140,HARDING PKE,,,,370.00,Feet,West,GARDNER DR,,,,0.00,N,Not at Intersection, ,Non-Junction,None,,,         ,Dennis,Goins,Clear,Front to Rear,no,no,no,no,no,False
101274519,METROPOLITAN NASHVILLE POLICE DEPT,20160579343,Davidson,Nashville,6/28/2016 9:10:00 AM,2,0,0,36.108570,-86.788290,GRAYBAR LN,,,,0.00,,,LEALAND LN,,,,0.00,Y,Four-Way, ,Intersection,None,,,         ,Justin,Fox,Cloudy,Angle,no,no,no,no,no,False
101274522,METROPOLITAN NASHVILLE POLICE DEPT,20160579345,Davidson,Nashville,6/28/2016 9:07:00 AM,4,0,0,36.153180,-86.755570,I 40,,,,0.00,,,,,,,211.25,N,Not at Intersection, ,Non-Junction,None,,,         ,Wesley,Young,Clear,Front to Rear,no,no,no,no,no,False
101274523,METROPOLITAN NASHVILLE POLICE DEPT,20160566577,Davidson,Nashville,6/28/2016 8:10:00 AM,2,0,0,36.115800,-86.782750,I 440,,,,0.00,,,,,,,4.40,N,Not at Intersection, ,Non-Junction,None,,,         ,Darrell,Osment,Cloudy,Front to Rear,no,no,no,no,no,False
101274533,METROPOLITAN NASHVILLE POLICE DEPT,20160579323,Davidson,Nashville,6/28/2016 9:20:00 AM,2,0,0,36.026820,-86.634250,I 24,,,,0.00,,,,,,,61.30,N,Not at Intersection, ,Non-Junction,None,,,         ,Steven,Snitzer,Clear,Front to Rear,no,no,no,no,no,False
101274535,METROPOLITAN NASHVILLE POLICE DEPT,20160579110,Davidson,Nashville,6/28/2016 7:51:00 AM,1,1,0,36.178640,-86.802810,ARTHUR AV,,,,145.00,Feet,West,11TH AVN,,,,0.00,N,Not at Intersection,N,Non-Junction,None,,,         ,Darryl,Morton,Clear,Not Collision with Motor Vehicle in Transport,no,no,no,no,no,False
101274543,METROPOLITAN NASHVILLE POLICE DEPT,20160579185,Davidson,Nashville,6/28/2016 8:40:00 AM,2,0,0,36.219600,-86.774890,I 65,,,,0.00,,,,,,,88.25,N,Not at Intersection,N,Non-Junction,None,,,         ,Brandon,Evans,Clear,"Sideswipe, Same Direction",no,no,no,no,no,False
101274555,METROPOLITAN NASHVILLE POLICE DEPT,20160579450,Davidson,Nashville,6/28/2016 9:30:00 AM,2,0,0,36.211490,-86.797580,WHITES CREEK PKE,,,,0.00,,,E NOCTURNE DR,,,,0.00,Y,Four-Way, ,Intersection,None,,,         ,John,Tyree,Clear,"Sideswipe, Same Direction",no,no,no,no,no,False
101274558,METROPOLITAN NASHVILLE POLICE DEPT,20160579016,Davidson,Nashville,6/28/2016 7:18:00 AM,4,1,0,36.035860,-86.644750,I 24,,,,0.00,,,,,,,60.40,N,Not at Intersection,N,Non-Junction,None,,,         ,Phouthasone,Phantakou,Clear,Front to Rear,no,no,no,no,no,False
101274559,METROPOLITAN NASHVILLE POLICE DEPT,20160579197,Davidson,Nashville,6/28/2016 8:20:00 AM,2,0,0,36.041010,-86.782650,I65 S EXT RAMP,,,,0.00,Feet,East,I 65,,,,0.00,N,Not at Intersection, ,Entrance/Exit Ramp Related,None,,,         ,Brandon,Hughes,Clear,"Sideswipe, Same Direction",no,no,no,no,no,False
101274563,METROPOLITAN NASHVILLE POLICE DEPT,20160579336,Davidson,Nashville,6/28/2016 9:00:00 AM,2,0,0,36.194660,-86.776170,I 65,,,,0.00,,,,,,,86.50,N,Not at Intersection, ,Non-Junction,None,,,         ,Chase,Burnett,Clear,"Sideswipe, Same Direction",no,no,no,no,no,False
101274568,METROPOLITAN NASHVILLE POLICE DEPT,2016-0579123,Davidson,Nashville,6/28/2016 7:57:00 AM,2,1,0,36.218500,-86.837030,CLARKSVILLE PKE,,,,0.00,Feet,,KINGS LN,,,,0.00,Y,Four-Way,N,Intersection,None,,,         ,William,Caillouette,Clear,Front to Rear,no,no,no,no,no,False
101274569,METROPOLITAN NASHVILLE POLICE DEPT,20160579538,Davidson,Nashville,6/28/2016 10:30:00 AM,2,0,0,36.140320,-86.721830,I 40,,,,0.00,,,,,,,213.55,N,Not at Intersection, ,Non-Junction,None,,,         ,James,Curtis,Clear,Front to Rear,no,no,no,no,no,False
101274575,METROPOLITAN NASHVILLE POLICE DEPT,20160579587,Davidson,Nashville,6/28/2016 10:47:00 AM,2,0,0,36.173280,-86.602070,OLD HICKORY BLVD,,,,114.00,Feet,South,CENTRAL PKE,,,,0.00,N,Not at Intersection, ,Non-Junction,None,,,         ,Wesley,Young,Clear,Front to Rear,no,no,no,no,no,False
101274577,METROPOLITAN NASHVILLE POLICE DEPT,20160579621,Davidson,Nashville,6/28/2016 10:40:00 AM,2,0,0,36.107990,-86.922400,OLD HICKORY BLVD,,,,55.00,Feet,North,ROCKY LN,,,,0.00,N,Not at Intersection,N,Non-Junction,None,,,         ,Wesley,Tilley,Clear,Angle,no,no,no,no,no,False
101274580,METROPOLITAN NASHVILLE POLICE DEPT,20160579620,Davidson,Nashville,6/28/2016 10:52:00 AM,1,0,0,36.045700,-86.720890,OLD HICKORY BLVD,,,,30.00,Feet,West,HICKORY VILLA DR,,,,0.00,N,Not at Intersection,N,Non-Junction,None,,,         ,Brandon,Hughes,Clear,Not Collision with Motor Vehicle in Transport,no,no,no,no,no,False
101274583,METROPOLITAN NASHVILLE POLICE DEPT,20160579437,Davidson,Nashville,6/28/2016 9:48:00 AM,2,2,0,36.229220,-86.779770,I 24,,,,0.00,,,,,,,44.30,N,Not at Intersection,N,Non-Junction,None,,,         ,Michael,Agee,Clear,Angle,no,no,no,yes,no,False
101274584,METROPOLITAN NASHVILLE POLICE DEPT,20160568093,Davidson,Nashville,6/24/2016 2:40:00 PM,2,0,0,36.243930,-86.756570,DICKERSON PKE,,,,13.00,Feet,East,SKYLINE MEMORIAL CT,,,,0.00,N,Not at Intersection, ,Non-Junction,None,,,         ,Bradley,Campbell,Clear,Front to Rear,no,no,no,no,no,False
101274589,METROPOLITAN NASHVILLE POLICE DEPT,2016-0579725,Davidson,Nashville,6/28/2016 11:00:00 AM,2,0,0,36.187800,-86.794510,I 65,,,,0.00,,,,,,,85.45,N,Not at Intersection, ,Non-Junction,None,,,         ,Curtis,Rich,Clear,Not Collision with Motor Vehicle in Transport,no,no,no,no,yes,False
101274593,METROPOLITAN NASHVILLE POLICE DEPT,20160579696,Davidson,Nashville,6/28/2016 11:16:00 AM,2,0,0,36.169090,-86.788690,ROSA L PARKS BLVD,,,,228.00,Feet,North,HARRISON ST,,,,0.00,N,Not at Intersection, ,Non-Junction,None,,,         ,Damon,Hutcheson,Clear,Front to Rear,no,no,no,yes,yes,False
101274595,METROPOLITAN NASHVILLE POLICE DEPT,20160579560,Davidson,Nashville,6/28/2016 10:37:00 AM,2,0,0,36.158170,-86.801070,19TH AVN,,,,0.00,,,,,,,0.00,,,N,Non-Junction,None,,,         ,Darrell,Osment,Clear,Rear to Rear,no,no,no,no,yes,False
101274596,METROPOLITAN NASHVILLE POLICE DEPT,20160579542,Davidson,Nashville,6/28/2016 10:29:00 AM,2,0,0,36.134880,-86.779040,8TH AVS,,,,219.00,Feet,North,EAST ARGYLE AV,,,,0.00,N,Not at Intersection, ,Non-Junction,None,,,         ,Nathan,Kemp,Clear,Angle,no,no,no,no,no,False
101274597,METROPOLITAN NASHVILLE POLICE DEPT,20160579719,Davidson,Nashville,6/28/2016 11:33:00 AM,2,0,0,36.138250,-86.795410,17TH AVS,,,,298.00,Feet,North,DOROTHY PL,,,,0.00,N,Not at Intersection, ,,None,,,         ,Nathan,Kemp,,,no,no,no,no,no,False
101274598,VANDERBILT UNIVERSITY POLICE,16-0579544,Davidson,Nashville,6/28/2016 10:10:00 AM,2,0,0,36.107920,-86.764410,POWELL AV,,,,0.00,,,,,,,0.00,,, ,OtherLocation,None,,,         ,Fred,Oakley,Clear,Other,no,no,no,yes,no,OHO
101274606,METROPOLITAN NASHVILLE POLICE DEPT,20160579626,Davidson,Nashville,6/28/2016 10:55:00 AM,2,1,0,36.100340,-86.718380,ANTIOCH PKE,,,,0.00,,,BRIDGEWAY DR,,,,0.00,Y,T-Intersection,N,Non-Junction,None,,,         ,James,Thomas,Clear,Angle,no,no,no,no,no,False
101274621,METROPOLITAN NASHVILLE POLICE DEPT,20160577287,Davidson,Nashville,6/27/2016 6:20:00 PM,2,0,0,36.106230,-86.718860,I 24,,,,0.00,,,,,,,54.00,N,Not at Intersection,N,Non-Junction,None,,,         ,Victoria,Cunningham,Cloudy,Angle,no,no,no,no,no,False
101274626,METROPOLITAN NASHVILLE POLICE DEPT,2016-0578960,Davidson,Nashville,6/28/2016 6:52:00 AM,1,1,0,36.166350,-86.780690,4TH AVN,,,,0.00,,,CHARLOTTE AV,,,,0.00,Y,Four-Way,Y,Intersection,None,,,         ,Daniel,Massey,Clear,Not Collision with Motor Vehicle in Transport,yes,no,no,no,no,False
101274632,METROPOLITAN NASHVILLE POLICE DEPT,20160579718,Davidson,Nashville,6/28/2016 11:20:00 AM,2,0,0,36.217190,-86.693290,MCGAVOCK PKE WB ENT RAMP,,,,0.00,,,MCGAVOCK PKE EB ENT RAMP,,,,0.00,Y,Four-Way,Y,Entrance/Exit Ramp Related,None,,,         ,Larry,Benz,Clear,Front to Rear,no,no,no,no,no,False
101274633,METROPOLITAN NASHVILLE POLICE DEPT,2016-0579619,Davidson,Nashville,6/28/2016 10:56:00 AM,2,0,0,36.145310,-86.873900,AMERICAN RD,,,,117.00,Feet,East,MERCOMATIC DR,,,,0.00,N,Not at Intersection,N,Non-Junction,None,,,         ,Walter,Gray II,Cloudy,Other,no,no,no,no,yes,False
101274634,METROPOLITAN NASHVILLE POLICE DEPT,2016-0579046,Davidson,Nashville,6/28/2016 7:20:00 AM,2,0,0,36.029840,-86.637580,I 24,,,,0.00,,,,,,,61.00,N,Not at Intersection, ,Non-Junction,None,,,         ,William,Whitworth,Clear,Front to Rear,no,no,no,no,no,False
101274635,METROPOLITAN NASHVILLE POLICE DEPT,20160579814,Davidson,Nashville,6/28/2016 12:19:00 PM,2,0,0,36.256190,-86.714390,NEELYS BEND RD,,,,0.00,,,GALLATIN PKES,,,,0.00,Y,Four-Way, ,,None,,,         ,Eric,Richardson,,,no,no,no,no,no,False
101274636,METROPOLITAN NASHVILLE POLICE DEPT,2016-0579127,Davidson,Nashville,6/28/2016 7:21:00 AM,2,0,0,36.029560,-86.637270,I 24,,,,0.00,,,,,,,61.05,N,Not at Intersection, ,Non-Junction,None,,,         ,William,Whitworth,Clear,Front to Rear,no,no,no,no,no,False
101274637,METROPOLITAN NASHVILLE POLICE DEPT,20160579223,Davidson,Nashville,6/28/2016 8:20:00 AM,2,0,0,36.238000,-86.724090,GALLATIN PKES,,,,42.00,Feet,North,GALLATIN PKE SB EXT RAMP,,,,0.00,N,Not at Intersection,N,Non-Junction,None,,,         ,Brian,Otto,Clear,Angle,no,no,no,no,no,False
101274639,METROPOLITAN NASHVILLE POLICE DEPT,20160579982,Davidson,Nashville,6/28/2016 1:15:00 PM,2,0,0,36.136910,-86.798170,19TH AVS,,,,85.00,Feet,North,BELCOURT AV,,,,0.00,N,Not at Intersection, ,Non-Junction,None,,,         ,Nathan,Kemp,Clear,Rear to Side,no,no,no,no,no,False
101274646,METROPOLITAN NASHVILLE POLICE DEPT,20160579603,Davidson,Nashville,6/28/2016 12:01:00 PM,2,0,0,36.067490,-86.665090,DEBRA DR,,,,18.00,Feet,South,RICHARDS RD,,,,0.00,N,Not at Intersection, ,Non-Junction,None,,,         ,Jessie,Meadows,Clear,Angle,no,no,no,no,no,False
101274647,METROPOLITAN NASHVILLE POLICE DEPT,2016579668,Davidson,Nashville,6/28/2016 12:09:00 PM,2,0,0,36.082120,-86.713770,WHISPERING OAKS PL,,,,169.00,Feet,North,HARDING PL,,,,0.00,N,Not at Intersection, ,Non-Junction,None,,,         ,Jessie,Meadows,Clear,Front to Rear,no,no,no,no,no,False
101274657,METROPOLITAN NASHVILLE POLICE DEPT,2016-0579855,Davidson,Nashville,6/28/2016 12:37:00 PM,2,0,0,36.044800,-86.662130,BELL RD,,,,179.00,Feet,West,CANE RIDGE RD,,,,0.00,N,Not at Intersection, ,Non-Junction,None,,,         ,Stanley,Collins,Clear,Angle,no,no,no,no,no,False
101274672,THP District 9 - Administrative,316036432,Davidson,Nashville,6/26/2016 11:20:00 PM,2,0,0,36.141420,-86.733930,I 40,,,,0.00,,,,,,,212.90,N,Not at Intersection,N,Non-Junction,Maintenance Zone,Intermittent Moving Work,Activity Area,         ,Shane,Moore,Clear,"Sideswipe, Same Direction",no,no,no,no,yes,False
101274673,METROPOLITAN NASHVILLE POLICE DEPT,20160579874,Davidson,Nashville,6/28/2016 1:59:00 PM,2,0,0,36.110920,-86.744900,THOMPSON LN,,,,93.00,Feet,East,NOLENSVILLE PKE,,,,0.00,N,Not at Intersection, ,Non-Junction,None,,,         ,Jessie,Meadows,Clear,"Sideswipe, Same Direction",no,no,no,no,no,False
101274674,METROPOLITAN NASHVILLE POLICE DEPT,20160579435,Davidson,Nashville,6/28/2016 9:48:00 AM,2,0,0,36.176880,-86.776180,JEFFERSON ST,,,,0.00,,,COWAN ST,,,,0.00,Y,Four-Way,N,Intersection,None,,,         ,Shawn,Taylor,Clear,Angle,no,no,no,no,no,False
101274675,METROPOLITAN NASHVILLE POLICE DEPT,20160579574,Davidson,Nashville,6/28/2016 10:42:00 AM,2,0,0,36.161690,-86.783640,CHURCH ST,,,,82.00,Feet,East,ROSA L PARKS BLVD,,,,0.00,N,Not at Intersection,N,"Driveway, Alley Access, etc",None,,,         ,Shawn,Taylor,Clear,Angle,no,no,no,no,no,False
101274682,METROPOLITAN NASHVILLE POLICE DEPT,20160580094,Davidson,Nashville,6/28/2016 1:40:00 PM,2,1,0,36.216080,-86.813180,CHATEAU VALLEY DR,,,,0.00,,,MOORMANS ARM RD,,,,0.00,Y,T-Intersection,N,Non-Junction,None,,,         ,Brandon,Evans,Clear,Front to Rear,no,no,no,no,yes,False
101274714,METROPOLITAN NASHVILLE POLICE DEPT,20160580068,Davidson,Nashville,6/28/2016 1:41:00 PM,2,0,0,36.135230,-86.724320,MURFREESBORO PKE,,,,0.00,,,I24 W EXT RAMP,,,,0.00,Y,Four-Way,N,Entrance/Exit Ramp Related,None,,,         ,Wesley,Young,Clear,Front to Rear,no,no,no,no,no,False
101274733,METROPOLITAN NASHVILLE POLICE DEPT,2016-0580097,Davidson,Nashville,6/28/2016 1:43:00 PM,2,0,0,36.227110,-86.835770,CLARKSVILLE PKE,,,,0.00,,,BRILEY PKWY E ENT RAMP,,,,0.00,Y,T-Intersection, ,Entrance/Exit Ramp Related,None,,,         ,William,Caillouette,Clear,Angle,no,no,no,no,no,False
101274747,METROPOLITAN NASHVILLE POLICE DEPT,2016-0577150,Davidson,Nashville,6/27/2016 5:34:00 PM,2,0,0,36.226310,-86.603190,SAUNDERSVILLE RD,,,,0.00,,,SHUTE LN,,,,0.00,Y,T-Intersection, ,,None,,,         ,Sandra,Talavera,,,no,no,no,no,no,False
101274751,METROPOLITAN NASHVILLE POLICE DEPT,20160580245,Davidson,Not in City Limit,6/28/2016 3:16:00 PM,1,1,0,36.018050,-86.708020,NOLENSVILLE PKE,,,,131.00,Feet,South,BROOKLAWN DR,,,,0.00,N,Not at Intersection,N,Non-Junction,None,,,         ,Jessie,Meadows,Clear,Not Collision with Motor Vehicle in Transport,no,no,no,no,no,False
101274758,GOODLETTSVILLE POLICE DEPT,16-22794,Davidson,Goodlettsville,6/28/2016 3:06:00 PM,2,0,0,36.323590,-86.705980,LONG HOLLOW PKE,,,,0.00,,,I65 S ENT RAMP,,,,0.00,Y,Four-Way, ,Intersection-Related,None,,,         ,Jeremy,Baker,Clear,Front to Rear,no,no,no,no,no,False
101274777,VANDERBILT UNIVERSITY POLICE,16-0580197,Davidson,Nashville,6/28/2016 1:15:00 PM,1,0,0,36.109440,-86.763860,POWELL AV,,,,1075.00,Feet,North,POWELL PL,,,,0.00,N,Not at Intersection, ,OtherLocation,None,,,         ,Cheryl,Bradley,Clear,Not Collision with Motor Vehicle in Transport,no,no,no,yes,no,OHO