master_record_number,agency,agency_tracking_number,county,city,collision_date,vehicles_involved,number_injured,number_dead,latitude,longitude,roadway_name,roadway_suffix,roadway_number,roadway_local_id,distance_from_reference,miles-feet_indicator,direction_from_reference,intersection_road_name,intersection_road_name_suffix,intersection_road_number,intersection_local_id,mile_marker,intersection_indicator,intersect_type,interchange_related_indicator,relation_to_junction,work_zone_type,construction_maintenance_zone,construction_maintenance_zone_location,fatal_case_number,officer_first_name,officer_last_name,weather_condition(s),manner_of_crash,pedestrian,bicycle,scooter,parking,hitrun,mou
101274782,METROPOLITAN NASHVILLE POLICE DEPT,2016-0576828,Davidson,Nashville,6/27/2016 4:20:00 PM,2,2,0,36.170810,-86.614830,DODSON CHAPEL RD,,,,32.00,Feet,South,WOODHAVEN CONDOS PVTDR,,,,0.00,N,Not at Intersection,N,Non-Junction,None,,,         ,Sandra,Talavera,Rain,HeadOn,no,no,no,no,no,False
101274788,METROPOLITAN NASHVILLE POLICE DEPT,2016-0575496,Davidson,Nashville,6/27/2016 7:15:00 AM,2,0,0,36.138010,-86.729850,MURFREESBORO PKE,,,,0.00,,,CRUTCHFIELD AV,,,,0.00,Y,T-Intersection,N,Intersection,None,,,         ,William,Whitworth,Cloudy,Angle,no,no,no,no,no,False
101274789,METROPOLITAN NASHVILLE POLICE DEPT,2016-0575737,Davidson,Nashville,6/27/2016 9:00:00 AM,2,0,0,36.087430,-86.692210,ANTIOCH PKE,,,,0.00,,,HARDING PL,,,,0.00,Y,Four-Way,N,Intersection,None,,,         ,William,Whitworth,Clear,Front to Rear,no,no,no,no,yes,False
101274790,METROPOLITAN NASHVILLE POLICE DEPT,2016-0579763,Davidson,Nashville,6/28/2016 11:35:00 AM,2,0,0,36.130060,-86.727050,I 24,,,,0.00,,,,,,,52.20,N,Not at Intersection, ,Non-Junction,None,,,         ,William,Whitworth,Clear,Front to Rear,no,no,no,no,no,False
101274791,METROPOLITAN NASHVILLE POLICE DEPT,20160576927,Davidson,Nashville,6/27/2016 4:49:00 PM,2,0,0,36.088610,-86.615370,CASTLEGATE DR,,,,256.00,Feet,South,SMITH SPRINGS RD,,,,0.00,N,Not at Intersection, ,Non-Junction,None,,,         ,Michael,Apsey,Rain,Angle,no,no,no,no,no,False
101274792,METROPOLITAN NASHVILLE POLICE DEPT,2016-0579886,Davidson,Nashville,6/28/2016 12:11:00 PM,2,0,0,0.000000,0.000000,,,I24,,100.00,Feet,South,,,,,52.00,N,Not at Intersection, ,Non-Junction,None,,,         ,William,Whitworth,Clear,Front to Rear,no,no,no,no,no,False
101274795,METROPOLITAN NASHVILLE POLICE DEPT,20160580183,Davidson,Nashville,6/28/2016 2:01:00 PM,2,0,0,36.167700,-86.779970,3RD AVN,,,,228.00,Feet,North,JAMES ROBERTSON PKWY,,,,0.00,N,Not at Intersection, ,Non-Junction,None,,,         ,David,Snowden,Clear,Front to Rear,no,no,no,no,no,False
101274810,METROPOLITAN NASHVILLE POLICE DEPT,20160580315,Davidson,Nashville,6/28/2016 2:50:00 PM,2,0,0,36.085550,-86.701840,I24 E EXT RAMP,,,,0.00,,,I 24,,,,0.00,Y,OTHER,N,Entrance/Exit Ramp Related,None,,,         ,Marcus,Darden,Clear,Front to Rear,no,no,no,no,no,False
101274814,METROPOLITAN NASHVILLE POLICE DEPT,2016-0570913,Davidson,Nashville,6/27/2016 12:00:00 AM,1,1,0,36.201230,-86.617760,TYLER DR,,,,0.00,,,LEBANON PKE,,,,0.00,Y,Four-Way,N,Intersection-Related,None,,,         ,Sandra,Talavera,Cloudy,Not Collision with Motor Vehicle in Transport,no,yes,no,no,yes,False
101274821,METROPOLITAN NASHVILLE POLICE DEPT,20160580218,Davidson,Nashville,6/28/2016 2:17:00 PM,2,0,0,36.036350,-86.790850,EASTPARK DR,,,,24.00,Feet,North,THOROUGHBRED LN,,,,0.00,N,Not at Intersection,N,Non-Junction,None,,,         ,Tien,Nguyen,Clear,Front to Rear,no,no,no,no,no,False
101274822,METROPOLITAN NASHVILLE POLICE DEPT,20160580384,Davidson,Nashville,6/28/2016 3:42:00 PM,2,1,0,36.115900,-86.785170,I 440,,,,0.00,,,,,,,4.25,N,Not at Intersection,N,Entrance/Exit Ramp Related,None,,,         ,Tien,Nguyen,Clear,Front to Rear,no,no,no,no,no,False
101274823,METROPOLITAN NASHVILLE POLICE DEPT,20160580369,Davidson,Nashville,6/28/2016 3:32:00 PM,2,0,0,36.115880,-86.784800,I 440,,,,0.00,,,,,,,4.25,N,Not at Intersection,N,Entrance/Exit Ramp Related,None,,,         ,Tien,Nguyen,Clear,Front to Rear,no,no,no,no,no,False
101274824,BERRY HILL POLICE DEPT,16-2307,Davidson,Berry Hill,6/28/2016 3:00:00 PM,2,0,0,36.123190,-86.765530,BRANSFORD AV,,,,127.00,Feet,South,FESSEY PARK RD,,,,0.00,N,Not at Intersection, ,OtherLocation,None,,,         ,Monty,Sands,Clear,Other,no,no,no,yes,no,False
101274826,METROPOLITAN NASHVILLE POLICE DEPT,2016-0580350,Davidson,Nashville,6/28/2016 3:31:00 PM,1,1,0,36.141930,-86.857510,WHITE BRIDGE PKE,,,,202.00,Feet,North,OAKMONT CIR,,,,0.00,N,Not at Intersection,N,Non-Junction,None,,,         ,Walter,Gray II,Cloudy,Not Collision with Motor Vehicle in Transport,no,no,no,no,no,False
101274829,METROPOLITAN NASHVILLE POLICE DEPT,20160580497,Davidson,Nashville,6/28/2016 4:13:00 PM,2,0,0,36.077430,-86.920080,OLD HICKORY BLVD,,,,86.00,Feet,South,BELLE FOREST CONDOS PVTDR,,,,0.00,N,Not at Intersection, ,Non-Junction,None,,,         ,Brandon,Pedigo,Cloudy,Angle,no,no,no,no,no,False
101274834,METROPOLITAN NASHVILLE POLICE DEPT,20160576971,Davidson,Nashville,6/27/2016 5:03:00 PM,3,2,0,36.131370,-86.773870,I 65,,,,0.00,,,,,,,81.15,N,Not at Intersection,N,Non-Junction,None,,,         ,John,Stanfield,Rain,Front to Rear,no,no,no,no,no,False
101274839,METROPOLITAN NASHVILLE POLICE DEPT,20160580317,Davidson,Nashville,6/28/2016 3:19:00 PM,2,0,0,36.121610,-86.806400,I440 E ENT RAMP,,,,0.00,Feet,East,I 440,,,,0.00,N,Not at Intersection, ,Entrance/Exit Ramp Related,None,,,         ,Ralph,Smith IV,Clear,Front to Rear,no,no,no,no,no,False
101274859,METROPOLITAN NASHVILLE POLICE DEPT,20160580483,Davidson,Nashville,6/28/2016 4:12:00 PM,2,0,0,36.142380,-86.699650,I40 E EXT RAMP,,,,209.00,Feet,West,BRILEY PKWYS,,,,0.00,N,Not at Intersection, ,,None,,,         ,Thomas,Barnes,,,no,no,no,no,no,False
101274860,METROPOLITAN NASHVILLE POLICE DEPT,20160580668,Davidson,Nashville,6/28/2016 5:48:00 PM,2,0,0,36.124270,-86.744350,I 440,,,,0.00,,,,,,,6.60,N,Not at Intersection, ,Non-Junction,None,,,         ,Jessie,Meadows,Rain,Front to Rear,no,no,no,no,no,False
101274866,METROPOLITAN NASHVILLE POLICE DEPT,20160580707,Davidson,Nashville,6/28/2016 5:37:00 PM,2,1,0,36.116410,-86.697360,MURFREESBORO PKE,,,,0.00,,,MCGAVOCK PKE,,,,0.00,Y,Four-Way,N,Intersection,None,,,         ,David,Hughes,Cloudy,Front to Rear,no,no,no,no,no,False
101274867,METROPOLITAN NASHVILLE POLICE DEPT,20160580679,Davidson,Nashville,6/28/2016 5:25:00 PM,2,0,0,36.143210,-86.685750,I 40,,,,0.00,,,,,,,215.55,N,Not at Intersection,N,Non-Junction,None,,,         ,Marcus,Mitchell,Rain,Front to Rear,no,no,no,no,no,False
101274870,METROPOLITAN NASHVILLE POLICE DEPT,20160580460,Davidson,Nashville,6/28/2016 4:00:00 PM,2,0,0,36.173150,-86.799660,I65 N ENT RAMP,,,,0.00,,,I 40,,,,0.00,Y,OTHER, ,Entrance/Exit Ramp Related,None,,,         ,Zachary,Ronan,Clear,Front to Rear,no,no,no,no,no,False
101274873,METROPOLITAN NASHVILLE POLICE DEPT,20160580780,Davidson,Nashville,6/28/2016 4:59:00 PM,2,0,0,36.158130,-86.791190,I 40,,,,0.00,,,,,,,209.00,N,Not at Intersection, ,Non-Junction,None,,,         ,Megan,Lamon,Clear,Front to Rear,no,no,no,no,yes,False
101274874,METROPOLITAN NASHVILLE POLICE DEPT,20160580625,Davidson,Nashville,6/28/2016 5:07:00 PM,2,1,0,36.214000,-86.764730,ROCK ST,,,,100.00,Feet,West,DICKERSON PKE,,,,0.00,N,Not at Intersection,N,Non-Junction,None,,,         ,Charles,Wakefield,Clear,Front to Rear,no,no,no,no,no,False
101274875,METROPOLITAN NASHVILLE POLICE DEPT,20160580643,Davidson,Nashville,6/28/2016 3:40:00 PM,2,0,0,36.142710,-86.776800,I 65,,,,0.00,,,,,,,82.00,N,Not at Intersection,N,Non-Junction,None,,,         ,Charles,Griffin,Clear,Front to Rear,no,no,no,no,yes,False
101274876,METROPOLITAN NASHVILLE POLICE DEPT,20160580636,Davidson,Nashville,6/28/2016 5:04:00 PM,3,2,0,36.142140,-86.710920,I 40,,,,0.00,,,,,,,214.15,N,Not at Intersection,N,Non-Junction,None,,,         ,Thomas,Barnes,Rain,Front to Rear,no,no,no,no,no,False
101274877,METROPOLITAN NASHVILLE POLICE DEPT,2016-0580256,Davidson,Nashville,6/28/2016 3:00:00 PM,2,0,0,36.172840,-86.765340,S 5TH ST,,,,0.00,,,MAIN ST,,,,0.00,Y,Four-Way, ,Intersection-Related,None,,,         ,John,Roberson,Clear,Front to Rear,no,no,no,no,no,False
101274882,METROPOLITAN NASHVILLE POLICE DEPT,20160580538,Davidson,Nashville,6/28/2016 4:35:00 PM,2,2,0,36.113320,-86.803140,WOODMONT BLVD,,,,0.00,,,AMANDA AV,,,,0.00,Y,Four-Way,N,Intersection-Related,None,,,         ,Ralph,Smith IV,Clear,Angle,no,no,no,no,no,False
101274889,METROPOLITAN NASHVILLE POLICE DEPT,20160580815,Davidson,Nashville,6/28/2016 5:48:00 PM,2,0,0,36.160720,-86.855570,TENNESSEE AV,,,,0.00,Feet,,56TH AVN,,,,0.00,Y,Four-Way, ,Intersection,None,,,         ,Torian,Cox,Clear,"Sideswipe, Opposite Direction",no,no,no,no,yes,False
101274892,VANDERBILT UNIVERSITY POLICE,16-0580763,Davidson,Nashville,6/28/2016 5:30:00 PM,2,0,0,36.139510,-86.803440,PIERCE AV,,,,245.00,Feet,North,CHILDRENS WAY,,,,0.00,N,Not at Intersection, ,Non-Junction,None,,,         ,James,Goolsby,Clear,Front to Rear,no,no,no,yes,no,Campus
101274895,METROPOLITAN NASHVILLE POLICE DEPT,20160580806,Davidson,Nashville,6/28/2016 6:00:00 PM,2,0,0,36.169770,-86.673060,LEBANON PKE,,,,0.00,,,OLD LEBANON PKE,,,,0.00,Y,T-Intersection, ,Intersection,None,,,         ,John,Kelley,Cloudy,Front to Rear,no,no,no,no,no,False
101274901,METROPOLITAN NASHVILLE POLICE DEPT,20160580858,Davidson,Nashville,6/28/2016 5:25:00 PM,2,0,0,36.099310,-86.672510,EZELL PKE,,,,297.00,Feet,North,SOUTHWIND DR,,,,0.00,N,Not at Intersection, ,Non-Junction,None,,,         ,Marcus,Darden,Rain,Front to Rear,no,no,no,no,no,False
101274907,METROPOLITAN NASHVILLE POLICE DEPT,20160580731,Davidson,Nashville,6/28/2016 5:30:00 PM,2,0,0,36.061010,-86.914160,HIGHWAY 100,,,,597.00,Feet,East,OLD HICKORY BLVD,,,,0.00,N,Not at Intersection, ,Non-Junction,None,,,         ,Mark,Hatt,Rain,Front to Rear,no,no,no,no,no,False
101274909,METROPOLITAN NASHVILLE POLICE DEPT,20160577990,Davidson,Nashville,6/27/2016 12:00:00 AM,1,0,0,36.214710,-86.604720,SHUTE LN,,,,0.00,,,LEBANON PKE,,,,0.00,Y,T-Intersection,N,Intersection-Related,None,,,         ,Codey,Mullins,Cloudy,Not Collision with Motor Vehicle in Transport,no,no,no,no,yes,False
101274910,METROPOLITAN NASHVILLE POLICE DEPT,20160577567,Davidson,Antioch,6/27/2016 6:55:00 PM,2,0,0,36.066740,-86.599610,TRU LONG DR,,,,90.00,Feet,South,MT VIEW RD,,,,0.00,N,Not at Intersection,N,Non-Junction,None,,,         ,Joseph,Progar,Rain,Rear to Rear,no,no,no,no,yes,False
101274911,METROPOLITAN NASHVILLE POLICE DEPT,20160574326,Davidson,Nashville,6/26/2016 9:15:00 PM,1,1,0,36.208870,-86.769700,GRIZZARD AV,,,,0.00,,,,,,,0.00,,,N,Non-Junction,None,,,         ,Christopher,Valdez,Cloudy,Not Collision with Motor Vehicle in Transport,yes,no,no,yes,yes,False
101274912,METROPOLITAN NASHVILLE POLICE DEPT,20160580778,Davidson,Nashville,6/28/2016 5:21:00 PM,2,2,0,36.169850,-86.763510,S 5TH ST,,,,0.00,,,FATHERLAND ST,,,,0.00,Y,Four-Way,N,Intersection,None,,,         ,Christopher,Valdez,Cloudy,Angle,no,no,no,no,no,False
101274913,METROPOLITAN NASHVILLE POLICE DEPT,20160580825,Davidson,Nashville,6/28/2016 5:50:00 PM,2,0,0,36.145980,-86.753910,MURFREESBORO PKE,,,,0.00,,,EXPRESSWAY PARK DR,,,,0.00,Y,Four-Way,N,Intersection,None,,,         ,Kevin,Keating,Cloudy,Front to Rear,no,no,no,no,no,False
101274914,METROPOLITAN NASHVILLE POLICE DEPT,20160580888,Davidson,Nashville,6/28/2016 6:38:00 PM,2,1,0,36.082040,-86.761740,I65 N EXT RAMP,,,,0.00,,,SIDCO DR,,,,0.00,Y,Four-Way,N,Entrance/Exit Ramp Related,None,,,         ,Tien,Nguyen,Clear,Front to Rear,no,no,no,no,no,False
101274916,METROPOLITAN NASHVILLE POLICE DEPT,20160580943,Davidson,Nashville,6/28/2016 6:27:00 PM,2,0,0,36.097140,-86.738170,NOLENSVILLE PKE,,,,230.00,Feet,South,VERITAS ST,,,,0.00,N,Not at Intersection, ,,None,,,         ,Charles,Griffin,,,no,no,no,no,no,False
101274917,METROPOLITAN NASHVILLE POLICE DEPT,20160580912,Davidson,Nashville,6/28/2016 6:30:00 PM,2,0,0,36.089260,-86.702700,I 24,,,,0.00,,,,,,,55.45,N,Not at Intersection, ,Non-Junction,None,,,         ,David,Hughes,Clear,Front to Rear,no,no,no,no,yes,False
101274918,METROPOLITAN NASHVILLE POLICE DEPT,20160580714,Davidson,Nashville,6/28/2016 5:36:00 PM,3,0,0,36.187370,-86.794780,I 65,,,,0.00,,,,,,,85.40,N,Not at Intersection,Y,Non-Junction,None,,,         ,Christopher,Templin,Clear,Front to Rear,no,no,no,no,no,False
101274923,METROPOLITAN NASHVILLE POLICE DEPT,20160580665,Davidson,Nashville,6/28/2016 5:11:00 PM,2,0,0,36.130560,-86.803350,BLAIR BLVD,,,,400.00,Feet,West,21ST AVS,,,,0.00,N,Not at Intersection,N,Non-Junction,None,,,         ,Tien,Nguyen,Clear,Front to Rear,no,no,no,no,yes,False
101274925,METROPOLITAN NASHVILLE POLICE DEPT,20160580282,Davidson,Nashville,6/28/2016 2:25:00 PM,3,0,0,36.150190,-86.794480,18TH AVS,,,,25.00,Feet,South,ROY ACUFF PL,,,,0.00,N,Not at Intersection,N,Non-Junction,None,,,         ,Maria,Cortez,Clear,Angle,no,no,no,no,yes,False
101274935,METROPOLITAN NASHVILLE POLICE DEPT,20160581128,Davidson,Nashville,6/28/2016 5:38:00 PM,2,0,0,36.044770,-86.661530,CANE RIDGE RD,,,,0.00,,,BELL RD,,,,0.00,Y,Four-Way, ,Intersection,None,,,         ,Kevin,Keating,Cloudy,Front to Rear,no,no,no,no,no,False
101274936,METROPOLITAN NASHVILLE POLICE DEPT,20160580891,Davidson,Nashville,6/28/2016 5:12:00 PM,2,0,0,36.142870,-86.810160,NATCHEZ TRC,,,,65.00,Feet,South,JESS NEELY DR,,,,0.00,N,Not at Intersection,N,Non-Junction,None,,,         ,Eric,Burford,Clear,Front to Rear,no,no,no,no,yes,Campus
101274942,METROPOLITAN NASHVILLE POLICE DEPT,2016-0575685,Davidson,Nashville,6/27/2016 9:18:00 AM,2,0,0,36.151020,-86.702880,ELM TREE DR,,,,671.00,Feet,East,APPLETON DR,,,,0.00,N,Not at Intersection, ,Non-Junction,None,,,         ,Jeb,Johnston,Cloudy,Angle,no,no,no,no,no,False
101274943,METROPOLITAN NASHVILLE POLICE DEPT,20160576598,Davidson,Goodlettsville,6/27/2016 2:57:00 PM,4,1,0,36.302750,-86.691850,GALLATIN PKEN,,,,0.00,,,CONFERENCE DR,,,,0.00,Y,Four-Way,Y,Intersection-Related,None,,,         ,Samuel,Miller,Cloudy,Front to Rear,no,no,no,no,no,False
101274944,METROPOLITAN NASHVILLE POLICE DEPT,20160580431,Davidson,Nashville,6/28/2016 3:59:00 PM,2,0,0,36.252250,-86.693900,NEELYS BEND RD,,,,0.00,,,RANDY RD,,,,0.00,Y,T-Intersection,Y,Intersection-Related,None,,,         ,Samuel,Miller,Cloudy,Angle,no,no,no,no,no,False
101274947,GOODLETTSVILLE POLICE DEPT,16-22817,Davidson,Goodlettsville,6/28/2016 4:20:00 PM,1,1,0,36.327788,-86.714447,DICKERSON,PIKE,US31W/41,NORTH MAIN,130.00,Feet,South,LINDBERG,AVE,,,0.00,N,Not at Intersection,N,Non-Junction,None,,,         ,Charles,Hauskin,Clear,Not Collision with Motor Vehicle in Transport,yes,no,no,no,no,False
101274963,METROPOLITAN NASHVILLE POLICE DEPT,20160580770,Davidson,Nashville,6/28/2016 5:58:00 PM,2,0,0,36.160240,-86.773140,1ST AVS,,,,0.00,,,DEMONBREUN ST,,,,0.00,Y,T-Intersection, ,Intersection,None,,,         ,Jason,King,Clear,"Sideswipe, Same Direction",no,no,no,no,no,False
101274968,METROPOLITAN NASHVILLE POLICE DEPT,20160573968,Davidson,Nashville,6/26/2016 6:20:00 PM,2,0,0,36.040330,-86.768360,SEVEN SPRINGS WAY,,,,21.00,Feet,North,OLD HICKORY BLVD,,,,0.00,N,Not at Intersection, ,Non-Junction,None,,,         ,Miguel,Garcia,Clear,Front to Rear,no,no,no,no,no,False
101274975,METROPOLITAN NASHVILLE POLICE DEPT,20160580786,Davidson,Not in City Limit,6/28/2016 5:50:00 PM,2,1,0,36.083380,-86.998410,NEWSOM STATION RD,,,,1416.00,Feet,West,MERRYMOUNT DR,,,,0.00,N,Not at Intersection,N,Non-Junction,None,,,         ,Barrett,Teague,Rain,Angle,no,no,no,no,no,False
101274976,METROPOLITAN NASHVILLE POLICE DEPT,20160581077,Davidson,Nashville,6/28/2016 6:25:00 PM,2,0,0,36.112200,-86.922740,I40 W EXT RAMP,,,,0.00,,,I 40,,,,0.00,Y,T-Intersection,Y,Entrance/Exit Ramp Related,None,,,         ,Barrett,Teague,Clear,Front to Rear,no,no,no,no,yes,False
101274981,METROPOLITAN NASHVILLE POLICE DEPT,20160580583,Davidson,Nashville,6/28/2016 4:52:00 PM,3,0,0,36.148980,-86.667210,ELM HILL PKE,,,,281.00,Feet,West,DONELSON PKE,,,,0.00,N,Not at Intersection, ,Non-Junction,None,,,         ,Patrick,Taylor,Cloudy,Front to Rear,no,no,no,no,no,False
101274988,METROPOLITAN NASHVILLE POLICE DEPT,20160580655,Davidson,Nashville,6/28/2016 5:21:00 PM,2,0,0,36.235950,-86.796740,BRILEY PKWYE,,,,269.00,Feet,North,BRILEY PKWYW,,,,0.00,N,Not at Intersection, ,Non-Junction,Construction Zone,,,         ,Michael,Brooks,Clear,Front to Rear,no,no,no,no,no,False
101274989,METROPOLITAN NASHVILLE POLICE DEPT,20160580761,Davidson,Nashville,6/28/2016 5:34:00 PM,2,0,0,36.150080,-86.822420,I 440,,,,0.00,,,,,,,1.45,N,Not at Intersection,N,Non-Junction,None,,,         ,Michael,Brooks,Clear,Front to Rear,no,no,no,no,no,False
101274992,METROPOLITAN NASHVILLE POLICE DEPT,20160581114,Davidson,Nashville,6/28/2016 7:57:00 PM,3,0,0,36.233140,-86.758660,MAPLEWOOD TRC,,,,0.00,,,DICKERSON PKE,,,,0.00,,Not at Intersection,N,Non-Junction,None,,,         ,Joshua,Lippert,Clear,Angle,no,no,no,yes,yes,False
101274993,METROPOLITAN NASHVILLE POLICE DEPT,20160580919,Davidson,Nashville,6/28/2016 6:49:00 PM,2,0,0,36.160830,-86.760590,I 24,,,,0.00,,,,,,,49.40,N,Not at Intersection,N,Non-Junction,None,,,         ,Jason,King,Clear,Front to Rear,no,no,no,no,no,False
101274998,METROPOLITAN NASHVILLE POLICE DEPT,20160580544,Davidson,Not in City Limit,6/28/2016 4:36:00 PM,2,0,0,36.269370,-86.736580,I 65,,,,0.00,,,,,,,92.60,N,Not at Intersection, ,Non-Junction,None,,,         ,Samuel,Miller,Rain,Front to Rear,no,no,no,no,no,False
101274999,METROPOLITAN NASHVILLE POLICE DEPT,20160580685,Davidson,Nashville,6/28/2016 5:15:00 PM,2,0,0,36.254740,-86.715490,GALLATIN PKES,,,,120.00,Feet,South,MADISON BLVD,,,,0.00,N,Not at Intersection,N,Non-Junction,None,,,         ,Samuel,Miller,Cloudy,Angle,no,no,no,no,yes,False
101275003,METROPOLITAN NASHVILLE POLICE DEPT,2016-0578542,Davidson,Nashville,6/28/2016 3:00:00 AM,2,0,0,36.170400,-86.768450,WOODLAND ST,,,,0.00,,,INTERSTATE DR,,,,0.00,Y,Four-Way,N,Intersection,None,,,         ,Travis,Baxter,Clear,Angle,no,no,no,no,no,False
101275004,METROPOLITAN NASHVILLE POLICE DEPT,20160581403,Davidson,Nashville,6/28/2016 9:19:00 PM,2,0,0,36.146870,-86.793800,MUSIC SQS,,,,0.00,,,MUSIC SQW,,,,0.00,Y,Four-Way, ,Intersection-Related,None,,,         ,Tien,Nguyen,Clear,Angle,no,no,no,no,no,Campus
101275006,METROPOLITAN NASHVILLE POLICE DEPT,20160580734,Davidson,Nashville,6/28/2016 5:40:00 PM,3,0,0,36.146160,-86.777020,I40 E ENT RAMP,,,,0.00,,,I 65,,,,0.00,Y,OTHER,N,Non-Junction,None,,,         ,Eric,Thomas,Clear,Front to Rear,no,no,no,no,no,False
101275011,METROPOLITAN NASHVILLE POLICE DEPT,2016-0580783,Davidson,Nashville,6/28/2016 5:41:00 PM,1,0,0,36.042210,-86.782020,I 65,,,,0.00,,,,,,,74.80,N,Not at Intersection,N,Non-Junction,None,,,         ,William,King,Clear,Not Collision with Motor Vehicle in Transport,no,no,no,no,no,False
101275026,METROPOLITAN NASHVILLE POLICE DEPT,2016-0580648,Davidson,Nashville,6/28/2016 5:13:00 PM,4,0,0,36.226310,-86.603190,SAUNDERSVILLE RD,,,,0.00,,,SHUTE LN,,,,0.00,Y,T-Intersection,N,Intersection,None,,,         ,Sandra,Talavera,Rain,Front to Rear,no,no,no,no,yes,False
101275034,METROPOLITAN NASHVILLE POLICE DEPT,20160578037,Davidson,Nashville,6/27/2016 10:25:00 PM,2,0,0,36.157090,-86.760450,I40 W ENT RAMP,,,,121.00,Feet,South,I 24,,,,0.00,N,Not at Intersection,N,Non-Junction,None,,,         ,Darrien,Spann,Clear,Front to Rear,no,no,no,no,no,False
101275035,METROPOLITAN NASHVILLE POLICE DEPT,20160580799,Davidson,Nashville,6/28/2016 5:26:00 PM,1,2,0,36.068660,-86.676830,RICHARDS RD,,,,174.00,Feet,West,WAIKIKI BLVD,,,,0.00,N,Not at Intersection,N,Non-Junction,None,,,         ,Nakia,Reid,Rain,Not Collision with Motor Vehicle in Transport,no,no,no,no,no,False
101275037,METROPOLITAN NASHVILLE POLICE DEPT,2016568123,Davidson,Nashville,6/24/2016 5:34:00 PM,2,0,0,36.164570,-86.776910,CHURCH ST,,,,0.00,,,2ND AVN,,,,0.00,Y,OTHER,N,Non-Junction,None,,,         ,Jacob,Paul,Clear,Rear to Side,no,no,no,no,no,False
101275054,METROPOLITAN NASHVILLE POLICE DEPT,20160580867,Davidson,Nashville,6/28/2016 6:20:00 PM,2,0,0,36.242730,-86.736090,WORTH ST,,,,0.00,,,,,,,0.00,,,N,Non-Junction,None,,,         ,Samuel,Miller,Cloudy,Rear to Side,no,no,no,yes,yes,False
101275055,METROPOLITAN NASHVILLE POLICE DEPT,20160580942,Davidson,Not in City Limit,6/28/2016 6:54:00 PM,2,0,0,36.262360,-86.712160,GALLATIN PKES,,,,50.00,Feet,North,E OLD HICKORY BLVD,,,,0.00,N,Not at Intersection, ,Non-Junction,None,,,         ,Samuel,Miller,Clear,"Sideswipe, Same Direction",no,no,no,no,no,False
101275073,METROPOLITAN NASHVILLE POLICE DEPT,20160580934,Davidson,Nashville,6/28/2016 6:30:00 PM,2,0,0,36.148060,-86.641380,I 40,,,,0.00,,,,,,,218.15,N,Not at Intersection,Y,Non-Junction,None,,,         ,Marcus,Mitchell,Clear,"Sideswipe, Same Direction",no,no,no,no,yes,False
101275097,METROPOLITAN NASHVILLE POLICE DEPT,20160581092,Davidson,Nashville,6/28/2016 7:42:00 PM,2,1,0,36.072570,-86.662390,RADER RIDGE RD,,,,34.00,Feet,South,COUNTRYSIDE DR,,,,0.00,N,Not at Intersection,N,Non-Junction,None,,,         ,David,Hughes,Clear,Front to Rear,no,no,no,no,no,False
101275103,METROPOLITAN NASHVILLE POLICE DEPT,20160581655,Davidson,Nashville,6/28/2016 11:05:00 PM,2,0,0,36.162190,-86.798000,JO JOHNSTON AV,,,,0.00,,,16TH AVN,,,,0.00,Y,Four-Way,N,Intersection,None,,,         ,Benjamin,Cole,Clear,Angle,no,no,no,no,yes,False
101275115,BELLE MEADE POLICE DEPT,2016-179,Davidson,Belle Meade,6/28/2016 11:41:00 PM,1,0,0,36.086250,-86.857960,HERBERT PL,,,,200.00,Feet,North,GEORGIAN PL,,,,0.00,N,Not at Intersection,N,Non-Junction,None,,,         ,Mack,Mangrum,Clear,Not Collision with Motor Vehicle in Transport,no,no,no,no,no,False
101275121,METROPOLITAN NASHVILLE POLICE DEPT,20160581780,Davidson,Nashville,6/28/2016 11:52:00 PM,2,0,0,36.118850,-86.747470,ELBERTA ST,,,,0.00,,,,,,,0.00,,,N,Non-Junction,None,,,         ,Ethan,Luffman,Clear,Front to Rear,no,no,no,yes,no,False
101275127,METROPOLITAN NASHVILLE POLICE DEPT,20160581911,Davidson,Nashville,6/29/2016 12:50:00 AM,2,1,0,36.205710,-86.777990,I65 S ENT RAMP,,,,0.00,,,I 65,,,,0.00,Y,OTHER,N,Intersection,None,,,         ,Geoffrey,Daugherty,Clear,HeadOn,no,no,no,no,no,False
101275141,METROPOLITAN NASHVILLE POLICE DEPT,20160581584,Davidson,Nashville,6/28/2016 11:40:00 PM,2,4,0,36.176880,-86.776180,SPRING ST,,,,0.00,,,COWAN ST,,,,0.00,Y,Four-Way,N,Intersection,None,,,         ,Kelcey,Bell,Clear,Front to Rear,no,no,no,no,yes,False
101275152,METROPOLITAN NASHVILLE POLICE DEPT,20160580545,Davidson,Nashville,6/28/2016 4:21:00 PM,2,0,0,36.130790,-86.817610,I 440,,,,0.00,,,,,,,1.95,N,Not at Intersection, ,Non-Junction,None,,,         ,Kristen,Morgan,Cloudy,Angle,no,no,no,no,no,False
101275191,METROPOLITAN NASHVILLE POLICE DEPT,20160582720,Davidson,Nashville,6/29/2016 7:09:00 AM,2,0,0,36.087450,-86.730820,NOLENSVILLE PKE,,,,272.00,Feet,North,ELYSIAN FIELDS CT,,,,0.00,N,Not at Intersection, ,Non-Junction,None,,,         ,Nathan,Kemp,Clear,Angle,no,no,no,no,no,False
101275197,METROPOLITAN NASHVILLE POLICE DEPT,20160582761,Davidson,Nashville,6/29/2016 7:30:00 AM,2,0,0,36.154600,-86.786200,12TH AVS,,,,0.00,,,DEMONBREUN ST,,,,0.00,Y,Four-Way, ,Intersection,None,,,         ,Kimberly,Annson,Clear,Front to Rear,no,no,no,no,no,False